X1,X2,X3,X4,X5,X6
9.421925932367886,1.5055815172921387,1.0835968038767483,-0.008689176224598416,15.518277402634915,-2.545361434761462
0.7748004274116224,2.799373655351898,2.031166470835351,7.36444253255621,16.572649041745002,11.764491098777889
-0.9929993350504831,-1.4892366593934825,-0.6501406376351403,-2.5265848505525095,-3.742734418273385,-1.2079205487727838
-0.2989604978107309,0.7861165901844298,0.5456111456654861,14.937725171928994,16.305292094571975,14.53889778980233
1.021477869693114,-3.0272174396684988,-1.3220886467008606,-2.453551933753797,-1.370418712228573,-0.8883474177498114
0.6853335874702642,-0.5137184759737775,-0.14580353993933062,10.773272726911546,4.7615492146446705,6.424438373096165
2.0119491489506176,-0.12980761851755543,0.80343537130082,-1.1079086071189208,-0.5487130449782023,1.4365184231161514
-1.4987865943259155,-0.04959136986548021,0.2150673730471629,-1.7431804989905881,-3.8175654161214476,-0.26749781396532696
0.8995933063700946,0.3441984736335313,0.73651018154377,3.08088324088492,-1.7385180747632825,4.233871641422546
-0.22837681633124296,2.0708137289838637,1.5092533911607862,-0.024934543631811513,-0.9819931884198747,1.2752987681345433
3.0614570160500376,-1.3464263450285558,-0.5767564465721067,-0.45372872797870056,4.036663362387382,-2.7957321006052136
-1.7830444550743678,-0.8546765479915776,-0.33635654344103366,-0.42686848362891205,-4.550889764514934,0.521638870831461
-1.0852123277591397,-0.2143065769398924,-0.19374954726747232,15.467711080194302,-2.4554496672098582,5.868132382087019
7.789662669398373,19.3594985326372,9.570724859485306,2.0358270796640774,29.387147523619365,10.434372500585603
-1.2491011095165065,13.43726508629506,6.534580557657175,-1.4331643108824215,-1.461622549846548,2.2722327559953372
0.8562917543755499,3.0561484414571183,1.8209136073506818,4.750315609160389,0.05298686455848889,1.2284699147049152
-0.7786491342448365,-1.3173265005040788,-0.5655914229308624,-0.8529753461295457,-1.2047003337048254,9.101792626633397
-0.2484131290615834,10.695943358479703,5.4717001556275795,-1.347069170265463,-0.31022735044575456,3.6253565814661233
2.297165768906005,16.41436640155884,7.950839156490767,10.784036341915543,15.294729742285165,12.14944563179115
-0.6632470546697946,9.226476551909572,4.747743429803209,20.456137956833057,-1.0369391891297384,3.7826462175025872
14.918330556392602,4.483938174698857,1.979111296914698,-1.0874265708529174,24.67621953490442,-0.6701424922270756
4.185193950256533,-0.483346904348175,-0.14523172399491338,3.3429603640871326,9.252247377004831,2.05211669567939
-1.3216281984857856,24.09194357109275,11.634165672969397,-1.172269527063653,-0.567653677231456,9.364533685847771
-0.5573110019856097,-1.0402617641916396,-0.44497421890494215,-0.9371932253045032,-1.7031710138724017,-0.37452065740262164
1.5381044984999663,6.251754189923154,2.932816582199374,12.20295284138641,6.932298206279706,2.358567629071903
-0.2021594629969611,-0.20725465926129952,-0.05136783747147351,4.864045384359451,7.715816222888861,-1.1649476919027968
5.164866952770599,7.954214894979154,3.9551222101717247,0.5412509523206955,19.636797175350136,4.471866348332966
-1.962947217506978,1.3656726103501162,1.066647738133298,2.823897523727176,-3.6874748962376325,1.4520750022331643
0.8490887136549337,-0.3142999968553379,-0.22845829328356193,19.41777031241102,6.396855973857961,5.901806360030619
-0.4007806046632137,-1.6706697328591429,-0.7028036660317112,-1.0111516482781757,-1.9490442777922223,-1.9326298357718017
5.0116932148867335,2.7304835132830663,1.7875720893872287,-4.347575284716987,13.803634509723093,-0.04929402679508646
1.2342237931025626,22.1800464992167,10.830073245133795,14.454488563234355,18.630681638413684,7.018851615004564
1.0635039907667614,-0.7258172463548447,-0.349826591572338,-1.177244799742118,5.258499411220591,3.295058762411265
1.0262292353834428,2.179219110561769,1.1827957368732225,0.5165782135855639,-0.010677415535527257,2.021537301422563
-0.2869230406758997,-0.5551400578631602,-0.1952253685973475,3.8753762700347876,-0.2437643061140971,4.078079019037669
-1.1460749021630525,3.694076307963586,2.1676996980454355,-0.13854555477756017,-3.318332075222161,2.3598903962168025
-0.16623191677850252,20.356803913004125,9.843883045812039,5.0766506239171,4.540751947647001,3.5600476978557243
2.186804153003014,-1.35860643431216,-0.6272622368269546,9.438029836005697,0.6791035655778989,-1.0770880787737944
3.6263339627956857,6.210775507745689,3.351168686641355,-1.1104895808249082,9.739933272530449,-0.22028973363635332
4.431176640379256,-0.35195995342043673,-0.2165431620387472,5.698469889115457,1.9930038199029125,-0.8035493548992183
1.548703465757547,-1.547521465496576,-0.5821005737372325,1.7821879490091548,-1.9896338756013219,-0.5744440043882074
-1.5703984905388817,-0.5802493880707024,-0.20505270108352425,-1.2492879848719185,-2.043241091352449,3.7886935605336634
2.388688607117265,-1.9483928351852822,-0.9510684291232409,4.5804214089816035,0.4140495016666781,-0.4373269144592065
-0.17598495137192943,8.30790330977021,4.004076970065481,0.5869467057041489,2.935242528866962,6.644277802007825
6.680476837888619,-1.003723033588253,-0.4693203067854672,10.660342917198024,12.576009383124958,4.470604381026351
11.572789976880959,3.553520441903923,1.8472384236698522,-0.5052100103753798,19.027053923439116,-2.291396512220885
-0.8162467449365839,-2.751907547294122,-1.2417736283142808,-3.9604892903901217,-5.892408192261294,-1.3830165187868833
0.4028320905299563,3.071419064560191,1.5941687677226346,-0.09053122822318033,-1.0494119971849372,-0.522060059215066
-0.12621406654612183,9.291741780472094,4.910552070318218,1.1822856599174123,9.39935289394885,-1.565927971231507
7.798408182134024,7.426905433229561,4.074337363854942,-0.24411887045623804,18.358843898712667,3.547047783619732
-0.14380202265358186,4.408108597898176,2.4870866858903597,1.9033622992358252,-0.3989921762916844,-0.003970019409455717
2.2193129463174626,-0.28070695455256056,-0.08153866074622972,6.323044384461416,6.872318962864717,0.48290186046145744
5.103132294980115,8.065702131332122,3.3894489953572937,6.5126117187340276,11.373002183827827,-0.7528863051586774
0.8945160910068506,-0.4178852672447705,-0.12465513742825302,-0.4160124917891924,-0.5409595032409776,-0.07740584465000358
-0.006251599390752417,-1.1986317026533495,-0.48477685358845934,-1.5483050307801753,-1.6724424147536638,-1.4116800743820666
3.0648229311375204,5.306995064274111,2.6443093597411695,4.715909293880631,3.6490081414143045,4.016440398553831
1.0347617420275466,17.118569449128266,7.752775517267921,9.743413107575078,20.73454087649632,27.468095102882383
-0.19108280153127125,-0.5574413693369306,-0.19729354541057664,4.637348286861131,-1.642887483826069,-1.3441855109725773
12.694585305516325,8.181479781445466,4.771658535623803,-0.23689428294407083,36.26395124852241,-0.11781646047501555
1.3454510035916827,0.7950146182332058,0.9759475079857234,15.211753357272972,1.116006561237241,4.977144848788061
4.492367556903446,6.520683974381935,3.402845969305363,13.45470669214724,11.658897329097734,5.140773224326069
0.8042718261361061,2.2183124061872235,1.3201856687975568,5.814688720983937,-0.7333855484368668,-2.1222028838876326
1.9824522076933502,14.98258299737504,7.22139018955496,7.438531066530774,12.597839928748446,-0.397666885635844
14.563542898205702,15.761339508962108,7.760319490010443,9.965458470099081,32.2682628681792,8.308181490292965
-0.23066682535836358,13.270897218763551,6.769925523547128,-0.11976831127034854,0.6171931235528815,6.372011272392555
6.674823272331935,5.180881275440631,2.9217874666536394,-0.26571261166842475,15.531162350359468,2.9530878621497436
3.2759928601546555,24.30255869653194,11.561237926638514,12.828183855614363,25.3732567165484,19.852675908179865
2.534790199871296,11.609432093634046,5.449011813727339,12.262207091300581,8.26837792710258,6.207827690239803
-1.311733009444577,-0.1368253759510089,-0.0626297345521208,8.650939164730605,-4.582522954929077,-0.37818735316132396
1.0029857626104275,3.7622652608555693,2.1070635476015713,2.2969988082011943,0.26752507213203136,-1.8267655146179278
-0.5311827305574509,-0.07132134358236533,0.044265393149158117,0.24036611199047153,-1.9059393489395244,-0.10892657047314441
2.0008473780955076,7.782872568687657,3.7106409991756606,19.61716059444845,6.130106440218597,2.650272502896199
14.843274514477228,-0.8900361564295323,-0.4513067549403057,9.65133784807761,23.72665919577248,-0.6190813403725834
20.513622614856253,31.811434468933477,15.972939775370184,3.7409250950236137,61.13467539217912,11.416827380828757
18.603348565668853,8.872897452892028,4.687729655950426,-0.39199134300266286,42.966682201572695,8.363395635881
4.997943796776996,9.284953271937727,4.609019573320675,-2.0494257265066333,17.949348636050406,6.935347188824344
1.4080160786741296,-0.04144183136330462,0.12276218680861933,-2.18333907810387,-0.41754942800611144,-0.646408957489636
-1.5523997456972316,8.737346857191149,4.7381730959165616,5.451465120348755,-2.104385891008501,4.577575813132563
-0.07157406782980838,0.3367852162744496,0.4333417485464365,-0.3870592756119441,-3.414516198056746,-3.264353985667025
0.9553249762846475,3.088816681669788,1.5703078197644769,1.0904576121886707,1.439993001840564,0.41821042072634856
5.4963128035551625,7.461410365654203,3.090256231289501,6.390010175439072,13.637852533218895,6.047841356977907
-0.14543134797490742,-4.6726650521185125,-2.16091395223445,-1.971546230295763,-3.986466379042112,-2.5376300651656925
-0.16687201765697324,-1.4895490349250737,-0.6535937200621815,-2.1734064740882206,-1.6807886522571547,-0.8538076987142995
6.386665659956853,-0.16892113382047616,-0.023295743596121077,13.312777025776027,12.963709139759505,8.151523582814917
7.033268179260838,-0.552612067619178,-0.20120939358219841,-0.0377250576384562,14.19255650812433,1.4109771782720255
12.125517216660347,17.061677663582543,8.648372817577535,19.77446505741527,28.84557803682282,26.32385616117743
2.0186403797767998,13.129443018091587,6.515340457223567,8.56119664924794,0.04849560014142196,-2.520319291053223
0.04024626519145291,-0.38717931421361423,-0.16306935335606926,10.831484705289185,-1.1398497298778083,9.112181356526115
-0.6795599738277756,-1.1715799530462758,-0.4566679219039306,1.4605503468721512,-1.9959535481771233,1.0397931288406066
1.5867153830064873,7.400817421166328,3.7391797876667083,13.341037637489112,1.5265759611363532,-2.3333017116720614
-0.4195190894529347,5.46111065150072,2.8105871900325177,-2.002778229226361,-1.0758734220478734,-0.5762429864414432
4.692178964098339,-0.16036088741292662,-0.13714128502710934,-2.9244649973791073,0.33276802038125525,-0.6822774042211345
3.495154795273052,10.859188693853818,5.855120585553877,22.51965987526934,17.04019174513077,11.85858704139325
0.837662486225023,5.230737273879721,2.445266340164011,9.985167155962898,-0.08580455602989157,-0.3307104829494778
6.896149346028771,-1.0956331373306512,-0.4297296715325611,2.3592399643851776,6.854407317941619,-1.2504363048644014
-0.1753927817234669,-0.29824475439438247,-0.06055976926562637,-3.1207665052382825,1.4311599652396576,-0.6779459157868182
-0.5903386150712508,-0.6053919096001277,-0.2320967006188005,2.7355158422515986,-1.9089380695711182,-0.7355605313927107
0.7812993239870474,9.84434997114451,5.12635127512298,2.744068790233852,10.257171835974532,7.080120034722095
2.559318606394389,-1.3133334066049194,-0.5484462689472464,-2.6859170188220767,-1.6839207623262764,-2.6983281727614106
1.7913091933721035,-1.1491467667371966,-0.45587833423877,-3.274769815627974,-0.774531835697848,-0.8014216700889485
-1.5215690225316194,-1.3229735900959465,-0.6258127318785867,-2.172000501667373,-1.8917763505789336,-0.7708659662033015
-1.8547333795311456,9.24206694570421,4.76022897708762,4.101399446212049,-0.863777655044379,6.884764415086442
2.170224171586039,-0.157140750110346,-0.0006959486160972085,32.21978210628004,-0.5216851714902465,6.586218108860826
1.8273246707774595,-2.939838069108674,-1.381365515878393,-2.1197487292325428,-2.0839818228040428,-0.8738705247261692
-0.15170464211917564,14.036138704200997,6.86787800312848,7.357391938611748,11.643640919796411,5.758700828286138
-1.1941687643388395,2.3819998985287922,1.1648982174604043,-0.27580066118347746,-2.546284490079886,-0.7035405477960996
-1.9594673824044264,-0.5436561838974353,-0.1849842632819365,11.886294086355159,-1.3737004558986383,7.838139268320184
-0.39542557037874065,1.6290890086777754,1.302682625405727,6.599291919211108,-2.6463976923293395,-0.8207611796046739
0.6456679894041796,0.6550260053492282,0.19468214303381154,18.67690504733985,-0.4849344169255676,3.055263138499594
-0.41868158906395386,10.820883093792085,5.449976666198885,0.20514692216815622,2.511660820736327,1.9679546943328585
6.387710930889731,12.223713608099965,5.7083296114231254,8.579360508378906,18.161369176980152,6.1659385881848525
1.5327878541514584,-1.1024230258642427,-0.47032072542497194,-1.493660649337348,-0.4602873051638837,-0.49753921317530064
-0.9911336052298287,-0.9708630233709817,-0.39431853937417727,-0.09844361304049741,-3.3084157095486235,-1.9893900752638007
5.3850519816088225,-0.13010087048842703,-0.05792224165197353,-0.5480105016441839,4.856835117309339,1.7427893940615415
13.953438385981315,13.01590470006878,6.3457911286286,14.954651218756704,32.284932156134325,6.572157269772619
3.2587436639362632,2.383382610508932,1.2443290695457634,-2.0971691159218007,12.679887494745952,5.589984524488
-0.08772105471595731,6.723796426069923,3.547435565829045,3.336737891325983,7.766660776723656,5.5246720137253575
15.067738775164482,2.5086576190159176,1.4868494752813493,-0.08217307943510117,27.723023268539947,-0.8083318652986199
1.2988699016490017,3.0598545924436125,2.220627326928237,0.8744582753402,-0.8982783077225106,-0.8133097470233294
-0.08166014648953644,11.243999154999702,5.284342625082506,14.375996696065103,18.612444074884003,13.368960867206173
0.5193207984934942,-0.5445300611134406,-0.18988673614042703,-1.3280646149474116,-1.2444877120736084,-0.7826201638795931
-0.7711890622357407,-0.005885736603715741,0.0676203649737468,-1.6474243485763997,-0.9162294408584514,6.388542951943066
0.7620395458912641,-3.486032260712112,-1.5661733115488072,-0.4173067901723691,-0.7891610530091063,-0.5396525249618461
2.2014804915578523,13.7239506599369,6.492673235834952,9.824378308961183,8.958849519758328,9.752548331897538
-0.8976890331346002,5.3222842195877265,2.742502832777289,22.210926542193704,-1.4910034425927075,7.186334148096793
1.2602801025023913,6.302785079342079,3.242855622677554,12.197670880360802,5.402804435797019,7.188682217218746
-1.8648069700097154,-0.8236003057506496,-0.40460046881430545,-1.955863214710159,-3.380506155589689,10.748037164103692
2.785904546776404,-0.06257873698361736,-0.017659556807496046,-1.0486377452655893,6.003157963083898,-0.5618310405284035
-0.7008638839545779,2.9796622671517268,1.8372882905815395,8.652095091380602,-1.3010809345584042,9.51777194180097
4.256821538066247,6.63125038420119,3.713799489992715,-3.4954604677110463,22.66234614756018,-0.05050310410968555
3.918105337039065,-0.41633851130469335,-0.12916148007598274,-0.07957190847376548,7.677650250424434,-0.6363881723981577
0.6712504644126936,-2.4547491594482413,-1.1159333760297288,-0.9839742221396298,-0.6105139704121014,5.863970081081671
-0.23335023037693414,6.388781564885314,3.960030229374863,-1.450857172868443,12.433958169363294,8.327369612498073
2.69249928832122,-1.654920478660265,-0.735707716708242,-0.03370249974491446,0.6964149193777529,-0.8999045902776459
9.247086110017303,23.666196896893723,11.32878067057052,6.604301827851861,34.62006019007109,12.877545032308767
1.6074350029458062,7.514786661457012,4.338449833168951,-1.7051950048291264,10.708787192759939,2.399617789625199
0.4667051627844839,-0.0604172456824954,0.10321517004412933,2.384576042193506,-0.02843465799815277,-0.9487371181144323
1.9724283968409528,3.5283934812859443,0.7484734418276615,-2.636210649709282,-1.2423774609165115,5.930363285863391
5.823750816135799,-0.18052870105258156,-0.022907619107638055,-0.26243479273794174,8.202464972057264,-0.10450622771045587
-0.4290044267035324,-0.478825975341814,-0.17089467806953385,-0.9410775037288055,1.2962751288698395,-0.3017421009088195
-0.44767339950598384,5.886611527683669,3.002708501168379,3.3653708785308494,7.60575403671459,6.879782673351627
-1.346645169168285,3.00990151245835,1.9804999245347372,4.793290136126249,-3.643440823437994,0.32435292772975227
-1.7171267221132709,12.219768049040855,6.115353170984391,17.079415178777953,-2.9708782865541106,5.615491007228277
-0.7075269681150639,9.126029532612705,4.697470117666952,-0.5620130797648336,-0.5437335392521939,2.462544867209811
-0.2121351751470869,-0.3668939785619261,-0.17574054557931187,8.195262347526555,-1.0372824968036938,2.5576725503165614
0.7772390912722765,-1.5608122096527346,-0.7107378136249838,-0.8149171678757124,-1.2790290447540906,-0.7224801949612172
-1.246389087660623,-0.5586375088828769,-0.14071985349741883,-0.31434398487671833,-1.7868529775210797,8.127938795589444
12.774925486939878,-1.5512909687927405,-0.6571656920990727,2.5919452022592093,22.907435871228575,10.069589081252383
3.8034863898119733,4.435823551650255,2.459281851259461,-2.0681677242870715,16.577740111802957,2.548157097687614
4.846262827172478,4.600422459493013,1.9540581736817648,6.155023089901516,8.048438741196218,-0.6661726740609497
0.17343435148545416,2.463058437503687,1.5159034582571738,8.640989522557708,4.954542447760884,-1.4436668501877836
-0.8716052330640294,17.63076140336211,8.494157938828032,-0.5887285937820244,-1.4521946266201982,4.8968926031367825
-0.985263812097033,-2.5005866151820193,-1.1430299047148686,-5.415137348468294,-3.6370762146755284,-2.150702771274345
5.524062247273369,-0.025212757977195046,0.1880074766777694,2.056736173166846,10.417353094593214,2.115158359079527
-2.4694378033004725,-0.2781979805087044,0.04871771012206316,-1.6863932960166317,-5.934623741963579,3.9661145735381593
2.870740719396685,-1.146646871088332,-0.5085579596877658,-1.135553180507609,-0.17671463078506394,-0.625728588809753
4.984257878224128,6.108594530914247,3.2716211270940687,-2.6280812302838132,6.958250701753052,-1.7761401845212579
-0.6882008107410722,1.9231987774139636,1.2126618106933547,-3.0024265564761485,-1.65848377224802,-0.6891865354003941
-0.732104454350173,2.431247508738766,1.5470860226788083,-0.8336040441193365,-0.9453773963462893,-0.28076092155558274
2.132104600282468,7.433388238173577,3.8618326884314986,6.899474284998019,10.160319668642103,3.474898876658459
-0.3975887899825924,8.04657604015218,4.8789375679330025,15.74479705125896,-1.3984762751746742,0.8718587582583605
-2.9448959884486334,0.9700300895321989,0.8162687444645084,22.455308654230183,-7.229636851074829,1.648823203388261
-2.4927488806630493,-1.3864100986826144,-0.5344375657496298,7.062259817595937,-3.228060576759977,6.879632135134503
4.791882360790845,-0.18934851743556352,-0.041735681647307704,21.271445150495786,10.140375490013476,2.6639100855041735
1.1181715499635212,-1.2071214669139334,-0.4879514867307102,-0.0730431637634276,-2.2223702185002767,-0.7745070701180062
5.813948161053622,-0.5521413036005429,-0.17665418544580114,1.3642212712302242,-0.21601594555236592,-0.6807421915900331
1.2084182687242613,-0.195713103096317,-0.040307025354199215,2.0356900685519497,1.8976107905675903,6.59202324239657
-0.11946469662046222,-0.9705536985127182,-0.39817702742756284,2.4322977997097137,0.5444684104084963,13.942231962876502
2.861148800411251,12.666848675830089,5.445560676513496,3.9884896924082662,13.716469352290087,3.373793974990284
1.0121356328699622,2.1205471387460917,1.6292645666464651,4.967099505916586,-1.609202987777983,-1.7524848085234632
9.363413741274567,3.669982252849225,1.9107240885103978,-3.5379958560234637,26.39182425065834,6.575089050702918
-2.157035156083071,1.3424771284294388,1.3539070085182225,-0.0864804627469224,-4.536913922927603,8.390801015736779
-0.4353525689195701,1.205050239257821,1.1176987323197332,-0.45913090561818476,-1.0567963999431242,-0.06521084834853377
6.063361435626958,-0.11195665855285818,0.11398994788925665,0.0452742874523403,12.437338182272686,7.596113308384094
-1.9682724961399511,-3.1226911749190314,-1.416364007285087,-1.9740455581992358,-5.481461716446543,-1.2197646243274671
0.02719296319155351,-2.426824989778945,-1.0924036389388017,-1.6637906498732873,-2.217938186568515,-0.9917944020216221
-0.8974044677014015,-0.299672076129934,-0.057515423089344986,-0.87823226668558,-2.4593771308069265,6.413733427858524
-0.49043827933794104,-0.7618477914615118,-0.4705969957190256,-1.412787375276991,-0.18759618918694015,4.9538366527262
2.6404801615765545,-0.33077768197731267,-0.09561417176281638,11.852793801804028,-0.22295099712880673,2.27925879719019
1.3688973165252754,5.068221148466414,2.384910868102808,-0.5044359257226118,8.431431750584705,6.246436562448163
-0.48420066910115395,1.3249986704195358,0.8212254554450854,-0.018229594284118456,-1.4088360387541319,6.097911135408203
0.1944281831219773,-1.915863776599716,-0.8088421893006246,-7.808336236533144,-2.6544150742498713,-1.157162565391541
2.765945553289029,-0.18235715984222692,0.009700815519615658,-3.6650351996233024,7.764094376912179,3.592301269372129
8.974944177575958,1.0643657624392173,0.6188664328748674,4.475718887203632,16.456457749590122,-0.23042907830693862
-0.01911880517449345,0.37821273265914596,0.5088625013391932,2.545709715330969,4.174924000022291,15.49893888857891
1.4063406266335845,-2.295893193099151,-1.0653482098095104,-0.010320154074096434,-1.8574045746064394,-1.2826143566307462
-0.05422605476098781,8.59144072546643,5.2939142032445154,17.457642392539757,4.92998621854484,6.953214050993558
9.073539818806735,1.8747554191832685,1.1074548444280434,15.330656884936998,15.614584343577427,0.8402052182622752
2.3399823111699583,0.577477585215977,0.4704184047772649,3.239632234317204,-0.46521761234500447,1.4042117591484258
-0.322837937137491,0.7277034255271677,0.3278724797693155,1.2271965414932253,-0.5244504400590071,-1.051779145501141
4.596862438787007,-2.1219006375777862,-1.0147015958314325,-1.2316525253376929,-1.623978157982541,-1.1890675015210534
-0.050720393711063405,5.025349894041496,2.716547503154849,13.914043975601286,5.324517233993492,4.394892069271917
11.761018488197383,0.2173888173143429,0.6019035713519043,-0.09783342036110217,7.542821841111345,-2.435831682420674
-2.9296485916320476,-1.7800903587402535,-0.7782972889871197,-2.9327824792475052,-5.720411090248141,-1.5153612120793127
3.442923814194854,-2.093692192611724,-0.8609922803076495,-1.4960097101009295,5.904982628204081,-0.7034372498918144
8.85731162692095,0.5817474238494103,0.2833701353800969,-1.3343646541440852,21.348923417422068,-0.3703177065165726
2.0130204873503477,-1.5842957671956488,-0.5978173475665359,-0.6020582297562185,-0.7521321676208269,-1.8367555938062194
4.964010074990822,5.373292247177357,2.818862635644328,-2.686622897873189,10.021477823447867,-0.5998418763841628
2.7282742542078307,3.4025074856313977,2.074843524483944,14.06856402412298,3.33750489626902,7.026310531277768
2.2040738730796647,6.640787960861326,4.045001705676917,8.227070436773115,3.5346078411100335,2.1550052449523793
0.1538913531737124,-0.5828358901173257,-0.23146569036205575,-0.16602515179255561,-1.1927551811599928,1.0521557254074974
-1.8176603008888297,-0.6400518974815563,-0.23744190863625222,3.560081214582401,-4.858845525857383,-0.9667113619659795
-0.32881729821359335,4.431487266977663,2.3505659567360047,-0.17754110098642834,-1.0066752313780682,-1.0130045290085212
4.811137855987449,4.049974426880289,2.0061295245858446,14.817596779407854,12.57752493699164,2.875837877408509
4.3777414992511625,13.11276196704641,6.5361120854769155,18.14492226687458,24.99380444291189,19.95114653040089
8.709045589106907,7.6347010882045785,3.906130520136675,1.3755679696664447,21.18490483550028,2.2294387750974876
1.2301082739757885,-3.1514105330643893,-1.444300934485625,4.913018608767712,1.0838591254132597,-0.13454285242648895
-1.0100452554603194,-0.2471074655004192,-0.05005632542533816,1.2156710253048253,-2.011696841732399,0.6607421703611414
4.280621604769202,-0.27649528162177406,-0.051305228214139215,-2.362403289043547,9.446571903121983,-1.238453775231684
-2.389398553486891,4.461508430282005,2.3778971155456077,9.355276523277926,-2.664703782341247,10.547260896269547
7.679610484119661,11.759505928327439,5.566393309754431,-5.0086352740931535,15.212479422250993,0.7609191821761478
-3.476760956704564,-1.8608075688032892,-0.8417838452234856,-0.7672439952310106,-7.477936976907618,0.7225510901625266
5.912425577015369,3.9988707299649326,2.3524843500534898,1.0517404966114587,7.710535875147139,-0.8825782797261594
11.65155407829329,-1.2292409036804672,-0.5130195543941455,-1.5786586916214178,19.78883058664784,-1.0016287376561364
5.9283299226910655,27.088576033778242,13.171039291789882,10.060435288897027,22.204666199693833,10.065415322082638
2.2692839157101226,32.91687193324681,16.08681993075865,15.82770204461927,23.751500046682906,18.99574504569313
2.220986095129433,-0.8894129893402107,-0.34722698603316166,-4.795878159790315,0.1656756689131786,-1.2037373480408933
1.2060264266588276,-0.9136105324515779,-0.3765054893368569,6.737501466428879,6.194343379365662,2.046233462439053
0.8236903263515306,-0.3929932232962977,-0.1648161811514894,-0.18322983587996108,-3.751741350470794,-3.2192529922697397
0.022048425475007183,1.6282170423249855,1.123385272469204,-1.133671898664753,4.46236445612421,0.9776270280449808
-0.6589685530198932,-1.007306557347845,-0.35098696330512874,6.802955524848467,-2.244745564935893,-0.18702467698023592
4.642806521826489,-0.004559470480018324,0.3996742598386719,9.43842370912911,4.551551670538981,-1.7167473659957868
2.2564967003099534,3.091479227933502,1.9047480108721282,3.3635027909531656,0.7314623427513054,-0.3094059141244795
3.3881718945272024,-0.26729438999960736,-0.06901857900919102,4.971621774182377,-0.15552764928412016,1.4373067229543937
-0.07633730537896605,16.242920833429128,7.960235614740678,8.731410384023498,5.897938999494712,10.184498244789486
-0.33557704668048505,-0.11991560296091655,-0.030503545315854887,3.2236173604200538,-1.4293403654750385,-0.8038335900132685
-0.1971719239697304,-0.4738052551806944,-0.14898656240578043,5.364546234095266,-1.209937511352203,-1.3008420219159884
2.0199741825708966,5.4400995747203,3.024918405562067,-0.8434060115789989,13.409642151645118,-0.18526799194618426
-0.5830356521262035,3.0826209613276156,2.137398459125489,-0.010132698273394913,-1.0129931738688605,1.9467363485161495
14.671352166392644,6.4736133710247445,3.436009613094138,1.590407782059899,31.262899379739274,-0.31265237466863444
-0.3093853994122157,0.4761659557003585,0.747536736898193,-0.19841486661129104,0.4015025370792633,-0.17461376941736098
8.424187260520188,-0.3845173425878374,-0.048961158020264905,16.79654765909641,17.732142295530473,-0.21244114495489216
-1.0466397848616222,0.7363298682091403,0.7281274053332717,7.144104017090861,-3.708152100822738,6.437915616113435
-0.040120513139432656,2.110172101449793,1.5854311056072885,5.62991298506004,-0.28744521828897235,3.7404820452935237
4.166478037042567,-0.32109825007808246,-0.09769352034937727,-0.4124402938275081,3.222437882345591,1.8158138403806183
17.96607171221683,7.127085067380208,3.9861274792328136,-2.7050462774888766,38.807316298236216,0.22327955090895268
-1.4721421221612814,1.3225969237107023,1.006244915976279,-1.8377832269710002,-2.981909937402869,-1.1334868021881384
-0.003905104070586951,-0.4888757730667889,-0.14890112780864392,4.808566714502275,0.017934837370988554,-1.33724886325324
-0.5406497578028244,-0.5703760917884296,-0.15116053381507216,-0.13424911989849614,-1.8115866076961653,-1.0620257050813604
1.9318069017630166,-0.7057613807064228,-0.1797243559013147,-0.6852613884409294,9.564431181651557,15.68270979048371
-0.698710559043796,-2.8730922215891885,-1.3238914829395163,0.7908499412393547,-2.3662359851403045,-2.0278138566506785
-0.5111924239124604,-0.0806854723563175,0.2886666100157295,-0.37072905156275365,-0.28085504554513213,2.345413221285808
4.016586765202502,-0.15816262799158687,-0.00925340110056252,22.471267366065877,3.762700888486965,3.064280344947072
1.176483608103722,-2.2035995857341546,-0.9754638892083742,-0.8879695402411033,-0.22772071794256574,-0.6411920245741908
1.913512994274684,-1.5606414664646413,-0.7297613620626285,-0.03751366990676848,6.012149970427136,2.937201115188935
1.399992686956753,-0.3227439741810802,-0.14073961621827355,-1.3520542450028747,-1.6261110390037659,-1.7652819641609367
4.202298079736388,-0.3155156590699371,-0.06829012114541788,-1.8047946253792213,11.007875703050924,-0.14448336919520585
8.805689950741924,-0.422627400378617,-0.06573478171359806,0.23034238755258485,11.696419786945189,8.495702983218408
1.5901712572272468,-0.3708385963734759,-0.1138537351457857,11.741838574382536,6.502798149652503,1.4680463530528751
-0.27188530774117853,1.8058895969645818,1.0383912899929693,4.989098771529566,0.028541242500784936,4.285018755360644
15.641046246691252,11.463527634927921,5.638614955188113,-0.6094849400157316,29.64454687115096,5.730569510806851
11.267036064582145,1.6827613217773325,1.408074581895898,14.164521260170963,22.39607246724627,5.560110645442849
-0.6929489355378543,-1.814956602749797,-0.919794831826123,-4.4899347960489395,-4.3608096943157655,-1.5188459801907281
-0.31662977048531926,-0.43567102832250315,-0.1449045083564641,7.992720666740441,-0.05882557780664957,-0.2788186123484568
-3.948235345730186,-7.668968448790458,-3.745653355368715,-2.137126607395629,-12.706902862390358,-3.753019150831099
6.273252390602406,3.3915736492301645,2.378764911162876,-0.044659964313327284,11.045245696981686,0.3252838244080955
-2.817506368189913,-0.6911683036737407,-0.2681887316269218,19.41334107489499,-5.713987779659214,0.06463017972384244
-0.23370212408923716,8.215888596978846,4.25695398281929,6.465650410190287,-1.3042766219530595,-2.2139693664845477
-0.10737846867986015,4.9817503934771254,1.5325316207191593,1.629721028152621,-0.09013731135614036,8.901549516776353
6.364072415835101,-1.1102586827829934,-0.4768545972385189,-2.3549058040381023,11.368776056821105,-0.5203393118174884
-1.0018807870621846,3.597424351841618,2.0469954702743713,7.282233548311985,-1.1592865566506878,7.630424785661276
9.30150417405229,2.703793116063876,1.6303843980483979,1.864728396795033,29.396945500022696,13.695302795998215
-0.655564610801302,-0.12926656175124004,0.418639055938401,-0.9623089000238846,-1.0160711719172162,2.2221351846978834
0.32541021340984344,-2.0995368718095255,-0.8999456907883773,3.4210508635276753,-2.094436854646024,-0.2210882500389295
5.8663164867233695,-2.760134915963663,-1.2390576935303184,4.962185974479284,0.18833187303181909,4.0253255953693445
0.7707524552834629,-0.8538551474085851,-0.31248322839130255,-1.2087401101168178,-2.1571759441854357,-1.821560874462794
9.736973809689225,9.551878953207895,4.885862787529527,31.13852656121975,23.80172900442842,8.355593161498339
1.079834148190879,10.236482788707805,5.0890088026616045,0.1876855524892206,3.101960756181268,1.3367532489528369
1.581503307153798,-0.08815397063813812,0.27011151555568197,-1.1353872033075938,-0.18991876028960866,6.109672919486744
-0.08002063535101805,-1.4484720310057673,-0.5817443001410498,-0.9032808206581763,-1.0971553826756917,-4.19961534493289
10.299476465403261,4.174313044657016,2.307448931615763,13.542880377136196,19.45210947291788,-1.8723884752985023
2.120344367910123,10.934141907839837,4.9446823071577,5.487191811724674,12.464896493892864,0.7314030440124086
-0.05868723112773964,-1.1308401945075408,-0.47676223822302666,-0.5687838568693272,1.6947175489991233,-0.6980489766254978
-0.4338616196163212,-0.1374941871722384,0.1567570517038292,-1.7473811697183042,0.3940405751800894,-0.43327467371674705
-0.1558676748067609,-0.7021381950707477,-0.26948268431784633,9.376925869903904,4.58176162813932,5.602298014116747
-1.019087606239726,2.809938822130454,1.7108905918102777,-1.1673441681186338,-1.344303355785758,-0.44205816784464497
-1.189136652134747,-0.06212735162139474,0.4650894327521019,-8.858240743715008,-1.0580752052352778,-0.8010036115102276
6.741749146640749,-3.5120012533840006,-1.6683724463267353,-3.4293768163868323,0.09628976428905833,-2.0257978935135443
-2.0976512361226756,2.8691318657378235,1.146430734756263,1.1191082773136523,-1.5482318765734195,8.69972142756997
1.24825978231381,3.876330615931666,2.287601516957018,1.3093631557464342,2.539595878709797,3.5465947245100793
2.480629438071832,1.2754023342372895,1.01924396678698,1.281576298424131,-0.3618276336740664,-1.6375553917671768
4.472573387428357,-1.1137694368116546,-0.48939150758028505,8.50582178760787,1.6247474311246584,-0.330224820264869
4.056597812642437,-0.6854252481018631,-0.26101356613714105,-2.005911028100132,3.491903463469132,-2.510200957181738
-0.29593964596040495,-0.13534753005485298,0.1240763826598904,7.372364767600296,2.8186303709943332,-0.6402201495361726
3.678670218929219,9.599635582252485,5.035565089168492,8.37125782432767,15.692705287253608,7.901084351841413
0.21934354957456625,7.686548730720236,4.038570513409846,4.123579444872683,3.450135211736483,-0.08680420062305393
-0.13876448270769415,0.4465140702833218,0.4826904236742787,6.229635805528187,1.9298036244162318,5.274979187970295
-1.0393128432794172,3.1462887450313444,1.7926242102850711,22.923256378521863,1.2707519084763899,13.983634991453636
-0.7898731264145851,0.8512239512896691,0.6664684711591811,-0.12287129502805434,-1.4551256708521643,-1.1703694080987084
-0.20253622064599847,8.435830742597734,4.368774603048532,4.9106025894821235,1.4758441973939802,-0.670333342157956
21.92292601359799,16.566486097792236,8.005119852395332,2.5378988821968838,48.33714566739331,9.604333705994511
-1.1397359913079963,6.643803941492445,3.6405803821059983,9.045974976973579,-2.3355462058658865,12.117166577372645
-1.9604575350992548,-1.555051724825322,-0.7645317470031341,-0.92460053945533,-4.45939190033409,1.4541283699000984
1.0316009831179034,2.904304713465307,1.977220791535729,4.5889820233317735,0.6255543607133826,-0.13181532026348522
-1.3969483399546607,-2.349740377537208,-1.002799191687687,8.91546766268739,-4.337093603330122,-1.3286487835153578
-1.4723197858020127,-2.408319414116803,-1.1370755238222485,-2.0170320083600717,-3.618402607335071,-1.0879128770943252
1.2211924913894956,3.2373262399325355,1.937082301066615,-1.9770104350242594,7.9732039018157765,4.603702046183459
-0.16122700037944981,-1.1779863407552493,-0.47616440239321234,0.26605812717464816,-2.0813553953667348,0.10949705501742402
1.0927963451646119,-0.18260916865945273,-0.02508054149461372,10.377839289536446,13.094813126419211,17.188589070196976
-0.5961041408914982,-0.6383074616750607,-0.2524615366866118,3.505491122677097,-0.7441313692631338,16.148801191981946
7.819536817008334,-0.3195664916854506,-0.11075461945527101,-0.3254827632755651,12.75626219736212,-0.2205064839777686
-0.19653025140375485,0.22919223986513004,0.6063206311158824,-0.6935277084486368,-0.2481373112714673,3.2213345505616715
5.058095903179905,-0.5302415936856469,-0.2642491600111076,-0.2726025722883119,13.197971697770924,4.88638215197126
12.446537637215313,-2.0339572030513575,-0.9134038425320515,-0.7883907288849342,15.905752382298447,-0.04899626926784517
0.847045763501701,8.837448567678647,4.2435313213876755,-0.5933246308552018,14.202544606859473,12.996191381303293
-0.15958500006092413,3.105424632740221,1.8732039640384897,-2.9666274357672924,-0.9951893701923846,1.2048823155538215
5.8691110472093255,10.707407569263989,5.508933109754779,7.453990915764655,9.61734600443638,-0.04265426051229409
0.11171535810652367,10.363207910507011,5.346464145952114,-1.9904113103232284,2.587592381001805,-1.3154431786005278
-0.344119165143217,-0.1242469324695956,0.4237110031480831,-0.2821375676130361,-0.7398806953164366,10.202801540748665
0.4835650638755438,1.7334087398291356,1.1475802837770488,8.509666304600087,-1.0438795376224774,-0.24099015031178134
5.71276600458825,10.670196918774721,5.208432122322169,-0.891683100350989,13.867675625365903,1.612571635477006
-0.396611190503527,-0.1627868083735317,0.15009550069651117,2.0049483061935662,-2.163738306317026,-0.5082562135034211
-1.5638555238901217,-1.160371111803491,-0.41122791866619707,13.397579816260441,-1.3776001780603402,12.0675811870037
3.2564255331356193,-1.2558137831269853,-0.5319716776336615,20.05787027039071,15.6621203362751,-0.5463814011522106
-0.13081218344290427,-0.592670677890681,-0.20149869187436323,-1.3878916572142297,-3.1387317644407995,-2.8584755819559415
2.4461875549248027,8.099331885073221,4.036257533068165,9.37595173469952,9.158756685403576,1.4887434996842202
-2.1922614675474907,-0.9566462344347763,-0.32728395150224787,-2.7405456743841587,-4.33124739369629,-0.030802737875078746
-1.6057194710288376,-2.8193946920049235,-1.244271374859396,-1.1400562558905811,-5.948041306686179,-1.8851617693625426
1.4670197748455207,-0.5733150633200635,-0.2183851663183122,-0.9167573620606557,0.8497598150220789,4.588659232218862
-0.7276055129132013,-1.2057949647744564,-0.5077207913382016,-1.9209142448455154,-1.9076162053858199,-1.1007655316562166
-0.9361446084403,4.054787401811104,2.202850978894052,-3.074585011867231,-0.7119515168836433,10.65592658615882
-0.46495343587236637,-0.27578129317634964,-0.09610274049925974,6.90367136977364,2.59293967854114,9.881226658122557
4.756224533475795,-0.17556541249697422,-0.01955302585641379,10.796518201463593,16.00693724331502,1.6523295865035437
1.3308228299008569,-0.4342910598238698,-0.1641456256689351,-1.0266431118160166,-0.508054975790546,-0.5744013232088057
-0.6023937846469111,7.126989823926513,3.879990774923079,0.07815197725852752,-0.18527326030150082,-0.05864908751896265
6.992883631344546,3.034850849040332,1.8706783193792769,6.811049854283382,17.733605865333754,1.5534339254981346
0.5839885207807402,-3.2667714569662345,-1.4988496872041595,1.1597097094560747,-1.3486920896600025,-0.6218123124292572
1.5607572820239337,4.930725957449557,2.3598205521908673,5.358416118249543,8.018530753569578,10.065530836323024
2.715675523522481,2.8109613976313774,2.220398648251221,7.346778289602313,2.834988365778378,-0.6279392515641398
0.7891572251906211,-0.20197564215927716,-0.006409960218317124,0.8032259437869443,-0.3236339649147042,3.028588365124053
4.506146893038908,-0.6713341258497177,-0.2579732673198925,-3.050580443114035,-0.20497487401870115,-1.0862638510203129
2.036619825402216,-1.5561409678926497,-0.6816575621114416,0.6194620908590891,-0.6935591363584406,6.20807036615912
-1.2388453349944586,-2.5343723509469127,-1.1933064071783754,7.217348522274657,-5.786699880877536,-2.137322141238399
2.888773994055554,4.197927983091777,2.2830474547316078,1.153467239037415,5.179210633816782,-1.2425378663561224
-1.0437480773739258,-1.1010051516838395,-0.5215354537423927,-1.9390429974583434,-2.7568097647178464,-1.7716254660391877
-0.07236366319418956,9.25351529197266,4.728932312050679,6.583994349010489,-0.09615633584381643,0.3768226954062647
10.872899275960428,-0.43215633473174986,-0.12137816071872631,0.254451615040979,23.677449688969638,12.518272487609668
1.4017945143153894,5.889165444730869,3.109175298147417,6.11576807308597,1.756913080416433,4.28921611197572
1.0320312376857133,-0.14198391795235235,0.2614159157290031,-0.3910188418562816,-0.13628069151174674,-0.4502345722614557
6.762988715097044,12.220419915249948,6.7346970684588126,-2.270100474684146,2.159048938224756,1.3608993205003925
-4.527286956574744,-1.3292705426123357,-0.516915225191671,1.3959654669083474,-10.750134858955597,-0.04783233012031125
3.306845812014701,2.8110720559143925,1.8194847981535662,21.675457202917617,-0.020709234976761717,5.262407956727441
8.283941628639903,-1.0089801627465946,-0.41894835370835504,-1.5507172646705416,10.358547751796877,-0.7540538183053663
-3.4035417263626266,-0.1100171429005126,0.050964254696899025,-3.3037946825646447,-7.428963501075848,-0.5178176870887244
-0.3450104612169409,2.9626656387206634,1.8069647051178512,-0.7685167044115506,-0.29561423570248185,-0.479296972954613
1.1100429737932838,17.254876613267257,8.686967327853377,-0.3033030936585288,-1.1100971189798015,-1.2875523757404121
0.48277206113233634,-1.6668918952040628,-0.686644123890888,-1.1484182640735763,-0.9359055680657026,1.4326928806720898
4.69588401239383,-0.33438721011448,-0.1124198594082173,-0.47885578645289884,3.995003613865743,-1.1412122587552875
-1.111934554245823,0.7445330904241996,0.02131521550669635,-0.8042710364794147,-1.545828933499103,1.6828250766710977
-0.10932361879582092,0.7980544912840529,0.7162515851193197,15.79110927610352,5.669785057143991,8.140867540485154
10.534041992617507,5.738095940563692,3.0587765087497707,-0.42927136089399487,24.763425622820474,0.31107222526077377
-1.8424859933770454,-3.143339933684093,-1.320402779112186,-2.21728732563969,-2.8535098611721654,3.3830549055165777
0.40533163709495085,-0.9440702597542802,-0.40755829370699365,-1.8107713788954602,2.9711959263858616,-0.3900362053798056
0.3244528645322736,-0.42210113537066135,-0.16528657555880866,13.02835541076843,-1.406832063783325,-0.09768412236213089
1.3064190202526769,9.421892306429378,4.669176926253763,20.682606640493464,14.072723249654542,-0.6566354898928956
0.35324327127075833,-0.24609195350620877,-0.12056423975082003,-2.6319565495959796,-0.2000821675602163,-0.01559601319964976
3.972035380970488,2.4594210783290014,1.1423116220156508,-2.3382031605116786,4.272327518619385,-0.6937104541982724
-0.6525534475076479,5.484186161665591,2.780000495470249,-1.5249026889630986,-1.0742234130279658,0.9449279562550661
19.708528153416896,16.04717220281093,7.892647491574537,12.183580569977783,40.00842049764758,4.5499225614289225
1.7610439955398962,-0.6097315573834408,-0.27533173703527475,15.309490727009154,10.338786455380612,9.337174310526764
-1.6973901453121152,1.8379737224297497,1.0869054045921112,-0.13350073727378306,-4.434146531078079,-1.6085362368744702
0.6293644798069125,-1.2690327223119238,-0.5508370089708277,-0.4059245352351331,-0.47561154576451614,-0.08809776814334924
0.4405433979804255,5.1980951606182035,2.998304905001724,2.1276144853533108,-0.06670946834632108,4.842800935327482
-0.7683920482989095,2.6126569867944025,1.6200907458914164,0.9837686938855116,-1.5404195962358087,1.9668240934781285
7.98462126057079,9.12523810653745,5.06214790874106,-0.31784836055005233,34.93207834370567,-0.5655130021422485
7.310382336468251,12.139445225760756,5.797336591534355,22.53101096037765,17.311060751084266,14.411898595003981
1.3404960705046922,1.56974940056708,1.800862911251382,-1.7267908209581184,11.570802938463013,3.174956116646305
1.300985527027568,-0.21260134087131446,-0.030057241529253955,-3.750010924954087,-0.34498504620281223,-2.366708551557777
-0.44830532131656736,-0.6842279434883941,-0.29419328451892296,-2.800325318279878,-2.343578837139844,-3.4869739173132817
0.194733036346592,-0.12120305205405171,0.06469708290943543,12.45450124659784,1.1960814755588223,10.108111638627788
-0.9755511821533398,-0.8846466154665671,-0.2737465009163575,0.3923601238591082,-1.1250439705139563,-0.3745772205214062
3.570786408077052,11.364821725982027,5.074515377230512,4.522171661033938,-1.1072286975801646,-1.9102950261432452
2.223743128418301,7.899897219051781,3.954655969679072,1.8681771618404366,4.388921878092173,8.148723387359766
0.7901272333671577,8.830798917045977,4.4629525910544,1.0795790535478036,-0.5549602265619974,2.4869700078319186
1.8559103514918078,-5.204840071265099,-2.426729428299211,0.24198298433438048,-0.4212621279075383,-0.6309567565468739
0.3599021242581693,-0.5021911124230302,-0.2241746707905622,-0.09332207553223065,-0.8561697405506031,-0.5742546981504587
-2.1971118993709156,-2.7459885244794133,-1.2902658829245355,5.69190031390444,-6.426796387134132,6.616032712187364
-1.1006336721484704,-1.743177395605159,-0.6599827836735941,5.054230846166122,-4.203978641634777,-0.8899634651718019
-1.9192874347206201,-0.7644360685666296,-0.30292813890233194,-1.4788719155207586,-5.010939549367408,-0.29148976491664674
0.043574350761309444,-0.14027604109904493,-0.017253691251229664,0.6012685282861179,7.80523497828189,3.0711585143179843
0.15817509121929052,-1.0055432874968682,-0.4194932905738693,2.814383023997026,-1.0226682859204856,3.296972468382987
-0.522923232148553,5.294067178608763,2.5844603149121284,2.34742100118358,-0.5278701038031308,3.0061593902657178
3.464115857920217,-1.91974600236474,-0.8355451448796372,3.598014834621906,-1.2281809811555264,-1.3616341192320425
6.843438987140541,10.633685969702997,5.482298926893144,-2.730535408418607,29.360269164671656,-0.19748671729381032
2.788033868052189,9.634598092912766,4.876238436612296,-3.0777417795396276,24.355119911776512,0.08227750116957111
-1.139391583567389,-0.24231424699685214,-0.06714604064220885,16.838809851596476,-2.926447268826555,23.970908057250636
5.593191233149458,4.052084210099123,2.2121855073453336,-3.340985343056351,11.631264246364614,-0.13909413186489913
-0.003816460619522988,0.7863962709319681,0.6425113529111689,-1.9070713012542713,-1.1159527692878881,-1.686527974168678
6.411782785003652,17.03040489019774,8.686638070392272,9.034015991244619,20.370729415472038,8.664233905775426
1.4624435117701247,8.903882907567922,4.377478680537177,1.2784497638013268,0.5534756048237213,6.190537798713451
6.033654608161005,6.2921614933787176,3.259814920132467,2.2712418776670646,9.81203939606905,-0.07119178920168899
-0.15791838725539253,5.014025878338381,2.469658126319632,-0.44219925602599164,0.1417350237784093,-0.7435844105197573
-1.2904201875218466,3.428455157891809,1.764644343562806,-3.7788115094973054,-2.4390611990074325,-1.2789937128401474
1.6608866970424694,4.314287429403858,2.2265239516558495,-0.09430384974094604,6.206765183288408,0.4611024754131025
-1.0563830319319873,2.9825075808152413,2.23291399763377,-0.7809795367934861,-1.704812763241365,-1.8933278034821552
3.147716684920568,-1.0965858296431257,-0.3982414750081802,0.486593577457365,-0.05339934748375,-0.0833192922157937
1.203391197418442,0.98098524176579,0.8407038413538777,-0.11399228708959673,-1.3463455558956936,-0.08741413650543511
-0.6643792142648135,-0.3296510330316806,-0.14850026409236042,12.371833008346467,-2.0339392681694903,6.544971077593557
10.959144124656802,3.352111553695583,2.3451673990059128,-0.10990620715015283,15.010917807396895,-0.12619034854736974
2.4767765130967794,0.319983670734867,0.12628788793022144,-0.8123936587320819,8.015244073632175,2.04309046963873
-1.6174699155067058,6.56187240785358,3.1246159345026885,3.596498050279674,-2.174746910428471,6.317328881863106
-0.494965808949911,0.09430156317201033,0.49251212676880385,-4.938163027847587,-3.1463340877218835,-0.9099758063548748
-0.59834062339967,-0.1357522076919999,0.11989000476197298,1.531443624011533,-1.5155970475066294,-1.2722012498006237
3.494266078007472,2.5413916327009183,1.490064334572275,9.55926128098235,13.466337660853117,4.812300587095024
1.4480358634612653,-2.4087502423194476,-1.078123635991712,-1.5412618866364802,-3.2122088577636525,-1.6687311482268787
0.5616028771224502,-4.774736184362853,-2.3710323628384287,-3.4641527516583572,-3.1038879569620725,-3.1037856263581713
5.868119027729509,0.20074928510810303,0.27671472998029634,-0.8208868605525798,14.211896645005798,0.21846938653798975
6.897897329857908,-2.0897013909533433,-0.9597424656259366,2.371597380608804,17.884362541493566,2.3705597596930748
4.744500777681402,-2.003043325480898,-0.8684260335857985,-2.61048999797683,4.3274988830327406,-1.0622136476576018
10.094022876315098,9.577105890244635,5.166538814059939,-1.4480039386702812,26.300049895228806,-0.0802031329772755
0.13494948504018967,-3.0014510415940117,-1.40599064204915,-0.4557710096156264,-2.9800713622961177,-0.8860635297564985
1.6978022255979905,-1.2615150117556846,-0.5313203212375585,-2.3271442475420696,-0.9268883589825491,-1.7081444908311327
1.0302472689509599,2.347762518527136,1.442635830518192,4.829530242504685,-0.12363218871138607,0.32993457509507784
8.846117036486984,10.231562873720621,5.16992067995661,-0.06979020260743334,22.75229730146909,7.390533109161471
-2.4281100395525446,-2.1195762291724933,-0.9474579146429609,-0.38869015262651085,-6.341951446506806,-1.8212806502179895
-0.4624241866403036,-0.4614419304770723,-0.13152251522879377,-0.6025511680260284,-1.125125126417814,5.206291315228209
-0.19633432984981525,21.544778552466642,10.627956947310384,16.950844964096124,9.723326603162008,17.418376822451027
-0.14584301736901395,-0.12415140321682382,-0.05171477191342014,16.22525652061106,-1.3416993751335475,-0.12308286665357278
6.709112343214558,-0.7624209883024559,-0.296941650086195,-1.3239246396423807,14.587958977085117,1.3575318168818535
-0.29214628785657104,-1.7482257572898732,-0.7022985910038415,-3.6876171095583703,-0.08884637970163073,-0.6718058160023889
-0.6042026017146851,-0.32584702496980633,-0.13473520714991535,-1.1162837214881942,-3.0040746619581546,-1.1822336422991784
1.021873679927816,0.48052439606426206,0.558549540716973,-0.38488828178217077,0.22004101636398543,-0.10282334844725033
1.4741992684267475,-0.16843580109642564,-0.10836871811529117,-4.439577674443629,0.39405701813915794,12.90694181383196
-0.4812246351463012,-1.1115859135667878,-0.44130941557698516,-0.8897225448057843,-1.3384309573197652,-0.6713805971497284
-0.25811310204486265,2.0924754678490443,1.2167272577138113,5.615610830432591,-1.0749160809984946,7.453597476128099
3.9286933024682122,8.888916073878354,4.124104334459519,-0.4493773397764367,9.904101616410875,8.31740242401951
-4.58787801296454,-3.2981177515349005,-1.4996598077013967,0.8891158231829395,-11.55194666940119,-0.7246132628368079
-0.18494487705113039,2.1879599730371098,1.3493059961330194,9.156028438877177,3.396658507838429,8.057097064733245
-1.2032207345365702,-1.3369023214207516,-0.5698449209474418,-3.8169216487717104,-1.4904937001429301,-0.20896349113496204
1.9806933853711683,-2.8151629826942135,-1.2146952745092274,-0.7169813853806359,-0.46469040774639636,-1.7636692637049654
-0.0014579023279966742,7.173034033558492,4.231297986591059,2.7790283282603534,-1.4983321562166658,10.596718756336836
3.536068581915692,-0.4393090260730169,-0.1745469869842634,15.270299975487275,-0.2089556834322237,-0.7795209692932821
2.576437023329677,-2.2582911885091015,-1.0118898025073988,11.006967492531679,0.10859296131787133,6.214614564177436
-0.7924273982581124,-0.038624466511113155,0.5791530513732351,2.6933799138843764,-0.47872580384920393,5.41514330180705
-0.07387095654531782,-2.0314839969715663,-0.8966686397357215,-0.21710492997191727,4.113010311100687,-0.7355458702524665
11.924869523371417,2.6082617570097857,1.583605431627423,-0.0800676316030252,22.305812763156585,5.618133837751616
0.8346239267962496,-0.571382420561482,-0.22027962572741094,0.2879088003333612,-0.6887631640688018,-1.1835998626810664
0.14904905039363991,-0.000846342888832452,-0.012202974685739922,-0.27656970846333917,1.346137187204393,5.402918126179984
4.482671661450945,2.108240653203785,1.85194169565056,-2.2125728517984427,12.89442327013126,3.724406735127654
4.654093192768104,15.661321619154267,7.600397872615197,18.806526213506796,18.392433475137334,3.1229303622910143
7.567235731209801,7.3327758865917145,3.702245927168121,25.036918515605834,34.279979874170024,24.905942758419226
-0.29027092887511124,5.207930469086488,2.6796804039620175,11.237404950953849,-0.1845772820998406,0.5339895613708923
5.906863873607334,8.252504697082061,4.513603242779699,3.459120492947939,10.769792764428074,-1.7305099690948997
1.7039446273287224,-3.5979490551195243,-1.5661235627182943,-0.20406445200995826,-3.520303908592236,-1.5473714044915603
2.0949215451592758,4.9264450549513885,2.666322378768323,2.282699052426203,5.043336966131955,5.29163995570056
0.8451254013455516,10.467172237347695,5.352880332750969,-0.435934859465935,6.453758407745134,2.6010716117310295
3.4737172490119024,-1.691193299948055,-0.7731172882156194,-6.837304071229493,6.637083095619765,-2.2454486292929343
2.0863357968003324,-1.2253526875209062,-0.5217546273099077,8.741051044066387,8.880969011824307,7.1663824975865635
0.532664035699439,-0.3351212952299399,-0.21718967149583085,0.3475561072527873,-1.2133952484723824,-2.2706799070374366
-0.4793277281417272,-3.8476481074834377,-1.9948815692626924,-3.1572314151304406,-4.0164517493040135,-2.2246360180226454
3.658645290788929,6.106441905349699,3.5384163064247574,-2.832350251212094,-0.6325630266465139,2.5255728710082277
-0.5768674706376496,-2.098594129066059,-0.9267335887057815,0.4132067132899444,-0.7179227125455481,-0.01844663091118104
-0.007929964745769614,-0.461362454465275,-0.1601259843058509,-2.567236980482569,-1.0707959094536879,-2.4330981164702985
3.169918260481853,0.43954849267240587,0.5601928889785872,6.572243578789839,6.123307529311478,2.309415368499749
-0.544757064093102,14.812651815577592,7.482307053242176,3.1812587419912033,3.3326936965855016,1.062403157348031
3.321956116113956,-0.8844153009511996,-0.360099238185794,-2.0989986553843454,10.993720638911494,-1.0276784005381012
-0.294535795268726,-0.08110232432367781,0.32263610446975494,16.290056227674366,-3.412429347619561,-0.7074452814582373
-0.15977511038501488,-1.4766286980616832,-0.6680820723174882,0.014944721039372832,-1.9941433038917493,-0.26234176577126056
0.002664117338843308,4.3482095506287495,2.2437658941632277,5.117111436804745,4.358118350913296,6.302589779030395
-0.10804035517950905,2.9364091978549007,1.7805047783245116,-0.26869188784177955,2.6087330231645427,-0.22485776922134848
9.826987436635205,-0.5281549753817203,-0.08857902194350142,2.267543550619626,17.680942155356107,7.511101442515354
2.044995350692992,1.8666450961370238,1.6492872437309833,4.369048389912899,7.335799640483559,1.247543067527753
-0.26585463435274453,-0.44947248178885846,-0.1672612282610531,29.72596613559759,-2.430945729890234,-0.8850956615662554
2.1585050217417048,-0.1767375182329958,0.01622493262584479,-2.651039824047789,1.4629544045031584,-1.0949679704819937
0.3412378222592012,-0.21659245132576413,-0.06359199489672843,-0.9372518716613336,3.1685503483451765,2.0133063385821135
0.47950180085424343,-2.1867898497164138,-1.0169724012132852,-1.2966286964229292,-0.444028071420504,-0.11494505741445922
-0.5416798424789816,1.2321754255201398,0.5510309181511234,-0.571007526424587,4.335659333290058,-0.2425735848303742
-0.33481443371427405,-2.394082136019822,-1.023644513171263,-1.9244220018770433,-1.9044066449759822,-1.07725261039329
1.2609647113219804,8.576220170712133,4.343257842553752,24.543383662074262,6.356084842662593,4.579667114275121
0.7978224546474398,-2.302118088369173,-0.976346406989338,-2.43746692107812,-0.7780783402908762,-2.808562328590746
1.1790269056062792,-0.10157295504556968,0.284318723512611,-0.17651238454989437,5.7178065533006235,2.273233499304247
5.69919722881323,1.8438916078221546,1.1090776501903687,0.8713170700855496,10.9487801186046,2.48758695210889
0.27490863132704857,-0.00041790048449397155,0.48794229294328395,2.6787804972660636,2.9339922424036833,5.215904380398588
-1.8738026191221206,3.0046995087739026,1.7450784180022394,-0.4146770039508832,-3.0979596407949885,0.5784638609890222
-2.2141790050161707,5.2441689072334015,2.654262505421706,2.7824990268196945,-3.957088782723083,3.0884837186724248
3.8485519651919047,-1.0594990896109067,-0.37381218131312716,-1.092045586539444,10.490471588747631,-0.23562938789040322
1.2312305184655603,-0.30451818885084897,-0.12730157472610695,-1.5698173001564355,-1.9660649341497778,-5.7974253027679445
5.715790006152458,-0.5012951773024611,-0.1305127901754217,-2.6586342646242436,3.712404790755534,-1.401590215329972
0.057260495474117046,-0.2601489257683703,0.13659220142085388,4.190088897269059,2.829493738922723,3.8019759026063156
-0.2874679012707485,-2.7604696678648235,-1.2477357160534859,-0.4396081300823273,-3.9764998129016904,-4.269130204407265
-0.106203029577825,13.91059794539179,6.527631186947084,8.37378174727507,18.66958311059105,9.527967653045355
-0.40289691334639777,-1.135470994818877,-0.5288988316471989,-1.3165477671540662,-0.4197317360128085,-1.058267761278527
-0.0941723225184616,0.24878484769805037,0.10683156635248697,7.313237186736177,-3.421090419002659,-1.596492740770217
3.9552020229783738,17.70856477321701,8.965484339413239,18.31837590130257,14.800744085822847,12.960926977021437
1.1732890156808644,16.813641132118672,8.648251263537237,-1.2325466936806277,10.629170836008779,-1.2008262146607265
-0.005430863772753725,4.259943011792493,2.3648323951231447,-2.1821546220906245,14.190825082703139,3.387283514595895
5.704774071085604,4.395457914266754,2.4431968589064557,5.66682889272369,11.68951764264551,10.422490366064418
-1.0238955923822304,-2.1595721395058147,-1.1142656091207253,-2.0276547183760036,-3.6633577058794664,-1.472255297851005
-0.47659784281470224,7.331772282847531,3.5248030094523943,0.010970874937003883,-0.5002537171759458,5.14396424206718
2.9435514735784825,2.5709781956886673,1.9137077876138684,-4.281455734522388,6.298643002152683,-0.08508561296869432
-1.4567875938125523,-2.595645129666815,-1.0788941295798706,-1.498154971713677,-3.670427834462169,1.2004498307863405
1.8983175292286065,3.251142780913462,1.8622321318345423,7.678222740619958,0.6649509435925207,3.5675438446772905
-1.9764539562989207,-0.24171083844145747,-0.0930734607172079,3.269720115174068,-3.8716017615089564,3.303637765888623
4.544933524534691,0.4376981238521909,-0.026102393337344012,-0.41037630167168243,15.06786435823072,-1.16447714324615
17.48754015866646,9.698902534961329,5.509677642006321,8.255944379203443,36.86136537193505,1.0214572052862767
-1.959512138175468,5.483113704797304,2.6832999927717136,7.569335932417536,-2.2935759801151367,3.0232668351370338
1.0149761304115064,15.153871216226573,7.76911056338965,-0.20426022566543753,11.656129655712546,5.393278096670892
-2.1253757622383134,-1.4842694320596053,-0.7137781043288789,-1.155808280123106,-5.185919736384547,-0.502142841450555
-1.834930463991821,31.052731324243457,14.793566087954256,16.05733783584126,-1.382734161335662,17.333380064031115
1.7501920687315091,-0.47891630573905775,-0.2514986645135508,-2.871016369496119,2.8333652148022033,-0.9687262742118531
2.528253272858202,-3.5145862630110574,-1.6163268385669056,6.0635938088333345,-0.6798416341415829,5.625631742500738
-0.11213518811109796,1.6850530458532456,1.1209199632521962,4.8720382035151655,-1.0150527833880783,-0.0566746186622936
-0.11382899409977898,1.9517062813257429,1.0380943294558942,10.324975786916196,-0.6504994255234258,5.143064868000825
2.271528744677249,-2.1783681734965787,-0.9759516091144408,-2.403672280211964,-0.6087744032027174,-1.3914564145873083
2.2332304374108904,11.280967685100363,5.767325561976327,0.5889536210936436,11.758215345904715,11.464720656118285
20.911339304876602,6.961678018023368,3.3129766922566426,-0.4243428920651233,38.306581707058726,0.7620176445200855
0.7701220927991592,0.1978938485713294,0.4832358551583645,1.134298021795785,0.5277230938975391,-0.010658832342832892
-0.1056203737040443,-2.0428076957320136,-0.8609863453327891,-0.6819047716507362,-2.8435205561283805,5.675094329304233
8.431324128208791,3.668136064151374,2.1453868538536587,-0.8798453513324311,11.091218213646828,-0.538196550528597
-0.32528071965961636,2.9549791238870307,1.8595964849794675,-1.749846855021891,2.6901626060966053,-0.1926789650780595
3.168637655128486,11.101983731066165,5.0198123792755585,1.2210745932062363,20.784150014708594,7.041530869211969
9.867408713145213,14.628589378363175,7.523024709132386,-3.1964699582484997,31.04758156763991,3.8337401247273757
-0.4834509389903728,-0.354588067032654,-0.27262753437394577,-0.4641453675193864,-1.9762206318515556,-2.39209888754243
7.886232817378769,4.171823724704329,2.0616449521998415,10.904532297520472,14.246475757201223,1.9255457975704051
-1.402549020847693,10.686990336925916,5.4680193130833645,15.246082504069227,-1.8524720029001565,6.522235073238948
5.470679274809106,-1.2325026583177807,-0.5370291243755178,-1.3162268651054887,4.482364017630255,-0.2461407932432084
-0.7244813669418856,-2.12263642829974,-0.9274245128139527,-0.6880740500786884,-4.441449418743397,-2.5156025557207924
1.1105298880497794,3.3159510289957264,1.8559092708573095,15.386858823685655,7.229872606991833,15.953918303718261
6.580387200268467,-1.327893936206749,-0.6511006356230586,-1.163442640315068,19.883759420984337,2.6153580613770613
1.5468235352733308,-2.6674566829903124,-1.1579131055107326,-1.3059129888413779,-3.361678041023561,-2.4055022044167997
5.295362906728609,-0.4792839747694355,-0.12246800890894836,6.022770760791436,19.691575013824604,10.367853228467771
2.8356081844600602,-0.9096883414732271,-0.363941072428845,-6.468654309773246,4.932563049252632,-4.673667190590472
12.94443475273715,8.790107347617578,4.526840200367069,11.08817507700316,15.296689066334737,0.438998038950619
26.347775710718356,17.130189284195026,8.337034123511808,7.551590484764934,55.67981322893302,9.511809445682756
12.835924225904837,15.957725037288556,8.041367131590794,-1.819864407598004,18.95850231864881,-0.5621608478086076
2.069511603674725,-0.28980362835652057,0.49219080273141863,6.986247924106518,-1.3011548911719342,-1.9504060566631118
4.524651461263818,-1.3257132571581127,-0.7156640212468277,21.746633750999,5.559082101511662,3.1899125727613553
0.2281186102386875,0.19792310375932526,0.2527385554558387,-4.205753647561353,0.8925910669129209,-0.014954526681389703
-0.29159093756536403,1.558006540766264,1.310235329400588,4.24530018415102,-2.5072483708206548,-2.4352341292770436
0.9887509429073764,3.703824920335813,1.4997599800340666,11.648960581202479,3.0663506118150448,6.988716613271693
-0.4299340591085919,0.6294690816403361,0.5267926299561847,12.64332930588993,-1.2795124855933768,-0.612842180646191
-2.2929509109774036,1.0697877804962552,0.8018038628460746,1.9856691638204769,-3.852840043170673,8.270408787257496
0.9364821704665155,-1.1687592960844035,-0.4673176597449266,0.4797109955716505,0.5107937884852589,0.2458783705081729
1.3208397549662432,-2.1591947930772917,-0.9352544347569982,-4.656924526458466,1.3302323312102766,-1.5091716514755378
3.106666557324938,8.238487905016651,4.45921060489599,18.159713705500884,9.947841818419835,-1.194809555711102
0.3685928375123598,0.8069782973608605,-0.047225694973952126,0.07023663089480014,-0.16474398741916277,2.9417773284228055
-0.42036649081343463,-0.04657782336198324,0.30430343865880677,20.910189213471444,-2.464231094124628,-0.8130940415797654
6.275982003229675,-0.5844869478844804,-0.1101164931634334,-0.028438557411404688,18.630186927737547,4.152172580585387
-0.22547294242044155,1.9506681093742797,1.4033625030040964,-2.7933917625566735,-1.9610233786942821,-1.5396878398619012
6.243026996376803,14.628076284096196,7.409852274146259,6.251763402172058,21.058107092567607,3.4045351436197437
6.509942666384992,16.291587752543094,8.173125340332724,-1.234280815136627,28.45900521651751,8.418489714448718
0.40930680752584503,1.647113646461654,1.529655214802633,2.2803261860942294,3.58357538186118,-1.270980668461817
-0.40304314709779326,-2.80820127245879,-1.2617264708073654,-1.5309964047941769,-3.475592180671462,-1.0802512532633184
-0.35977768817318967,-2.2617879062285007,-1.073361035964038,0.23307261202191043,-1.5695878080416925,-0.229296647100422
-1.3257324249241458,-1.7570482992872076,-0.7338619324437012,-0.9491312121337769,-6.238886691613182,0.6313644106172698
7.108790727151073,10.823183745377792,5.607128388204908,22.72555733481804,17.751450598049658,10.98489780577355
2.51162742100963,7.685136201651015,3.90181716925781,10.780956054541374,6.4268093660428045,12.79820402799732
0.22776007785852814,2.4695971440600615,1.6802915536789906,4.873343313234358,-0.16182171299032577,2.8241946566051013
-0.5255734000742152,1.1145123983105583,0.5930515333133368,2.8259776210531573,-1.5138891804622647,5.447564312901737
2.892984333080385,7.062424514421595,4.152994898235815,-0.4415349988074002,12.128155790131375,0.07315754093852955
3.012758246766258,-0.3093680131130726,-0.10859355101520714,-0.09278316598519494,8.333752833880892,0.1242717523168807
-1.1482558715853577,-1.1548177626696867,-0.4582200008400113,6.716227425895365,-4.280413105578096,3.6465392192954313
-0.21050329761086664,-0.8946604646542999,-0.28595277730059315,-0.7397676624975995,-2.2987743525449313,-1.4723721511522747
-0.7684089904802467,-0.030265109487489908,0.2554916871445296,3.097354317765463,-1.6605927434072776,-0.9322872520436267
-0.006166768906777965,-0.6064075578321915,-0.2461882622410871,-0.7075640362226585,-0.8806677946762105,-0.2801674001963751
-0.46515408029463096,-1.4860241491060955,-0.6672496811161123,-1.1014346363698773,-2.644575456912336,0.06166447744612946
1.501635597999968,-1.5180910642400431,-0.6517026029821227,1.7104269728715162,2.1398230481760323,1.4032487219292729
10.688110892029957,6.867457905032691,3.7885241953692574,-4.165236656747859,18.345265011833405,-2.5945297545807606
-1.4097230513522139,-2.1221833919039317,-0.9944708582674852,-0.7291241989243938,-4.082137438154969,-0.20904560188303611
1.4422263781227713,0.8848068475256619,0.5462492282175535,7.590665823199379,-0.2816616096110918,4.106803179387603
3.6098798571585,6.242614041761597,4.14814610586975,13.142391135878542,14.926093953846111,11.87256053942495
-3.9846881891377133,-1.365812948090471,-0.7072037866953219,2.8327612802026794,-6.976270029510868,2.0080102293662607
9.37003765167477,-0.769403224722978,-0.3014109151018011,1.1292024158481428,15.257895225766442,-0.4793684653604629
-0.5089368716353379,0.0404146273348166,0.26044620986756306,-4.209134642673257,-0.9962217622675698,-0.20716776861148226
5.271747654673727,0.8656071371836507,0.8840372467233283,5.985128122256554,13.703432163508516,1.7877500319566113
6.066203119652647,-1.5033720738918896,-0.6915408860169656,-1.1237764674050903,9.698441302388158,0.5083308161440416
10.081732456017818,8.400783866505241,4.224205551193127,5.483015942797218,18.70038151037906,6.174042422844516
0.9369449750564294,8.588748752235357,4.285157407963984,-2.248492296084466,7.304674334683214,-0.6070902818053465
-0.7844686805634811,-0.18549412520169062,-0.027177016783480414,0.10471767233630769,-2.9618227911412003,2.6677854247065156
4.366166292605267,-0.2118534239564463,0.24458753835098468,-2.3292951515773144,8.694944237293498,1.4511537290496084
-0.6497835268556715,5.715973708524819,3.0366793668614647,6.342315954289948,-2.609106225497724,-0.6751657144064748
2.5654167423590364,-0.8022834948333117,-0.38298132367045845,-0.47135586696026943,4.052674021940677,-0.07749740649709827
1.319157808231096,10.183845039866116,6.348668331334695,5.663182515383353,0.5491287513999249,1.041891361296384
-0.09689265056387097,2.548975151694331,1.2467464994693969,-0.39262094198038927,-0.2112350221857665,9.226722025093208
13.272865945469507,11.902088188250453,6.499080340527164,6.701636477016401,38.49481716331936,14.117231377409832
3.948183065807994,16.29185981973503,8.230427322245514,9.918114385098708,13.308302220717762,20.289357282727625
-0.40368925007350215,-0.41620570457021666,-0.1774962330630293,2.2642480122208246,4.756684699195511,6.9080111747769575
-1.1324701952821166,0.5676992539814565,1.1423858461766696,-3.3960337825155458,-3.7102167199421126,-0.97602743145292
2.8831615912180286,-0.5649121996784563,-0.2370748939082731,-1.5332115910330308,8.602104740119309,-0.8359143697400508
-3.0647565179905607,8.886896028274027,4.351660064558063,-1.6844740929753266,-5.77500930040434,-3.409176527466915
3.2351847901174517,-0.6562934093002054,-0.2808517582428593,-0.3375763185771583,13.040044983658342,6.035195612815469
-0.08828971202832654,-5.536091834213099,-2.4961413273115602,-2.7311781656153626,-2.791930860713368,-2.7322344845317916
1.156080361340166,-1.212748700042461,-0.3825141654011093,-1.8617244367676715,-1.317268724880472,-1.8256620994316948
0.53839685978855,4.545087121239326,2.166160037919753,2.7075597391585515,-0.20128069875911792,0.42851057976236834
1.5326884421670899,-1.0134578756847201,-0.4577127010085746,1.634465508632945,3.6224117190936083,10.314494046892111
3.8658609041417398,-2.317343175292914,-1.0006521052336523,8.858514225310579,-0.25439867508972974,-1.3503731179432938
-0.29776545817224703,4.250893942498845,2.411806210405709,8.649856077200191,7.668857090926838,2.0197639669622394
20.164002696720885,-0.5995863679700253,-0.15436051088099784,1.615572902069526,48.02130561486482,11.948506124972647
-0.5636135231952741,-2.88689952508046,-1.3288850614082728,19.266385505781678,-1.921650507746379,-0.9458159008044066
-0.3778842824089326,-1.2164463396904772,-0.4675947225209449,11.992630542745104,-1.8270975304321297,-0.1669571253265649
7.337670070294297,12.691780116493359,6.235119596713464,38.083730079400105,17.342173799206254,9.155219657002743
0.3961719003834228,0.610426691252679,0.6290440054903057,-2.8886489426285986,-0.016087867220707607,6.627149782270422
-0.11221104916166338,4.984315782580808,2.706133658108171,4.923853322814173,-0.802563474417368,6.392402953821963
3.8247612813284535,12.108584511981785,5.482793195150248,2.242725652003293,12.724414219752534,5.099646152246179
-3.6984316143032565,-0.8764885242372042,-0.3478326564033018,14.461537764144275,-9.772866361699414,-0.24234557021529596
-0.012171673939521788,-1.1144098186601201,-0.44538743328505215,-1.6838671036249275,5.057201383842199,2.57811134470239
-0.2997631013657501,2.3768128805698234,1.5078974397615048,-0.5425102169695695,1.277564938904871,2.0071774563118985
1.4846404898946708,-0.30716505025457147,-0.04053831016086132,-1.016469264515426,-1.6746528509461307,-1.6329861420301073
1.789629603815326,10.086918931223503,4.997526140471215,6.358638159975042,6.155412462539553,9.480968917991325
0.08881182318486092,-1.18192097953232,-0.46695786764635794,27.431157370519365,-0.7889643406491352,3.7697567210725076
3.3688745493019034,-1.2185122601018537,-0.5640596530629821,1.890768593511118,3.8204644210365926,-0.7439867549121323
-0.10995611600192984,6.123963279288739,3.33486760533688,7.947151869613802,1.164768447954677,9.115305190103944
0.7872699260962676,0.01339420774672817,0.5689227950937912,-0.504109410763637,-0.280800776548341,-0.31722797691621796
3.8288395380437255,9.161984372762147,4.699418366239258,8.713278099946868,9.323681358788921,9.66106622877705
0.10124776590703854,-1.2333958601601704,-0.5249811836376153,1.557645765355156,-0.6619385178915085,0.9596003582359066
1.3813497589301205,18.59465715224465,9.069230228438803,8.97161250084602,1.298537496023456,4.423846954643538
-0.4425338239219581,-0.20646893266123956,-0.04127753899809712,4.037485430756376,-2.019343392504489,-0.07916026023463832
-0.33045253699572547,0.6584733667590373,0.545641391070107,-1.70517050046655,-0.1282871378347241,-0.6631352412968795
-0.05178142545820537,-0.6464550153106506,-0.27028895758365173,16.360584757749344,-0.1977019061031212,2.199951819183288
0.4453092481170567,3.356977131977238,2.033711879444514,37.96395522824387,-0.3071669389290807,14.488113572760836
-0.8714468022381564,0.21395521030693299,0.3389963116253356,20.174332614254823,3.6842997141264875,17.823688670095418
3.4557082968821566,-0.19591616507937581,-0.03815370970429022,2.0305594693501123,6.963100022191269,5.438452621253351
14.32343034599566,7.72944402036429,4.100772890688361,15.936963408621871,33.04066862170994,6.335958833097062
2.6945911842109793,6.361250474188115,3.39718996312482,13.37190615749703,5.931729193646415,5.081881545165476
11.249464173691013,17.087292548498304,8.430779710176964,8.559925487911876,26.06635753071725,15.797094632465765
0.6490583539325607,-0.1713521964860821,-0.021746572672722488,-1.0651011728739141,4.687740845736122,1.5503676742939307
4.795354392016692,-0.9686374938788227,-0.3794443360071691,3.043734260299562,8.844317187118216,-0.4150859426354259
9.512518052318363,10.058639239133948,5.439741857373677,1.2711921403007889,26.763935820804264,10.411371712702909
-1.2343084710669017,-0.8188885545540485,-0.3435664965854418,-1.1658747077820883,-2.7900912041728465,6.985281038858147
13.759675487510927,6.614514463442596,3.671730471463153,16.272509721249772,33.769908632702474,2.6176181547902067
-0.04964136824491492,-0.3624599457813342,-0.23303287193442523,26.069897178473312,2.7170421135798746,-0.04571564394082042
8.090806987981365,12.192278923350575,6.38444090851043,0.49950327467024624,25.86618840515256,11.912332332066459
2.559638702109737,6.654522766119255,3.425422199290271,-2.126736115104037,1.7289071725776535,-0.6205964913676102
-0.757018675303039,-0.7025432433591147,-0.2901596863799664,-0.7665554172472746,-1.7797247873015607,10.870079424913847
8.661609182023552,5.355529173507952,3.088689368242526,2.4659378012751083,16.527119245075948,-1.4941444398133275
16.798384636165874,0.9103706277458976,0.48271093062192555,1.6569044758375457,23.78811425110622,-1.2314556354403976
-0.009379067312198975,-0.6262934243096919,-0.2409434761466887,-0.725748906753379,1.4269642083385694,2.6619592862871944
1.0948695126035295,13.276365740343222,6.859602434754215,9.900165882933148,24.133114361507772,10.409837144045687
1.8048715448618846,5.044817057175408,2.6825129506518577,7.643819261276606,0.2595578340399463,3.950545796637595
-0.3275319179267206,5.862817181655039,2.9921592471275327,1.498078196627592,-2.3661131982061274,4.943061548632363
-0.902392182506647,-0.5035536670375714,-0.17969613367026796,2.4141454846038286,-1.9159375278263295,-0.06325073774950507
5.266813462929893,4.480437910698078,1.7629616050138164,2.652845203351032,17.264964300544513,-0.23437167565670358
-0.41693041516169665,1.4149227579829207,0.8255375934580607,2.249321700988072,-0.7032893171412007,4.436185569923293
4.953660579546231,6.8802470358506005,3.2002213185722983,12.118995845356709,-1.016622005580896,-1.2382109050952064
2.080604284826664,3.516738323700213,2.3054014691579106,-0.6252986729185221,6.475714752091228,3.3728379595043405
-0.28796835318969866,6.338912483093951,3.432575986060785,-0.4276679978468192,2.277224390863265,5.102454679098631
3.910552786128682,8.182434004922085,4.116461059636099,-0.05304310998209503,7.21406341099549,-0.25474589384527924
0.10079854334574945,0.21023345238107244,0.4113528679422485,7.529442885024126,-1.4792166534979607,7.135167696773399
0.02959376916307166,-0.38828752318239257,-0.17805307079688235,-0.39330800949664013,-1.2494429873786983,0.1816900742821671
-0.003175537591969513,-2.8206393946195303,-1.3210717196647543,-1.0505093237519327,1.7108982619818884,-1.5093538361073466
-0.16569570727129004,6.217728768290141,2.792743048548095,7.743838088153541,-0.10068866591704054,6.278033217936494
0.5719538011644231,5.003558038030925,3.011393352681427,5.851392992105756,18.272882025830533,10.160592319678736
5.365424950149806,-0.4493133973129488,-0.09435410425821043,3.2816861076578636,4.052600253040103,2.6253474199910873
11.396656893555122,6.192527280754513,3.299847119454225,-0.17465380824676047,21.72842334846606,9.265631712700324
-0.4583459277475743,-0.18114512996262153,-0.029163154291385187,-0.1431742946381443,-2.6361726695372805,5.487040724678294
0.7004507016111208,-2.595230445698645,-1.1680095011336407,-1.2246360008190562,-0.2836712805517183,0.795811142024239
-0.3665796489903112,-0.35601847031849587,-0.07361763110637641,-0.7399702721157763,5.660236125751841,8.824901782703545
-0.4812628445488118,-1.222925834365118,-0.6842173628242568,-0.03678088736062912,-3.575906759253937,6.725590465192805
2.2429073892963194,5.055941509610483,2.752022539440008,3.576551251339473,11.883461080671884,7.75038725237016
0.18894145076139623,8.284544355173098,4.144918562740443,-0.7975021309021536,-0.19197810394170245,2.711860747139676
0.7618360940538111,-0.0950702681162847,-0.214617788084832,-0.7539170860955142,5.124428102578952,-0.7849578541521972
1.195458841586742,-0.41232129763339326,-0.16555223103124078,-0.2508049439816895,-1.2074908061658736,11.540786571795358
0.7016139445326287,1.884916195819689,1.1077995352693208,-0.4432360801401652,0.16066731051737504,-0.2158469443035243
4.171039305916796,-0.9020026414423374,-0.46792213772663277,8.83195743657578,-0.08058519241023542,2.6550876158613486
-1.037518352915307,-1.6172476184447129,-0.791090594413443,-0.7777570531269457,-2.685390295838747,-0.345999199759303
3.9896821169971277,-0.5172241724723107,-0.21014964572891312,12.782583795530758,-0.11368380195337353,1.1777919796525929
-0.29669943767102125,-2.78572310228995,-1.2669936988520514,-1.3799603854395839,-1.491208904728623,10.76315405013977
-0.140251739647234,-1.7577285649055678,-0.7142207119516796,0.37312956145014503,-1.430661542368488,-1.040592548617092
1.4541690537660428,7.151848263325946,3.8314501124415337,3.7140984711562446,1.7654131824284676,-2.1377148697008455
-0.09790820180213503,17.526148639729442,8.965137538566195,29.758771217108855,8.897032988136923,10.385995301115994
-0.14778589733744626,8.02488303404086,4.273889179746616,-2.869710732226195,3.5624584457742303,-0.20443640423005657
2.038238689436862,-0.5265610101062348,-0.24239442036162762,-1.997852162283534,6.3231978693299915,-0.14300280735990553
3.8864930745363973,0.8283262181355986,1.12196511229663,10.490582121113338,12.70720170648308,5.109458729192871
8.482556462596635,-0.8458292052655836,-0.35038194933564065,7.200198690060818,10.818109985992196,-1.186746159426251
9.429622744706121,2.1786490397004195,1.4605385085720637,7.041173762353818,16.346594961603966,2.494043953259412
14.18479532996607,-1.6093703517495734,-0.7946375081236896,-5.147929222474813,24.34945671306499,5.588401324500998
-0.628828966677915,-0.7965200457524639,-0.3503051487635115,-1.729036382395037,-4.19752105716762,-4.015465991353157
-1.4598532624358374,10.642146806148395,5.378115350673262,-3.950599099863563,-3.4138341104990717,-0.7844484250467973
-4.042242634030384,-2.5097866531056394,-1.1663537407928353,-1.45842329138123,-8.747073597554376,-0.32878511954523304
-0.3059319269714995,7.521430656611079,3.6857006707221593,-1.185055061420591,2.8808802143524344,4.052629246263533
-0.869352144008801,0.5017805883723627,0.811711735086639,-0.7926094934734684,-0.7201566210683561,1.5859848917782478
0.1358483774276371,-0.751700202950415,-0.3140018266448973,-1.407847460023516,-1.4322472553947019,-0.36047174150654193
7.816973969332611,-1.3322955698844936,-0.5725510880024446,15.624315012035954,12.826599172579035,8.287418235211367
2.623098633709908,8.370616978425168,4.3383341150289905,-0.46226383648967195,13.534556967752826,-0.6311128718277961
-0.025541505803027633,-1.3763333655571857,-0.6241519312199127,-1.8372419910916815,-1.43107889590246,-0.6547765903837691
-0.4582219878487552,-1.7040538857439735,-0.7955380734634387,5.682111520437834,-0.6018331945755451,9.468769264445264
-0.8457744853078117,1.7516797860122746,1.4209441855316503,-8.71479631908014,-2.078152948503718,-0.3619830880549137
-0.20504277200530382,-2.961085016183999,-1.382133440038283,-0.030155356538142986,-4.520015270048269,-0.42824353662198966
1.3108847587941286,-1.9221232300068036,-0.8477443361546053,-0.7071460666199327,-0.39791354979691773,-1.4228676245174412
-0.6590149784531563,-4.607743228366057,-2.143308042964461,-2.6392279297281216,-1.4655536211217184,-1.4238842847556867
-2.4485528837971255,4.7223010691775595,3.2615160407994837,-2.392722422517546,-4.699396028525845,-0.4902547910144861
-1.3259439159438617,1.3489358739104238,0.6662915628273286,-0.5495755247788232,2.0998749221887745,22.305465110612637
4.448875451102459,12.466311746616954,6.447950481208431,13.980665829937376,10.15150692097198,2.8364806608621738
2.031747548188772,0.2862657085447665,0.32378380169592746,-2.0280704929482933,2.2966932273015597,-0.39748290346467163
-0.14088164481791804,1.5496592602613075,1.1708370971742723,0.42242414136480905,-1.0967670071090816,-0.8167931062855875
8.839618561980382,1.0035212111738414,0.6892319356677024,-0.5758503209358905,15.707047916545317,0.3599439823478098
6.966325769906259,-1.4401099482898188,-0.6260673274626256,-1.2661348132427228,7.002142851321435,-1.3255718429718373
1.1052747590229055,2.3106666881194315,1.3742298937045767,-0.056414419041160624,5.724010816996362,6.699797977070003
-0.0661086349339767,-2.1153718423372765,-0.9699545709458812,17.657428511939898,-0.7061819268160092,-0.1830314360034532
-0.21886865356853713,-0.7833326212876439,-0.35672404581365486,-1.7898985283546698,1.988546165292468,6.997743634827274
4.797949649124386,29.48651527147324,14.443796143468658,10.786158091339894,14.394909764846155,0.8830488373867491
-2.0099814710145583,-0.3522481971941379,-0.08551722127376343,-1.1603209243286698,-4.530246160594181,-0.35586680654662217
2.503750356634522,0.6685469115818641,1.0237716378216393,7.524339210883579,-0.4073411690636192,-0.6839804444733574
-1.70844866107048,-0.2736703491624038,-0.0661039548205201,10.405642213352865,-4.530426786509431,-0.8351912107193393
-0.36720882781651454,-0.8254034612776044,-0.3075353418892796,-0.981157628153974,-2.172358849701139,-0.44563912976986075
1.5090752985511413,-0.5842909053286116,-0.2283187623490325,-0.3763472098012983,-1.3686277726385363,0.9760333164188878
6.345265791279259,16.309826293589317,8.220243875690318,32.20318971882914,24.039905627864734,12.040520799634837
0.6881658509071713,-1.2279528695027768,-0.5842921759175214,-1.240311649756392,-1.232209424612719,-0.6888109047027315
2.5907019722554296,-0.903219095305032,-0.3879811637137355,2.093529262817059,-0.7541302842367051,-0.4208551572479811
1.9475804018357874,3.37479369193918,2.025091702055369,11.50048242112327,8.71061192837982,9.554035337904057
-1.1306879342658882,-1.181241832422258,-0.5785330440046649,7.338713467108151,-2.478649483563058,3.9870449161587604
0.3057814870198355,1.1553368353663118,1.1738286258510233,8.365055481770034,-0.8838602820313389,9.219032344057485
-0.9292218502948638,-4.299914020469636,-1.9915504160253559,-2.129846093037578,-2.1051340448555673,-1.1379766537487994
0.21891759915936992,14.833169208694189,7.296607588883531,29.256321204817024,8.795770597541022,5.793811058974401
-0.24330701061827692,0.06493070845688198,0.27937311656794017,7.09747074841618,-0.20652744691964886,0.5157941204659444
5.659279638118924,-0.9174514513986325,-0.3996793298025876,2.9846091308733147,13.401996493123624,3.3803454771588486
1.7501134524005577,7.847747522574087,4.938919035792005,4.702223130198211,-0.16647005005847973,2.570106041747582
5.971183524113097,-0.02682533867427288,0.08527380390997286,-0.8801040539395055,3.7765202996193636,-0.07430490919651848
1.0043108959820553,-0.9409799777237281,-0.2844163110725423,1.3573290836338432,3.341979231461046,6.7676772536387
5.884176996092515,-0.8950914843487192,-0.37181775164182523,1.8879927823142446,9.225649751530135,-0.5017564652852159
0.8757357125378129,3.129902039060588,1.6096430397268342,10.522913066508849,0.7180358550054734,-0.8662540688767978
6.12926727328341,0.3226710048294951,1.0001473199430935,1.0032797079600106,17.143891339793935,4.821914637069259
3.746413549065914,26.278829721065904,13.247246551067773,10.693205098496774,19.350556251111964,5.593670192453603
-0.6755922350448991,-0.12338191913716473,0.046979013134551995,-0.32910940594064053,-3.366376927724575,-2.102606640078411
0.011432774190472283,-1.2879610360586609,-0.3820831548048149,1.495784460582028,0.0737818674667563,4.724579407694209
-1.5863335573903696,-1.9752133202280526,-0.9449291702022787,-2.946971649073486,-5.967470906545738,-2.8770445718802247
2.998310893891756,2.1828413578935533,1.250580116702768,-1.1711257228550411,-0.27030186059215033,-1.647871676285603
-0.304365611100343,23.65109305053205,11.500191953269006,3.922601985624877,2.162731300859974,8.326713856412077
-0.4563842292476812,-2.7260735656930986,-1.3026379072644678,-2.2928604426908787,-1.2957965648724377,0.22458817241223317
-2.3179970102070433,0.07057880588257692,0.43842907043290014,3.3197690262723514,-4.469492895129558,0.5339807458850512
3.650081448591127,1.2830438555467065,0.9887222497055926,-1.5259848439447552,0.31052740633469383,-4.076331010519377
1.973358207156022,-0.5673926023409507,-0.29918600632668957,-0.3291160115902405,0.8730237875741325,6.771961164430779
2.549701909963837,-0.12181377207965348,0.16839597491003094,-1.7549511035401733,3.7912112759423087,-0.16291242089401203
1.2126929563448263,8.846144019595366,4.488534593995189,12.934546646822739,12.972042493982325,9.092767068929463
1.2698099305342874,-0.6625417973545037,-0.3136636639422003,-0.6256661593502676,-2.0526493612124246,-0.09020401307841697
1.6161794151702438,33.93500104626359,16.26924895685773,3.1629715645069343,40.723043908060916,23.845056615226536
10.409258969472704,1.8734588173526294,1.338896750121735,4.441509377407476,19.45867191827556,6.451936351265133
0.4667724244043981,3.870569802112586,2.01586463352627,7.730806735835729,2.7546284927821043,16.311665097687666
-1.0307837352555924,-0.9831234039810428,-0.4423725667614374,14.638176927270589,-2.1993633738565186,4.720350842189866
-0.9670858355336835,-0.70504025488153,-0.31746948596956487,-1.0167490110669481,-1.364972023779948,4.675458875599742
0.45039526636827026,10.44937606258913,5.329824186045925,0.05132843284690447,2.758962274778157,-0.9547204176564054
1.0709969868678098,8.210701464702504,4.584780638907805,0.86222874027649,3.0418195661537477,1.6458711996108863
-0.3474680526785392,-0.581975061721906,-0.2139476119619233,-2.110750879072767,-2.7754786467374872,-1.8633503321847606
-0.6646707585477547,-0.5218942348644233,-0.1952760841463698,2.824112622915358,-1.2962047905213583,7.589969496808227
1.2951638815621318,-0.018867507599934052,0.4935811265685096,-1.0250991348139007,-0.0039864276370628286,-0.036299501535346404
2.108885214756376,-0.3007559872252126,-0.0829691224703379,-3.9824860513066542,6.40419624338922,2.913724693767601
5.696534314376172,-0.6878656728782819,-0.2646786109657882,5.0227718308737215,8.99423047632658,5.080256578138294
1.637141554432379,7.001569024753061,3.5113117786061445,1.3748272034671933,12.051266823063546,2.123157229219271
-0.6738209598842299,-0.2147008038597975,-0.09281714595488828,22.218623824785016,-1.8322947527865148,4.606531794994983
6.525125723262312,24.290693500680323,11.884278294816914,-2.67196431989271,15.275688814938611,-2.9736351466337023
6.143763050505039,5.174778346916842,2.1870152530066846,3.7778799851709044,14.62086656493163,5.123232611330808
0.8923334272309307,1.0415201230475681,0.912591875798137,-0.16062704535953998,3.080315642561323,-0.938924585933086
2.8959485500664153,13.353148074438952,5.9799620590672715,26.3199738148629,7.369683867385942,8.020686159526386
-0.5000838465950203,0.7483093322053358,0.6636951382519664,0.16005453498632227,-1.3080158292443922,1.9487899228757448
6.290245446538659,28.10602065590762,13.667227383247292,-0.20192355545127924,26.380937201676343,10.901676981053667
2.54821988554545,-0.4645210827328569,-0.22893326818220402,-5.841435460110496,5.440143008176356,-0.8293002997790482
-0.16600042038216423,-1.8663055656094056,-0.8595018367574572,-0.7910620929979569,-0.6038288819332944,-0.3848119119012383
9.593412074625007,5.994987845858484,3.1545831695362203,-4.9551201543188075,21.447744000845724,4.821867037171424
2.9313519448816727,-1.860601307067788,-0.8032395057737581,4.156610552971269,10.06705340339618,-0.4357423129199381
0.1394602118310737,-0.9743027299799407,-0.38345796690035083,-1.5416359386057366,-3.256035336591369,-1.9497122832546705
5.861289679260646,8.16377188717845,3.8477188056370544,5.4015311328398985,18.435101469770256,5.734568146778432
-0.9113706547070587,-0.02109246269170122,0.17522840008040952,10.855942978097318,-2.462051300161837,-0.07074704521756879
-0.3005117918261767,1.7260045407468363,1.303060203764339,19.73568401515431,-2.9732766048078054,-1.0227765164797729
-1.3025886363762513,5.64544598850013,3.284730858469251,-1.4933723648762227,-1.9422943509588237,5.053609229686637
3.2079106604000236,9.499593241548276,4.977446500852527,13.656250222084715,11.448115492349515,5.206313849143492
-0.8517773349481934,-0.31170196474904516,-0.06124544183010976,7.210195489241046,-2.921495703458954,1.0232994530663744
6.351649882435212,2.9198090712616196,1.7606023426460358,-0.014949837158359493,14.76124267304774,-0.39976304464040413
3.2934138926881964,2.5859692789111444,1.7648739979765236,-1.7697344168422273,6.703676993028724,-0.2804180835499117
1.1488178681465153,-0.6877392331867322,-0.35913609488153614,13.978915102077584,-2.7732386297172145,-0.8266023095404043
2.413219678288608,2.4782273975399285,1.4756965142127108,-0.31349287115171004,0.8833904217489578,-1.230878700888418
-1.0533214765355667,18.63703189114057,9.524765743425466,6.98135226095457,10.607178029193108,18.057831201004145
2.0773064408369377,3.507683481322144,2.073839906330726,7.478675307501048,12.487552180043426,0.5123261594235694
2.9608401102957753,-5.062355041675705,-2.3593058255067336,-1.8649145462717716,-2.089341740897973,-1.193948966520905
-0.9352699573229725,6.404650817450202,3.4193585364921213,29.494490677620274,-0.3323986794402016,11.72639142350118
2.855580986145406,9.18895021760835,5.176338367358383,8.131543786567505,10.982003244439529,7.217402375297629
2.87502741017531,1.3970555709097976,0.8581004916407249,5.250199516762759,1.3483607160161775,-1.9249614788771574
7.010790000993031,2.9644569431225936,1.8031720159133942,2.0782310221597964,13.378245759005772,0.7196451816173861
-1.927359382553676,-0.2748470410546192,-0.01988270984359144,-1.4985531673695265,-6.3985977194150445,-1.6920981696687585
1.4310252215324433,3.483033149227858,1.9161175885552844,-0.5546131458481475,1.4555027122280413,6.309944453862614
0.3800356094859431,8.61622445882715,4.316518302423555,5.672459187277862,10.595104244715499,11.651222058656904
-1.8935125542701585,-0.9070237929276902,-0.344903760033801,-1.4593542054693034,-5.095224895673038,-0.742472950169969
0.7200820028603733,-5.197821024062072,-2.3588134327867234,2.4317696538887574,-1.9788856203878673,-0.4165845553424394
-2.9512326109755147,3.9771907260795523,2.447652951337213,0.37794914144287717,-5.479891972005217,1.604603746415636
0.8286399067579225,-1.6024636783548463,-0.6900913098581365,0.7652505627160212,-4.285170132800288,-2.4970156327187083
6.068505036787799,-0.9898440734925956,-0.32590347470388514,9.239639172090106,-0.30642337864813635,-0.0850912782769246
1.0097697914932602,-0.9118293443821911,-0.3062109663026082,-2.04774839040229,-2.4000272926718424,-3.511614463582371
-0.4827308735532572,-0.7122560428169679,-0.27281600491178415,-0.7056693764405652,-2.1640017639357225,0.2043623584881925
2.3968781421758685,9.65021468478551,4.90325856042842,9.953576919725839,10.869562121791462,5.625905413617042
5.465079394710333,7.436420265148734,4.085282680802891,-3.9776360907870827,14.429950534519767,-1.6133019565056046
5.916580271150685,4.811252106666596,2.9939616183456046,-0.25417960295944436,12.239891431774042,-0.9602088505386212
6.9849005525458665,-0.8685384819230176,-0.37083106782091424,-0.36964879957731167,14.772705897183107,11.181547441160026
-0.3878939827893144,1.0108765533500688,1.081165844798734,4.941425105284943,3.5409505196886752,19.60263844448374
1.2624189219927886,0.8876755737480565,1.1197271163012736,-3.312048182610765,1.6669747629341205,11.476440880361062
5.758655981686407,-0.39425639625451947,-0.13418885243666376,-0.9005605055912975,-0.3897337011861476,-1.3917684671103607
3.432363588667388,-0.7878618028466695,-0.21591769402152905,11.722251182028936,5.2753168791308465,5.333646879749167
-0.8828746387369022,-1.0397280281233563,-0.44383932377138147,2.8238898452592,-2.193542848223367,3.098307832631705
-0.7496956039412164,4.006688236010633,2.299830905795344,7.248351325156847,-2.130398940479293,8.697872955789395
1.8860661768770621,4.342082843234574,2.2180026196869767,-1.6394929537964185,1.1664943892119868,-0.3683738254371154
-0.07638877687246617,0.6715023698416173,0.37324190598454554,2.0866210468808397,-0.09800007054351274,0.450802452557785
-0.4094705128377143,5.995495553755926,3.702469492214661,3.5476838219164586,-0.2617245768276765,-0.21192993193570386
-1.7616496480924049,-3.332433849932781,-1.671265808707733,-0.9871501684831966,-6.197763913609956,-0.3979010983292657
6.174506302073861,-0.23165685382066992,-0.05952913957906434,10.298879157907331,3.964113080454806,0.2944166725829202
2.8649882140787586,5.544840805356196,2.707244459537514,7.666324280050356,19.594813502704287,11.939563779845471
2.2452674376984953,0.5418726190531193,0.4901051612093344,-2.848457454702066,10.54592099247681,0.40750987854230425
-0.0909160390933701,-0.2854234099572526,-0.08585162073336527,0.7801947335602711,1.001031474586597,4.369686403501167
-0.3959192827126822,1.7376030904216746,0.8239107611685484,-0.9729992012733364,-0.6378873952781531,-0.34883796274966494
5.336026731319143,-0.5873940121446458,-0.21836974776157972,-4.6225391735566905,12.643295988434666,-0.08492041413918541
-0.0034041757970787014,-0.06404163682079314,0.4087946721325729,1.8032790953793119,-0.6325248433579406,2.1413430421499315
-0.47961531105440686,-1.7238430270895873,-0.8074686847525078,-1.0482517646963785,-1.5432065207244552,3.990489474169009
-1.6987209770876324,-2.6551970517242665,-1.14034710868491,9.761023634096667,-5.469248760268981,-1.701261137401372
-1.379258587741086,0.9277151437472297,0.9173423740001371,0.2518660642647964,-2.7163285805963344,-0.3422051288884577
0.7120618058575161,4.050111972608053,2.3383757700997805,8.5289727760395,5.360935191093348,1.9290605645484167
1.9165432324812408,7.132954932099278,3.5056800746396295,8.677252261652841,5.600629885286639,2.3651230052694157
2.736869329438191,-0.4198091417899928,-0.15174187522511517,15.884991593620144,1.3584241313149708,-0.09695610802512022
-0.35535919020256795,-2.381577557376962,-1.1358545318070492,-0.23118587100673818,-2.932166251406463,-1.5525273369256058
3.0481291107756254,14.47466879726874,7.610382368754871,-5.249714999893172,18.43950362054756,-0.4215976571339615
13.644268618952736,-2.2884083998481963,-1.009971598056654,-1.0646569846554612,10.593842221278019,-0.9380812250895076
2.583325110834094,3.2164707022691084,1.9149040585974022,7.196559056704967,11.852969106711104,5.238661082584253
0.5590741472681586,-1.6495127830942242,-0.6732405677441127,3.349973394801941,-2.929945593840286,-0.7725449834120902
-1.5416670214418295,9.738429468391182,4.833720483008828,9.110711285355302,-1.5174657358592913,6.114712456077134
1.1098373309235612,8.553754902984226,4.490634164588366,1.3772361747936488,-1.1006829491343275,5.117046349968995
0.20622603326920952,7.465576863575048,3.3372730608224996,8.654090037067665,1.4735180086198776,12.33720749984308
5.545379110637343,-0.5067204120221026,-0.21688688190949082,0.5559182741788602,1.5450104069387394,-0.5818045271319713
-1.4759891863244756,-1.1893057490705887,-0.5706982076184147,-0.6138339163758652,-6.061691517523598,-1.956637677154549
0.40629739324658404,-1.0362625282727234,-0.43184383916493535,-0.5841597107278851,-1.7299535716057726,-1.375450754701368
3.5209922463263945,5.89636578044774,3.14390998959784,3.942218549764731,11.77296286945252,-0.003934460006302843
-0.45518469044976834,8.938381568594902,4.526233185919527,8.39181364079173,-0.6393992908408633,5.7148749752739185
1.7407798750591237,-0.991489105997975,-0.4119681982561411,0.4091471754114563,-0.9398181021733601,-0.2384541356057476
2.0328938863729267,-1.1719899039978101,-0.5258655595537959,4.101993229081664,-0.38084016761631667,1.2936559773769383
3.0442130303595825,5.642927158707945,3.411200110691587,11.824350721993971,11.135677681276052,5.737008420565346
-0.8855612000878814,7.399323411838799,3.893948377744066,0.3453433027202428,-0.641624585053608,10.002279778201679
-2.5672400799072723,-0.9145014244794434,-0.3443045888213641,-0.5677249339167695,-4.948517920169555,-0.08636737739890427
-0.23514106139766588,6.518164195703714,3.6012369832905815,3.4656980192636615,18.109622806784795,13.992876824218094
7.140038242043656,10.46615575806982,4.963043569197965,3.585572132508007,19.394268639374005,2.2473845646246664
-0.5881671542716201,-0.8070670103381664,-0.3560456958355223,-2.0256807967645503,-1.5544988848810428,-0.990274885190833
-0.9192427954494327,8.667431105176652,4.416939537081133,13.645376784280714,-4.268088834711243,4.31483134618655
3.5245426350691327,0.4711270866433422,0.4308817949722493,-0.9339749470462394,2.6190257098227505,1.9862770443322684
4.195936239756457,-1.0300480383689712,-0.39535970063542475,-2.4837041197575083,-0.6331667531579119,-1.1609056932351032
5.767011767994209,-2.093303564503344,-0.9049106029301065,10.090857850488863,7.7169258843449455,8.775478932094376
1.7379857639791267,-1.7655919509863265,-0.7538073719899574,-2.0999373826200456,-0.10876966768447052,-1.000892540193848
9.814515287115084,-0.6297611607193626,-0.15965143815689584,-1.7109694705694114,19.404196209298764,10.169477787499025
-1.167650490721601,-0.5755433471242528,-0.20873666144431727,-2.7868172645720306,-1.3429130227050634,6.178312199183034
-0.22948513699493064,6.084486469557639,3.083706902944549,-2.078655608635712,4.852548268538891,-0.5554434222516064
7.544762465211643,7.182864812814321,3.7617780471799884,-0.8805495995136866,18.29206335625282,4.9925442637133255
1.3981889655144253,4.208484671641149,2.174707845881635,9.916727298747112,4.691704112006087,13.299359791012948
10.784678823373389,9.852588222953806,4.5962483656295525,-2.803646496136629,24.631252084042238,9.20391515291922
-0.004443045850358152,-1.7953867635169194,-0.741382461573976,0.5233327276942987,-1.546222979996055,-0.22952662233792218
4.049098287983051,3.5791983891869523,1.8322635898659445,0.38335402476630065,9.46576565280165,4.230867531991699
-1.4171630952289362,-2.8042336696010035,-1.3184122525872066,-3.1135965656258104,-5.441716210436635,-4.442945862079776
-1.1540341647596317,-1.6746158787872187,-0.7712551904692962,-2.15283934086085,-2.581176987886682,0.039207864966122274
2.9939753737984063,7.028221603240592,3.800826358150372,4.207293913583931,13.474592112782757,5.644594965424407
5.442646208169003,10.226100144148074,5.1597945704823385,7.739066973592709,19.796533984696595,7.060553015518507
6.176363901730712,5.984948789850665,2.9236068845604755,13.1638860496939,15.384988081673859,6.957257438066297
0.8914995520772007,-3.2280843661668053,-1.5027471706282658,2.0919523353690153,-3.7205377579779935,-1.2670829483459105
4.09372945435217,3.5546926268473085,1.8892459146450753,3.4622484444248434,10.56162920589079,-0.8378520368181536
3.1104355284766916,-1.2593221575035738,-0.5233810353509991,17.46034912375428,6.254506058422923,6.860637649573414
-2.967994746084863,-5.991149494178105,-2.7734617591883257,2.1757662691521062,-9.200523046919084,-3.7790889540472756
-0.20729264373958856,-0.59489085058457,-0.16471430642300566,4.052038769511973,-2.258293870541009,-2.3351048683144326
-3.3914890018214088,-1.2091627333405142,-0.4849874397777839,8.389753458627855,-7.829229811457219,-1.3099188153921735
9.055467567510233,6.981748077992614,3.2183527765569564,11.804786726074669,18.8239978144585,-0.08343772731291432
4.096020697728475,6.175683850684644,3.174474823968359,2.9709336561968707,6.007807889839803,1.724993590349906
-0.1539287252490286,9.921331845873947,4.982919114621111,9.6208327126305,8.492259120296053,9.745844247714329
-2.4631757347050725,10.330820709190851,5.289225778147523,7.734566702937791,-3.0896453526832226,14.648672502572143
-0.47464668450873265,16.29315070627764,7.935278009817894,-0.08557830763161656,1.7862001599808646,-0.22722381454374854
-2.101831423351828,-3.0539541613421393,-1.259814490370771,2.197709211060756,-7.726522640713256,-2.6922279430570377
-0.672042372690512,-1.8599777104999675,-0.7989841447315226,0.0463584507526994,-2.566837285299563,-1.9620659236950635
-0.9321787720815298,-0.33246803871239383,-0.17216613484037954,0.6910033814132055,-1.808813807588237,-0.06235185206505461
4.39815429304933,-1.1991940938884231,-0.40441468617208987,0.518430271854102,4.82420428949092,-0.3349217204572536
1.329952219433875,-0.41184624321828944,-0.14332883503206081,11.095391496107453,-2.253617275984051,-0.3737995891358407
4.826030627474428,8.596299201617276,4.369040406911315,0.8849732907338055,-0.06539039227983094,-2.2295393288025442
3.908934599326331,6.2236124934815,3.418820696639462,8.089762971297622,9.372169250646738,9.56873482837216
2.5106348385499455,0.5630876378211152,0.4964603842420746,6.287571091277719,-0.38830812775038104,-2.174443635903233
-0.10158648318948003,5.876677668868303,2.99258682827333,12.320499295781909,-0.49241904693235095,5.692432010548723
0.5858854917198553,14.020453857144714,7.027824881502662,-2.2750392048135724,8.217805130742361,-0.1956076207475717
-0.4409859701163923,-3.034260262616461,-1.363176175441507,3.0537933040056444,-0.882521236032896,-0.8092066738048361
0.09318501322169626,4.49547989701178,2.4400436369645258,0.9632026859249202,9.804521768149636,4.6583343702273
0.7213288523659505,1.4277609851437543,1.572896652678557,-0.2237078957382253,-2.207253124389426,-0.9026028781091027
6.301375842049529,-1.8995312661729429,-0.830030852754097,0.7329811250919746,7.396434732286769,-0.5410971570144305
-0.47007792868482723,3.899270653492697,2.2603960638466205,0.7991501864456946,-0.01831656963945596,3.7096650978508174
-0.6049752450772922,13.626224602620614,6.957131435073584,24.382069229714176,-0.7847914250872456,11.654857404044735
-1.1606256987050556,4.994276106722278,3.1708431531659977,-1.6849962334751023,-3.6562865089760566,-1.225725205051825
1.4829232060784687,-1.3588388225089996,-0.5810986857487415,-3.0425741733114173,-0.781122757604737,-1.89431587382668
2.743254979575106,10.312142553280875,5.168127711162141,3.6104795581414484,6.259022889058756,9.893488669579401
-0.34131532515275803,-0.9502593840464026,-0.378354474277592,-0.3797257200425337,-2.374737877209346,-0.6906060050128927
-1.132903296077652,-2.904439638723824,-1.2549247671173753,1.431161439526869,-4.899330030800372,-1.055336355483773
0.019904316897326857,-1.0707259865095236,-0.4297032844873904,-1.2291297345530543,0.8579829156184288,-1.8366836859700506
-0.43100335184459504,8.22887713049515,4.179901717983922,3.5860777004981674,3.3379977823903952,19.538689031157503
1.3191279787442687,-0.8473738661398935,-0.40056023077985703,-0.7915487172684816,-0.8014784648634472,-1.0898019335154654
-1.9142751868553245,-1.781979725908907,-0.7965522207330162,8.423723237057313,-6.744675094310925,0.6862010239745105
5.120234836541887,-2.8060380458082683,-1.2843373758849033,-1.8383549831528374,-0.3941039489437855,-2.63400117319795
1.6683631613913916,6.554820255852928,3.5029303517116053,3.829034035655946,5.911975021011255,8.967131999547714
2.4194832136905706,-1.7332993084438262,-0.7775349099583599,0.29257904968755827,-1.8947934495827334,-2.888581260874769
-0.42039787044406474,0.935659606195802,0.7214299775076203,-0.5423621111616186,-0.9964653127932371,-1.6699698909005107
-0.9352501878435956,0.15420540800993277,0.5247879026128233,4.123288487821581,-0.9202685821447919,4.427798450104517
-6.5227202544307765,-3.477011636038784,-1.6991273905678608,-1.8674167764183118,-15.756731109927621,-1.2637162395552561
0.6842804709136238,-1.8038874061814654,-0.7855496015311845,-2.552038856114296,-0.421113563855509,-0.8557403730010397
2.8318823679055942,17.18286783490734,8.725476275467207,2.0557466046869375,6.344957046398487,-0.12269006035448471
-0.1875339641790056,3.1859029351562635,1.7274946189501383,4.934035340371871,12.313819318749928,31.611667849516433
-0.218061520233224,6.184234979839654,3.120010139876872,-0.6852413661530495,2.3121763183982926,2.8819545040781938
7.66147816264239,1.8404674571973718,1.1836982678477868,-1.1704111484310349,22.775812014656623,10.699822634453474
5.026092809083223,21.52820317011434,10.365993243527642,3.033005931553891,31.38242891000266,12.732002716306024
-0.6856167465039068,4.314983983423681,2.4422099028209123,-5.391804172185967,-0.7508812681045995,-1.5790131315484095
-0.3342070842061261,-0.5030243732150955,-0.11622157213028249,-0.7147028431257811,-0.3798048012246323,8.856128176251493
-0.21533552825687569,-2.1301714734721005,-0.8711773965188119,-0.5736453362128142,-1.7941897233607997,-1.0903560405270665
5.222197615351908,2.5771530705298686,1.200980188474455,-0.7333107302736592,10.188645267653401,0.005553556100607593
1.6012769299084748,3.6882881767260733,2.1956905998584295,4.652690296855995,9.023615593157196,7.836724599386425
2.5558566730809247,-0.7114822423253878,-0.2555276022783141,-3.0945115358015016,-2.6124972478319872,-5.191066273936313
0.4650667925269806,-1.587492797483699,-0.6948650469080637,0.7572251905339245,-1.9379338699165918,-0.9098994251728622
-0.11689721270569807,2.5239369601453965,1.3313745394007743,-0.45804590574439513,-0.3907789958704596,-0.25790781536791213
2.012849517056777,-0.5817057906753702,-0.10849580196066994,1.4323469768434665,-1.2085521344908707,-1.2295242112000837
10.419856090151034,9.78155949601494,4.937118038626289,-0.28023489437605825,34.93751233853416,8.483770263671548
0.9068561837267584,-0.19165038550477542,-0.045212570291109526,3.40620114605672,-0.5461010585807226,0.8633514832320829
1.1637856203001642,1.3148469536914558,0.8456238037572139,-1.0786879881235902,13.719399914853035,4.774225759663003
-0.6555943824946131,-1.106605971716568,-0.42572640746730733,-0.2991477251342822,2.706575413343501,7.408898754335497
2.4643119100384343,-0.34050175044204106,-0.12124781724958195,-0.003269080679519543,2.232378424272931,19.096974046988283
0.8791036030947017,5.950280852243605,2.9224051283831303,5.408446868559786,-0.49706636592848297,0.2731535115144854
1.1314002737164728,-0.37173842335161145,-0.07822561011503076,-3.5242773639960285,-1.1367513399578781,-1.8946537754377708
-0.18026556505595753,-0.5214069585036979,-0.24903572595258192,2.0699367994217983,-0.4523510593725303,-0.24832442779837494
9.95220664705716,-2.8661982820396874,-1.232070125540613,-2.209804733411867,9.530490890844593,-4.710934400824032
-0.5702055651586868,-0.6214674305764674,-0.22369231032516615,13.080009081807498,-1.2112067366406745,5.333604519780914
-1.3153032000074991,0.6196476770560775,0.5354604766415005,-3.3829058521931175,-3.348840301879967,-1.4169922905738908
5.4410871128393055,-1.4008529176481976,-0.5989384343579769,17.55118962816559,13.718057269391352,4.504228139504745
-0.6500495698037059,-1.2761866428293756,-0.525712362927219,4.885006075313665,-2.642760225038366,4.579916713132761
-0.5744063828549703,4.231612697423081,2.0589901693388137,2.362904004008394,-1.3664858819652899,2.4862767711939506
2.8241199867919597,-1.042148416230457,-0.4547187401659032,-1.119124815933271,0.3208321224824243,0.8615853740439314
-0.5644175468967138,-1.9639034195976386,-0.8681132031257532,-1.1463472782070276,-2.5257799295723,-0.7290713141070644
-0.1622674751358987,-0.4548870238781009,-0.2009662693393248,-1.3006139583873546,-0.39276615494428246,-1.0686936999184664
-0.7551699808807277,28.177560508136793,13.79045902127796,11.328162920788392,6.704342028384507,11.543098294744906
0.8299680505320861,-2.5967461052731804,-1.2156794037870615,-1.3409329450131693,-1.3388563402135656,-1.8270911134675012
0.8975000976304734,-1.5358198091998412,-0.7228111392139301,-5.7823516554192915,-0.16220071211962542,-0.5015967890444797
-0.08890971870373887,7.528488035299117,4.16365258129586,-1.4499691826574959,-0.7776127321624697,4.6846423701182145
2.400000750259937,0.351610925240514,0.5714766319230099,-0.279766332978539,8.133031345219619,9.66173607922818
7.116841127694449,-0.0025672843507930977,0.023536241998024843,12.807239932578291,3.037508171749499,1.0112983126211472
2.715787241021314,-0.34650528520520407,-0.05278344072150032,-0.1937507038404938,5.380857437899182,-0.290578697372746
-1.1880454437843173,-0.39291651338325084,-0.15190557490081424,-1.1895559490567533,-4.590639489403228,-0.9849950484531252
0.7296756028517377,10.344329963166993,4.897149366764539,-1.4075281444496304,8.132339654110249,2.26464636820283
-0.4045771526485368,3.57133625016523,1.7841873199777822,3.367883982845571,0.00010630538786804422,-0.256341473978779
3.7307047284224994,5.443940630214512,2.9250746383780633,5.524016012664532,7.552180177858115,9.129778716086742
-0.5967451931910297,14.06426647651326,6.96438108043164,-1.49627320097293,6.899766383117335,0.07948963688368438
-0.689073190701112,-1.0010211033547294,-0.449874557384945,6.926544484264892,-4.850790757865913,-1.374613095212034
1.003445188379025,7.630178042093951,3.927792305152556,16.993188004352042,6.2972770670479035,6.329644929698892
6.645063430570726,5.770283228317703,2.6750655680444435,-0.5363175002463783,19.455289981901544,3.731838835960196
-0.8495237384325093,3.341366618959725,1.3969533083478494,5.669523023181895,-0.7144657835291544,-0.4105313420647974
0.1704450082908252,-5.725848375058881,-2.670935708339699,-2.2798769236795304,-2.672764645983196,-2.537205098758238
2.5754007919248987,8.237635352895136,4.228185271873618,-2.571747370350517,12.136293222808556,4.622487704887195
6.489868637504028,-0.4265036178235433,-0.20972943743113936,-1.7482286609518185,14.367683156367528,1.530212834060705
2.2122628356636698,8.536264151139147,4.20629004390933,9.144809289030702,9.120224902684019,7.936051082502757
-1.557100630649841,6.928054509929532,3.6450207306778837,8.592714414049865,-3.598062808209783,0.0029475588428682364
-0.29574620494313125,-4.241924981654024,-2.0010530811986067,-1.2851089871248165,-4.145145474594023,-3.004959741831934
9.337298762314807,3.4960620807047755,1.728245715445163,-0.004236155679461629,15.989798133775098,-0.7289384096574448
-0.08669060134732338,3.9864063644465353,2.2387095154357866,13.492058725238373,-1.056738259368567,2.023440196395616
-1.4078349604744171,4.749749919599721,2.144848158953086,9.492962081090145,-1.0751028768683093,8.296873015989604
-2.627455619809484,-1.5276293715703646,-0.6943473892750824,1.161845143766601,-5.417150216474072,4.681989770228255
6.5126013046145,-0.7077826953512362,-0.28440908257367026,3.126359301957046,12.259140417040093,1.5659541608658378
-0.4444171705084788,-0.7633694688243098,-0.3038902822538436,-3.813506043136881,-1.2398981723256237,-0.188170873803316
-0.5077070939740992,-0.6645796657346751,-0.24872603154911813,-1.2704957558797867,-1.1560485256953699,-2.694096985951983
-0.5428165428437662,6.573256456443872,3.2886533596322347,16.27213946915556,0.44317345798145186,6.238421036929738
-0.25807294511035467,-3.529647416465523,-1.6522322992182599,-1.1913336946696012,-5.567779686116877,-3.679440637757822
4.686914754608228,1.9667606407911302,1.2854925080146389,3.734731709587124,19.760840015400703,5.575660506299694
0.5219410584586008,9.91475275045457,5.140904064780054,-4.798695911181009,9.170865033996634,15.057910849549303
1.585565102700019,1.7180651438034813,1.1645216701725576,1.8042842843628972,2.328982917048662,-2.348280512759441
0.2894508589025083,-1.359108881381017,-0.5614717153087186,9.080921733648573,-0.7283046527104967,-0.9141675547565283
1.4986804787111923,4.744265682971545,2.0588480673427525,-1.6547697420436105,10.451084404517884,-1.9773740242109483
4.476841525162461,7.4430039682787665,3.9155824387138636,8.50603762233109,14.473494547396305,4.149108953145079
1.395406224231067,-6.439288525028909,-2.9924064307101066,-1.4544470011509207,-3.3988258144912367,-2.9101757175136225
2.5401748996009172,10.839424723977446,5.070245415064243,-1.0265808149289914,9.405444608254662,-2.2421906786158514
2.2395715630729542,-0.45629275443362105,-0.10099304794600755,-3.200941928269917,12.452672658968286,0.8959597747180258
12.85565504905763,-0.7467839377410281,-0.26143617263729546,-4.086143317513456,15.09885469739242,-1.1006047025686019
-0.06672312352306534,-0.6390995511697789,-0.26380688777455236,4.430628406798431,-0.503460013050506,12.575655472246856
-1.0579919728059322,-0.721249673517015,-0.29609117802185,-0.5458959928610437,-1.526084191760975,-0.645494428123924
0.33780657350285304,0.26413381462432445,0.09752159115722508,-2.2060084759569287,8.016200767272407,-0.06747325310331757
20.6444365178064,16.168546524221792,7.977975882304003,-0.22338502617040393,42.36637446716842,-1.1799394164994623
3.3980974847389103,4.432450225518539,2.7067594897619753,-0.48805149085440985,4.838819092249325,9.562071709754669
5.40422107378488,6.517436828202978,3.5115741852282922,5.941077234226866,9.569653632711567,6.8191411535033435
0.43078248756602283,9.32972072770437,4.466029149649366,3.1747152835216896,4.018991238294253,8.7339881862417
-1.555728417815179,-1.989107714443091,-0.903345263695986,13.217341546934055,-3.883343727041306,-0.9482054687013642
7.504133028911835,6.876438572498887,3.8824267303463262,-0.22333892280993375,14.92428506127488,13.0807661528128
1.8160503139187822,6.298217595900841,3.21747168148657,5.4898692147141785,11.528607664892144,4.844907649695977
3.064070669213552,7.489217999839772,4.19446281687453,2.6568250080875186,6.071992039660858,7.833785703707285
0.496992863997367,2.4544922626556,1.470841172105912,1.8889368743954174,2.7486971958114776,1.6052340786690071
1.6342151229600184,2.030704337185477,1.2636828969316132,9.321794558065298,6.600411710826488,4.087019375159652
1.556518331643835,0.6806288687252835,0.8819259570310598,1.9517332041684856,-0.25362168141115354,3.3549848760779692
0.8632673747336567,1.7926466354450272,1.214398394628394,4.635699993273605,8.418481409337478,12.775922387589294
7.067259894678474,6.740480375778295,3.3600763805717997,4.300188117715814,23.319624951197888,0.8442213175369855
-0.0671884803011643,-1.2612089164653544,-0.3107983410081414,-0.2793430272969956,-3.2780851774680095,-1.010094987939176
6.127097238343362,1.1052446963952465,0.7985414884458906,1.5032794644016931,8.550992585258692,-0.5411713972362442
9.390803463534008,5.526296706464691,2.4925299028048173,-0.44135404982478477,17.440392029749223,-0.39429096406989017
-0.1838273409548169,-0.7805802477987722,-0.2927328025319471,-3.745106223034604,-2.450834367146035,-1.9442756483550738
0.09479652835375052,-3.6952308201053827,-1.768432408383815,-0.34570587211900655,-2.970176239053077,-3.227955682518207
-0.5740138448185519,3.65563968783163,1.9246121165081855,1.9425873399694138,4.707545639734312,11.520936417447476
0.3615499815009722,-1.885149884173309,-0.8113355424820563,-1.495785358170028,9.365616849808383,0.46202886256307035
-0.08138659332913806,5.548055269200684,2.7626546827716068,-1.395992851183699,13.059359730338596,11.01397846301438
-1.7871258494515931,3.566152899457989,1.7954114317709369,-0.065106296183856,-7.0868768116652054,-2.672196001165841
2.1274926719490774,-2.465942422821545,-1.302889683984983,2.263864358410946,-1.6991136844532595,-1.5049115570549556
1.959329713577527,-1.721850758482467,-0.7700976476671904,-0.9845680457139792,10.193916601886283,1.5460964052412118
6.582664807142543,1.3098417500237334,0.9498115003799099,-2.342152227261326,15.014163769471395,6.883562657711132
2.518327989420721,2.4116538545556794,1.8610890679572718,6.903100048725618,-0.14598160720814646,3.07837908176288
6.072743239495173,2.7242149808418694,1.561892198563346,1.7843753213679039,13.869873348297824,3.5833963889724876
-0.1260635189239201,11.436445924308188,5.7476402800460065,-0.021694018745619936,2.822584035658595,8.47452463150257
-3.1854930772706993,17.00754402381517,8.224931741503017,1.3574563059435374,-2.980767106952631,4.660048647016094
1.178973831023017,0.16267687411363863,-0.01388201501421118,1.3012585883233714,-0.4172662589244374,-2.6795135656951574
-0.1517125875805248,1.4712188293252018,0.9181912513783006,-1.8621576746784279,-0.25000605915846136,-1.8771771085484272
0.328998581314132,-3.736037821770124,-1.6933489158956527,-0.49432218941575423,-4.138843522089986,-3.2631637652946277
0.5125396575644188,-0.08967868183203923,0.0735494132726423,1.9124807950832727,7.917171943836374,-0.16405338723107385
-1.4477028917875632,4.257605717194176,2.449629289726853,5.931745763934563,-1.7820000730907901,10.662435731839132
-1.021481451938344,-0.732009509215465,-0.2732339445458886,9.95868984576381,-2.0538772612780973,5.865588008053486
0.5539625522659786,-0.18577746144288682,0.010407878248008151,-0.9782268427667804,4.1064592414496275,17.640648221978726
4.651069143319449,3.0064109003834787,1.777157408560259,23.979125546495133,12.013565629092621,10.760076452495793
1.6056776115130458,-0.4816932346042293,-0.1290526614687952,4.652084509630338,0.9667449945435236,0.23393354303622194
4.586810345433376,3.6204438459855592,2.1178217586637853,-0.35081895996316437,13.611781923094101,-0.3887960768120824
-0.49728862049204514,-1.1659957838025954,-0.48856628441232425,-3.4794920274418524,3.4405046131132146,-1.1806309780054822
-0.8599144436055468,1.461212921029897,0.7684675987288615,11.014095751021731,-1.9771628288929126,3.2623341104183963
-0.8980585334869002,4.979247711453397,2.666389986440216,13.887947252508537,0.42579843375186244,7.358937340913234
0.19127584013261323,-1.5091000882954877,-0.6832499627227853,9.71209602297765,-2.417768106620333,6.142705725265341
4.505301497164658,1.0402155261700186,0.7557923090509182,-0.6609443778061291,2.9648181284521935,-0.2603395903339191
1.839711342808979,-0.47659381386497757,-0.15785079101934008,-1.0336985720975076,2.824517111146907,9.031689471802773
7.25543773649731,2.4601272825270115,1.0646470751007986,-0.8926073931528484,18.218245457728514,-0.2903611449835947
-0.4184132422812605,2.3161815663568457,1.4810899950022693,-1.0373259752853705,-0.641174433673189,-1.092767107876253
0.9872153475322364,-0.039977063290826204,0.7324185138929107,11.63251650516068,-0.4003943769769282,3.934449807454355
1.2798233278425775,24.721941561201945,12.145810917203242,3.913962595680113,7.171304080634466,1.4474192714768952
-0.8982854460051035,23.96493471221351,11.666397586727815,20.402111874269192,1.0772952823979733,10.637000133717669
-0.5681509567897232,1.5602267796213556,1.6003037661487172,-0.9033085482308713,-2.368756672506675,-1.6464137856152818
4.170050830233582,-0.6694139692829321,-0.19484633380112842,-3.2989658001228364,-1.4729836587622096,-2.7767312852833768
9.405778420110552,1.743644561359166,0.9772551476222813,8.94133040813914,13.33571183926736,-0.3778152050164434
1.1751289529706987,12.577711136773914,6.120800432419417,3.719214868876784,10.947460168304678,6.205551516785237
9.091197681972634,22.550875576136296,11.088889243907024,10.772869344492126,24.3664020594604,11.415177355782852
1.369507638777193,-0.6076762325752048,-0.2303453124049244,5.4389854385353456,-0.6321090434840244,4.556685528600265
1.9738444632110734,8.723943116832697,4.481010770068932,1.63640209620532,14.434123921385163,16.194706178890854
-1.0486738561008357,2.4952483807280985,1.4926025429663166,-0.22604411433513324,0.7865014236646819,6.039175015153472
0.412303757866904,0.33199604421291684,0.4587715010347615,2.897363882222244,2.3809237559372876,-0.474643354450804
10.468192705110617,-0.6974678092939394,-0.37564595361311426,22.39846053154581,17.19548399908631,6.067315145873149
-0.15412109288191345,-6.0370777079750235,-2.7365849050301856,-1.642538234415893,-2.563764586312622,-1.8371789353579757
-0.44080121815100387,-2.3673878575834264,-1.0185182793281897,4.442144290882609,-4.5189185217314565,-0.9329768939480831
-0.42768277627865053,4.18001858881371,2.4878432277254388,0.4934209889656258,-0.5072489673962711,3.324565384419614
1.1376631415363678,2.6002107075959637,1.2807616887929272,4.63400744330364,0.28084396658378863,3.7397570050854894
-0.23666436144461422,1.0650591559652256,0.8280885141939909,15.221058494895479,0.4066667329664279,11.750807983745966
-0.4838142759813712,0.12660342236943223,0.5666425220806882,-1.004724493343124,-3.0289203764905968,-3.0579574911838803
-0.07106518229518662,2.3456630018553284,1.656617108576443,1.2583721614747474,-1.1625738669567087,-0.0015510524897736078
-0.5802835058150422,11.606264068082975,5.252470493442479,-1.505859647674531,7.286759137927437,5.836166165927599
2.7597138126926173,1.7435305678544513,1.3144056118978817,2.2903582749043663,0.9772023214993746,-0.4152415209612354
-1.337098279105641,1.3255930652201764,1.0956475834515718,18.96175626317221,-3.491702419087991,1.0272742720437236
5.161222478797771,0.027130130528866703,0.2376467468127722,-4.72670090601841,12.47786635257556,0.8824362783382389
-0.2693792821365214,-0.39880945003664126,-0.22934101800984036,-0.1102256913746592,-1.1993976262988328,-0.4410241459701105
-0.1357839396622647,-1.034665131529953,-0.4924952305822343,-1.3367686535480758,2.5745353290669937,-0.7594770852247102
-0.31307389631107385,-2.5621653278974783,-1.1746498283875717,-0.5486188416555751,-1.3734676559177446,-1.5321075152874886
0.7354677666752966,2.279687738093905,0.9452228959358848,12.680497463572184,3.329163073059117,-1.4463557650546246
0.18385236074127087,1.14140558470642,0.8479259150413572,0.23842139337239743,2.0603307855152706,3.4393247451188502
-0.42058974791433335,-1.803690843037069,-0.784468835109986,-0.527051889912789,2.246393877081519,2.9000360475433054
2.3558345979941158,-0.6834438257105606,-0.2811387463623259,-0.18466419648981428,0.6573730623672801,-1.2416839210258095
-0.688836074467273,-0.6347503131748362,-0.23234969877019218,6.526791370065503,-1.3798191451900552,-0.17620166746971191
4.645394147663229,-3.614164003469843,-1.6273262186989024,-1.138190398742069,-0.5090305040548609,2.323670570627953
0.200020395066972,15.234654769007781,7.678550844869076,11.719748080384703,7.901911430304626,7.9214273208442885
0.09120927897241538,1.3599093304011132,1.2827691292454282,-1.540638332478069,7.943976089768466,0.7165068909889938
-1.3546077692983776,-1.3312255880626371,-0.5808514394384469,5.3817568239191464,-3.001577520031222,-0.42420940661270007
5.4684318512442145,0.7374041616126211,0.6693642194730289,0.8273694676502058,8.568899355611533,0.5192579607378928
0.991255353112588,1.3072064642117314,1.6618451286856615,-0.5666290202152988,5.509235481330372,3.1992928456150054
-2.083519801369046,-1.34667700905722,-0.5938679796665811,-0.16691949312770202,-4.665930478412187,-0.9846418589206272
0.44112411447847144,-1.3211061596126308,-0.5556294388214725,-2.646708212350834,-0.1505566142322088,-1.0442684186375268
-0.906732075018266,11.119710038423705,5.517108807378514,4.936371598252974,-2.0414177228495975,-1.6684904404974394
-0.6515972690817551,-4.736749649695706,-2.1457277445846077,-0.5959584482310785,-3.4261668127201057,-1.0776679183811348
4.28817339869458,-2.2786519080118715,-1.0333249959184039,-0.41085078818046217,-2.6501272118366694,-0.5223275434210379
1.541298901955353,-0.6463947543068876,-0.235862104036756,4.684593856178641,-0.37033474952514667,1.5131287893291756
1.0742535200739265,15.984031769057886,7.644030868165256,4.083990509839465,6.024160624108381,10.294596457692057
5.682475943341806,-7.548561178882299,-3.5304931480892123,-0.8230577832767921,0.9796241183266392,-1.0754303536634982
4.204818827643169,13.448071772086669,6.858888961618228,14.602447704838287,23.313020667237623,14.247574412259587
4.150056214126965,20.687189640205865,10.363962327439909,14.802208539466012,19.32161918127355,14.43591351197912
8.426090862533226,-0.38368636462400785,-0.09171288173292523,1.7201327270275035,17.82331142969022,1.2527710479496883
6.096793336110352,-1.0743483645495584,-0.4649189934919976,-0.23502091289674418,-0.48673418474053226,-1.5050541206177153
-0.25353237504460313,-0.4627542175060157,-0.16321751469339954,-0.13349193272394166,-1.5326820346631573,-0.8841031569505458
-0.3142547965534939,2.366862167893802,1.4222986981556605,7.991996129366851,-1.714094303967877,-0.08168090428028396
-0.8189635762712846,-0.014767593269326751,0.5917201845011787,-0.3676653797032321,-1.3627843240445017,1.6797394942607977
-1.3467358106653704,11.602046936221717,5.888769736352272,9.313882064342723,-1.0004692614310953,12.129174870478037
11.752135583518744,2.3688968961022305,1.749792497620592,-1.2912930822383515,19.010106700535225,-1.1630965242533473
1.1475789953141275,-0.66242270629736,-0.304861836505822,-0.1253808485226434,12.097663349465295,5.720762839373655
0.09401878696301857,10.898960128204669,5.646546492097538,-0.8083829998087788,-1.2537055451559054,-0.6899589501196813
2.2974871224099003,11.00600321664607,6.023729532096372,4.170720987229037,20.80730960016113,7.117680279522145
-0.2749053965294188,2.122687546352807,1.2984648528933642,-1.0523288643928892,1.8207771894148164,3.203524207380865
3.5855863246160915,0.21875729460032056,-0.0033076450510549863,0.5175358064985394,-0.23716222167908008,-0.0034717022047151104
-0.6858060029073569,11.79459675074134,5.412286477177534,6.132669576010778,3.088654434395533,-0.3083735964206218
9.578389559654173,8.066592622523576,4.039369263341852,12.09687790197713,11.939406045661842,0.9378688805051716
5.9492206456453705,-0.008077025044602703,0.7792447238042469,2.5003532123345833,7.93028550631738,-0.6654860317227096
6.422586922979913,11.869630355798726,5.924087645784017,3.405344435155013,18.054766038391683,4.609404819927001
6.462081369106885,0.3488327061874402,0.6535846043232219,2.824083584068841,8.850436564642825,-1.133322905849897
-0.04033506692796754,-1.2206105718396432,-0.5135714366863618,2.889718173574992,-3.2097422699445213,-1.2506014178162899
2.7154037532704076,1.3736707676386901,0.8973393378264708,-2.6183003932971416,8.78857434426526,-0.822092496412254
18.795727642658132,-0.5429683431579827,-0.3662088202451839,1.364992645384461,29.232723055434942,-0.09318508091562144
-1.811142138913346,-0.9330439344951831,-0.40414694739604073,-1.759171693519176,-1.291316763497637,3.7952925444916534
-3.513840453887596,-0.06679169727364447,0.08446223701452482,-0.29737231198896824,-5.58687272361599,1.0496870037694623
0.8474908195082734,-0.09910887094133247,0.13793275880685396,1.0800927368910438,-0.46851647130578594,1.7700279310098657
5.4800795894726,-0.9221544367918121,-0.3928766407869895,-0.5022734345365539,-0.5172379389358328,-1.2309396771360304
3.0234324418985503,-0.20043330393495992,0.13655752336194815,-0.6697724737319108,0.617354242163613,-0.12254868501773744
-1.1925213421937815,13.944564334204465,6.771327961017448,11.957308769895654,-0.8760964146293866,7.627590325063198
-3.783071036096245,-1.2674114676410342,-0.5145602229352203,19.792707191546484,-9.77180175373393,-0.9846289705719905
0.6221624760612217,6.15178206237068,3.497644074674916,2.5732154402103005,-0.7254846095511198,2.4835831312150267
18.127958565230422,3.138565398976526,2.5309136473799017,-1.3106414806924116,26.787498171708723,-2.0862114873047837
3.0690821279739184,0.4164708502425196,-0.041557412536854146,18.835680163487012,13.449422377379486,13.797421986088514
-0.21247484493458701,-1.1046698734561449,-0.46291499466597047,-3.1067621232832794,-1.626928117152138,-0.19114295169284073
-5.453342064249533,1.7954882865509738,1.073613327224455,-0.24069175989168615,-10.761102037242082,1.0160964657145528
-1.4275122548864092,5.199900786883285,2.725072897581186,-0.10548233766383781,-2.7367569807527605,2.1773452888608267
-0.309074074870511,-0.5661933693729047,-0.27273451558248657,14.387166986204603,0.47684571172583223,9.525042193356171
1.3649231244882905,-1.1168856297294183,-0.4943111171773571,-0.3216900560064544,0.18600066313941221,-0.9345639859743463
2.863061111932222,-0.45234887429439574,-0.11858208865510785,-0.1553668674710255,-1.3554599487774601,-1.8282271263276102
0.43900100519113266,-1.163543547827106,-0.48957803671112016,-1.7820804517164797,-1.5479114352993995,-1.2171512299248268
-0.2569320163297072,14.80294841538336,7.523545733286345,10.203603135728974,-1.0717002812748937,-0.7855119730790406
0.8226218828596704,5.752756092403367,3.4759345989954795,9.06991095201626,-0.0479922535509264,-0.3252938899098192
4.693716334893197,-1.0170337877352733,-0.49064007112908303,-0.2985121624569586,-2.189285320331319,-2.6502996541941948
5.929429229409298,-0.3313417190653004,-0.03648341040720409,-2.10824588538955,13.804891016986776,4.192424583630432
11.222383777743588,1.69633227821924,1.096044143912227,4.560625845947637,16.833552413697983,0.0630047367340204
3.777414040797127,2.7345604355355397,1.6192978636554638,4.600791848018731,20.491590027110227,7.529748100173887
-0.06230442356347368,-0.601809527705738,-0.1726564843226649,4.639403466071985,-1.8653432937534573,9.648402765422663
4.954323578387102,16.798246429734526,8.253203787045667,-0.1231091801986901,18.01100768118313,4.3321527410858405
2.1349223864289737,-0.4490180899276429,-0.1958387067842312,1.0231997446856629,4.997430997238968,3.4629755990969864
7.536706554234726,1.02825888005585,0.818088476996786,4.115937087462252,13.487355178703334,-0.07518522450753791
1.1137510125522467,-1.1899430113382732,-0.5115714170103758,-0.20767710292689487,-2.7636071211299504,4.211009154220335
-1.9781607538310713,-2.3916454495403396,-1.0107241381097842,-0.8113018018550042,-4.654086064380113,-0.0849478699882119
3.2926386865748816,13.712135749312212,7.005398454920786,14.859381243101415,19.2208755072399,9.108700796990803
4.479352192581145,-0.6254904761580132,-0.23645208286173852,-2.0549937752017327,9.795068542815676,-0.47974558573243603
-2.3049272683328654,0.868785328337442,0.7318948708832773,-1.6713595748815042,-5.580243955096165,-0.24068520999434379
1.5814467582844796,6.915912557491458,3.6078528320758254,4.193366623326687,0.4209676969895126,0.019684432109095984
-0.1372558972430809,-1.6661931997975232,-0.7456060538173234,-1.7452890727586188,-0.8119888710870025,5.211910427202835
0.30213103754289045,5.866240733159019,2.9195050010680017,-0.20789174477599648,4.052455654034638,7.973593603027521
4.460272717047961,2.059615270555076,1.2211061267802337,-0.47621280464508564,8.231785233936899,-3.1051711232205936
2.5151659356864586,-1.619558573055561,-0.8282868628694179,-1.288939734135943,4.256379385925688,-0.03264767775731381
0.9934024642608618,1.7453010210164535,1.6764925457886262,3.641624028369538,-0.026042572552842258,-0.287082763277237
6.811454493927338,-0.1532870307790751,-0.017530401632122408,-1.723410549696336,16.866025268644385,8.202022833178649
0.7483760218319302,-3.3899777176817105,-1.5327537579096848,-0.7704492838070339,-2.4591807692073404,-0.8127593062998102
-0.17551820763429765,-1.492814787495907,-0.8076028559696395,-4.587147055791144,-0.4822470206375498,-0.7596249490576854
-0.637129618305705,-1.8023912660674872,-0.6611212312529247,2.468175975192114,-1.9219007604981049,-0.40559981890325275
3.6149412026642587,13.30513908146946,6.5497301505609755,-0.15919874490970554,15.058538806410565,7.465579296701423
-0.23255048930991237,-0.4124034452153138,-0.2032245422854515,18.694959328189473,-2.0479443810377456,0.3292337917299861
6.986650381165,-0.9713965750469312,-0.36455831110510906,-7.134577063112314,3.9744898570872933,-1.812840176128146
1.880052625743714,3.1912076377297955,1.962930457305187,8.648973457035753,0.0032005046568014395,-0.041955346982133615
7.829283754455363,0.8362600025249043,0.5311589228526373,17.214460422657364,12.472939173263446,3.8492916694641783
-0.6154129834656621,1.1045801509113833,0.6208222625947812,-3.867333508794939,-1.934767541712814,-0.36102440234064115
-0.8521282777508582,9.971256372468877,5.032846666902856,3.2260628478407574,-0.8140093266730093,7.037602820926251
4.198658721011494,-1.1659227821033624,-0.5194802980496601,-0.2884804780102283,3.2605298363161106,8.033522511020703
-0.5500476157376456,3.575505873803904,2.00578793972205,-0.9756506323166756,-1.1482103282584288,0.1175184411760718
-0.29420167197119323,22.17032702523841,11.328373030906308,22.897327703624565,12.836655500326533,16.48276961383784
7.766122768080195,8.269618228175664,4.500589152651109,-1.4787003823214657,18.031978156737498,11.458649910074918
18.999720767363073,9.486807725577545,4.811246625798112,13.97802566456737,36.462977217251776,3.141887237786942
1.5123079761753102,1.9970761316137482,1.2849670778074418,-0.13483564507404297,-1.4132019788744232,-0.25346549364422555
11.162721024814308,4.397397028074681,2.472927193947002,10.961576222421686,29.04820855216415,26.04839803477151
-0.3892284243869727,5.710080661166919,2.891759102325735,0.2190233131126087,-0.9778521478285468,1.219779043812481
-1.1644722232147078,-1.9478771684717255,-0.9089137625796267,-1.4931542240523987,-4.022438181069525,-1.3571706454579644
0.320132903471974,6.512885247524501,3.062784020929547,-4.811404407767403,4.109102789140204,-0.0467576099494299
-1.7587349388352835,1.0216460096741218,0.6652354011690927,0.8681495059005124,-3.2807540871350898,0.8068238011113011
2.2001064168896773,-2.521718301879447,-1.1275822740396046,-1.7575609400155452,-2.2814589918111263,-1.137897021953692
3.3616304202991705,-1.2491445309383478,-0.5702619247544514,-0.8398693792721157,-0.09411957239352804,-0.9115773540674295
-0.8827527431763094,-0.490688687343273,-0.14487314286402433,-4.447511128524304,-2.42695382927179,-0.5576007742919876
5.047149421232791,4.952176272311664,2.665327235254401,1.9579076265476685,1.070573847869673,-1.8614859264172907
-1.8699807923966603,0.34566151150704927,0.3139504830404448,-0.19618685474996989,-3.343054943599115,-0.6181878589494689
8.384223540134712,-0.14879906906012916,0.6924056227221773,9.392249381231604,6.140512783525164,0.6451109590806859
3.4893764234881743,3.4887345598213653,1.4564641318991756,-0.06511839811543739,8.886523619950008,2.537439678258435
-2.228714289881118,-0.008908624308789026,0.18953676748062365,-0.5527922978403844,-3.2167020963945308,-0.09114435769364211
3.1706431314948933,-0.9434255209879784,-0.3672459167069218,-0.021542532965409956,5.150121635924272,7.928388843687895
7.211664019516379,1.960062630709892,1.127962654952817,2.2420939595473666,21.15450641259408,2.703671530133004
1.5868321760280244,-0.0667931300248227,0.7335167820843138,-0.9118162041770698,-0.42690195090401944,-1.3349831594316057
-0.1588501973539529,5.915767005064073,3.0384438525213313,2.410214442857731,-1.0536818661295964,2.4913641524734533
-0.5514303964932686,-1.095910187285752,-0.40812160122016733,-2.637511864587207,-0.8135828001948795,-0.0936188123780764
2.092028191641454,3.8063916354435343,2.2841568538803863,-0.17561937034647737,9.705206892477246,7.1877040282309865
-0.09669156519303855,-1.2605666593032157,-0.4456638325029212,-1.994087494748781,-0.26155187560123344,22.76561576454905
-0.5601986794914465,-1.441788144720942,-0.6394712546803425,-1.5277800086304785,-2.91105942926664,-0.46791255624700273
2.9925222612312243,0.6471150195109073,-0.012429072533785713,-4.305501698313265,2.031258011949481,-1.4392406696854652
2.6930939714814297,-1.6554768927484291,-0.6954254225651552,0.7731877862237008,11.233597885617945,7.221156417110876
-0.5714508739245664,19.182977414196195,9.3871755523502,15.660470510815355,2.1444459307285153,7.369774682516788
0.7542462632959372,3.1875631817528705,1.8566308758373768,-0.10476214155356973,4.612200070493835,2.059403342445435
-0.41317707306914664,-0.951367138874703,-0.32200758868089097,15.667200483270763,-2.176660226911225,-2.6437276019457996
0.12022932914289741,-0.2565750947517147,-0.023490128442984037,-0.9795517960380926,2.857993593656098,5.578630647849491
4.4998190836332865,-0.22802554366201325,-0.12840014886603496,-0.6398917915860878,13.4190992089895,-0.052681323069976
-0.5150337678110388,2.6206149474705844,2.0894332097048114,-1.2629365687682366,-2.660154671327827,3.7190803783752324
-0.14382887660726107,5.9296871318778965,2.9142209320969275,-2.0855671016565314,2.748813947357034,1.201024218358564
-0.6194927039959458,4.006176841618703,2.323692448895554,-0.12155513038199572,-1.5646019747696864,-1.266183686080297
2.362763005551172,10.080084300414196,4.919456628635491,13.825561889455297,8.368812499789332,7.070928862563053
3.4692909082035213,1.115060512280601,1.030245520507986,5.168148535063719,5.341354619606194,-0.34191666877991655
10.325812652643718,18.653997373741536,9.312842389918853,5.567520268639817,31.70388483749712,7.694384667807484
6.653994071445433,20.045928662538785,9.916495271404395,-0.2136001700103282,21.171619033025213,4.21237750076958
2.1676784855110856,4.610324462283782,2.4382047054906213,1.3712781174818929,2.470590392472461,-0.07938335017436558
-1.7216524414027792,1.234399176665475,0.8387858496953102,27.20386774139985,-4.551825951736272,16.222069548238732
4.490868355850383,3.6653958102276003,2.1015539818755,6.017502091684952,10.282277549209851,-0.1559917166985831
-0.383994274859688,11.073699887760728,5.7643468535951685,17.764309898954274,-0.36216606740160284,9.170870956912411
6.315977624714317,-0.6929684580209385,-0.2742811565682605,-1.864517875777631,0.9638838729400707,-3.872141344265235
-0.5387858283967305,-1.2566675334345183,-0.5506431784914415,6.426478231392704,-2.049736801661862,0.824802030278861
0.5230339086429213,-3.2612536788790196,-1.4696351744254295,-4.427673015421361,-0.6648637486556939,-0.6852741599191167
1.743700457260317,-1.347880390002021,-0.5683866071113399,-1.6531860452536753,2.448627744079897,-0.613560295984028
-0.6166198631190888,-2.543403062287646,-1.0915222337210548,-1.156139923823177,-1.5595972210724798,-0.6669482540039375
-0.7616176229359501,3.2636041524909176,1.8328084000405414,-0.29449090669458183,-2.2244240319967394,-0.14695630440753066
-0.38628339392961136,0.4997981404923459,0.6555120478732841,-3.5148517171934146,-0.8102891803249421,-1.2081715881704678
-0.745543428914157,-4.873255757143683,-2.334865967397154,-4.365085722688961,-3.8070897372385346,-4.684892739255341
-3.1225366711306024,-2.9673019729335555,-1.3734495681219714,-4.429757646160826,-8.298050975039,-5.365872186999667
-0.495078333221335,-0.38328255225386,-0.1315616052899362,8.70868849479726,-0.7984083319558603,0.7497807722694902
0.9567619050609046,0.898631422689134,0.6542678841333893,-2.1663656782983955,0.3009721937868666,-0.6116555883360801
-1.1549112512255746,-1.1040002952823758,-0.46929519435676187,5.513458581606332,-2.5409458648931467,0.8160944094788365
8.103557065830058,22.64283242427138,11.127175101818136,-1.504893459732116,22.318622234295752,2.7213539733419525
-0.9639705874027019,32.06020368638569,15.71016324943513,12.772490106606524,13.728000428674362,17.47440061683623
-0.035426440508040356,-4.529977451498772,-2.1685155017729123,-4.206975595347007,1.977204901685686,-3.3183767198022425
-0.07267902988481115,0.22069454955400697,0.5605051861489606,6.034139699945649,-0.798843438910579,0.4111249253837425
1.7467665053134636,11.001821128939628,6.0335541455481385,6.710910148020814,10.529838799980398,-0.07118577063778897
-0.4495673269796962,2.245231562451788,1.3475912381379898,-6.206354190852934,-0.943268045287521,-1.5574938822962574
3.7122776575902394,-0.6071875193856302,-0.23657582066148738,4.06100679067585,5.777929184042428,2.2997663086840276
1.2469036979190657,-1.0811076525758911,-0.4169583730584197,-0.20979242205062093,9.051592863937158,5.069219503961543
-1.5092239074128457,-1.633147113477392,-0.6460469310857682,3.097498533076659,-4.526127831056955,1.9879206396314189
2.7599035585930034,9.613868963118852,4.552556773747485,21.14259840431211,-0.1073709827663375,-0.39802083460641746
-0.30429163105360857,3.4331723405446555,2.1509059542834628,10.169412837966641,-0.17392716152447563,2.779542994601706
-0.16583260447598502,2.999365327921979,1.1412443615890564,3.8930313812729933,-2.6827567268307195,4.932771749779375
-1.880877585534956,7.001406745143837,3.651032738223058,-0.6256188701587853,-3.7036398276621583,10.142666642944905
6.73685625683967,21.16523040483469,10.412517695137137,-0.06957036585088341,22.67131995735631,2.3120932968728702
-0.82442621776372,-2.74042655685141,-1.3235120932982576,-2.340055696464764,-5.800891081983296,-2.113702385606094
0.7115306706581278,11.845337915964862,5.793186242218058,-2.3353992965793955,6.334917183541397,-0.5368441402475027
1.7148820124793438,-0.8856110533840937,-0.3581845982601117,9.003466144306568,-1.021935069405486,-0.7085806130753847
2.2860661842004335,-0.5402333825478517,-0.163928162943193,-0.5268438046138032,0.20694809670072734,-0.8042904559337505
0.9571205063385428,1.0634200261087576,1.5764935545123357,1.7723352245827757,7.551324456230652,5.417042264869479
1.7773340332728784,-1.3300333342460706,-0.5792053281505719,0.08155802717421112,-1.4439207684935007,-2.285472555995708
0.8056280043474625,-2.529401120754942,-1.1243052649253398,-3.172816385620442,-1.104064016786432,-1.101460058878407
-0.5415907907684803,10.008720420953274,4.44741057555385,5.981587111994549,-1.2631257686508321,7.790212276598624
1.4778227054917483,-0.37444101549222897,-0.11016493228558862,-1.4550342183026805,5.551610553018355,-0.1668808568482908
-2.526494339765501,10.018086821293867,5.624843503818578,5.344865271856626,-2.6917250298861766,-0.4405725394774296
-0.308625091503224,4.462854479578777,2.306551802964829,-0.35608225607992816,-0.8407619093932457,3.794246766146787
-1.1586004503418976,5.373972056904278,2.996430391861197,5.097146904912547,-2.4819459689772767,2.388344752567118
7.379873278479151,4.565883035822925,2.4217376853693304,10.857211827407001,0.14862299996815376,-2.7048857598608413
-0.48729603032720537,9.725530282668599,5.044209805689601,6.960203361110594,-1.4182692420020298,3.876513457579824
3.5230433617314922,9.431649031841625,4.144825615235462,5.2694920159880345,8.089240943643613,-1.928542948058895
-0.5666609183947607,6.049898446830649,2.907358182040908,-2.587272905092343,-1.113385339553029,-0.14351616598135042
-1.6792094781395577,4.402575818177995,2.8677698651441172,13.588469128160128,-3.816397400716708,1.7536700253154132
-0.37695037334789344,5.756451707870218,3.1925613642868322,9.415962052599948,2.552228404734096,6.0549930023699865
-0.7547251990753456,-0.42648371574406463,-0.17453428029461604,-2.5838166483878133,-2.459297296934294,-0.1839543200669613
-0.7035849337815846,-2.2833806459058255,-1.0180189680561635,-2.7676571174681888,-4.0294627204795175,-1.5371066389970447
9.120480557702239,-1.5178940512168009,-0.6578909781938365,-1.1775599591783505,15.709580479639325,-1.196492657585254
7.370701004682197,4.685985060919085,2.494968753727524,4.477170087764224,19.856689181215824,6.782447487515163
0.13459241986161452,16.91163671276417,8.075365227197587,8.155793260980607,10.518400190595852,5.864758346722201
-0.30460398743987066,-0.6136015556300389,-0.19055467987143937,-0.13187148933868725,-0.37957999087873884,9.183224833796588
5.434585217402042,3.5059047336947273,1.8265218058670865,5.697909784570063,5.608180181633551,0.8608937484937295
-0.4026467367538329,-0.6109412487732722,-0.2281234349394191,-0.09293249319390418,-1.0605145771404754,0.2784244578115012
1.8176072258403422,-0.6011948197773935,-0.2186684620390072,-0.14701058541617226,-0.3619536888110939,-0.28016499429348973
0.20130656313495243,-1.6621200764139303,-0.6925192600061056,0.13004990825807394,0.8682863886643797,2.778861504916879
2.910518657227188,7.262101937459728,3.8409951076459827,5.85775883332471,11.515263927020872,6.977123647842911
2.600969993375356,-1.2154957091960248,-0.6281391663254936,1.9195293449956259,2.487444511235432,2.744509134876308
-1.425712522568459,0.4555483414757373,0.5226204170444713,-1.5560811833992367,-3.8418131674859426,-1.1031772121893408
2.466290483385457,-0.24048296127168226,-0.06322436252589403,1.0369161164725433,3.916283267500198,-0.5286318224625
-1.3109248498717685,-1.6168910420508595,-0.7977711520772917,0.4958192955961259,-2.0948085849891966,2.801292782029881
-0.1586913955172145,-0.706029313210913,-0.18434559622906443,-1.037381382867351,-2.3283960512901554,-1.5143072732280312
-0.1582248234542455,-2.526858857116127,-1.0851807725023395,1.6780247354077522,-1.9885795608183103,-2.5604156950452595
-0.8511102872115255,10.298824757268488,5.314955752974706,0.9878767245508838,-2.896537898374851,-0.613684850826539
-0.44419867872684127,3.3766492277009714,1.9155781360120165,3.291823537278729,5.573419649850321,-0.6239698513891607
-1.4631163953198216,2.3198407517837336,1.5737544256886216,6.651600647684844,-1.039550331290643,8.99918059879694
2.674719845055958,14.625228711834028,7.5081663123120705,-0.5221695547332758,2.238790865558459,1.3507187526657385
6.24752272895891,-2.0224211072666836,-0.9237065793177561,2.7593001904918992,21.388827879773043,6.941993023837826
-0.5145426925635066,8.921241164622604,4.41065194330413,4.981118893566864,12.332320865399733,5.16450434373537
4.080481152760134,-1.655595372271705,-0.6645129745099819,-0.900913984821613,1.7227223824415048,-0.6904938764338628
-0.2215886460592918,-1.3225395921959147,-0.6098235896659832,0.5531789034983822,-1.202068091923213,-1.0077514006589305
2.8456836169394277,11.297921676985542,5.674431523732775,9.41423768799839,12.53816724047615,-0.10079618102400625
0.5307543834594245,-0.36675376046441727,-0.10608763183241479,10.11964735096804,2.4098896428755783,1.9570884140396074
0.6425932894689006,3.3011079722947385,2.128443406196852,2.657670954471209,9.44732390380337,11.590543751684395
2.6501127155840027,-0.7359314011224913,-0.20118112487558767,-0.8601710279217093,-0.3335380921000277,4.006216881240887
7.549113460594312,3.7945344855129908,2.1613902795233777,8.434150663843608,16.070786076134144,5.7421643320397475
-0.49137981805692627,-0.5738829549803718,-0.20004662572133364,-1.6428124202895729,-1.5763343257907023,-0.6120757132022603
0.3431312210761044,-4.741176828383909,-2.2145112010012844,-2.3857052996043016,-2.855637350264411,1.310735800121325
2.44495226462832,1.2748394068028293,0.8316615768663485,-3.4189317330879483,1.4827259018816528,-3.012917812182434
1.3995408177435795,-0.6985052155084803,-0.2963872063515702,1.5126496980317392,-0.8620261527400519,1.820876822081303
-4.447819077606067,-2.029881657734083,-0.8033702014963652,-0.6416016234606657,-10.053628371121851,6.7718233856592756
-0.44917612184364125,7.354159054911486,3.6239053080111954,-3.4821610419280904,-0.9159854281466814,0.6834001608533165
3.2669576152818927,-0.5188000896440393,-0.29207993672737764,-0.9837586452499091,5.186706153783547,-0.45933205095094665
2.2381304637744686,9.059470046097383,4.496777322372832,-0.40477402486467384,9.244354040490734,-0.07181154432299679
4.055679656256658,15.548588136112215,7.317539256382029,-1.055775279955743,12.8379287326125,1.2134250026228832
-0.2666736428872964,14.254593494661773,7.1011913571107685,12.019935759214187,-1.7057355184618217,-0.23322099707330446
0.3534258447192908,0.08395696853935786,0.5601257046025979,0.25179655292829006,3.2880924633613153,-0.2675437839986348
1.1134779581447993,-1.5331173506067852,-0.6584736212428092,-1.290530293660825,-0.43897657725868355,-1.4505403479423848
-0.5732565540056644,10.393723232403552,5.092486698246425,16.957170160311716,-1.6257570799242176,9.349153422271433
0.30250361850305324,-0.20407936166349955,0.11452234518920079,2.8085861719808767,-0.43820357135119964,-0.0590881634029818
8.24654807247293,14.355543967740532,7.811276128239841,17.680950789870742,23.877613370681168,-0.015406405463664697
0.6963547191491857,-0.03782787191832369,0.4022499233033806,-0.4627239223673769,-0.11354661498958152,0.4155405629561743
3.653525553890077,3.1867343945598594,1.9627028320124544,-2.541241244984695,9.1997708031678,2.94466107007987
-0.4660636609544708,2.6088245521323854,1.6910084361983084,6.601273519267998,-0.6583888588593584,-1.4444425669112944
-1.9250487189509202,-1.8102541241061159,-0.8106998159654343,-0.7109262944093372,-6.3353926867378405,1.4531140213915046
-2.111231832472979,-0.3405902854330344,-0.05695024840854306,3.9676321177085043,-3.4393571638878706,-0.14272538637940851
5.260975394081211,-1.9446543316449354,-0.8334967557663968,3.704384683408666,9.515459196198345,2.318178214338987
0.5570630366678149,-0.5289190238797938,-0.19736849812440938,-0.48309928642943345,5.913867161858819,1.6638448202758416
-1.4192323974925578,8.512877545305797,4.4155675977997815,12.765592234318497,-2.602935809431115,5.267264356824817
0.31707960845795236,7.134879010051707,3.9655480079106034,5.62695629130882,-1.759092376168064,-0.09434344846088766
3.3263782778170343,3.579147624354636,2.224459062878665,3.8557978712727365,11.237078418478937,5.443505520030743
1.897763818500966,-2.5370873277776647,-1.2072812173395837,-3.1016486216211328,-2.785899095495351,-2.7945461852530236
5.302284737457033,-0.1760312443926116,-0.054967272464799405,1.1390918872697215,-0.8182780158791725,-0.34756021550062915
-0.08284155732415047,4.015258577371194,2.238618202160711,-1.201615268887969,-0.8652363395428276,-0.7408161575830627
7.877293863404439,0.015497311575452977,0.4328820309011159,9.27177387128151,16.38214466562271,-0.0851893690383875
2.2140727872294876,-0.7999341401544491,-0.32681015559882315,-2.655450673556174,2.5267688578138734,-1.6088202261303939
-0.4314052052243268,-0.9382167847471727,-0.39852169296207596,9.796951117283967,-0.5444737461635492,2.822882539223545
-0.8346929057067923,2.0563825856506357,1.4205071327977647,-5.161118125359356,-2.176641277777678,-0.4814860456420018
-0.15258906720590326,-0.7594034475593249,-0.3152740875868076,-1.1098910937299515,-0.8664386766055765,0.6348354139765398
4.896077221637567,-1.5217619804426468,-0.6720584644942877,-0.27950390549034193,9.662534122582167,6.084409198211044
3.7625254736734286,4.65255373884425,2.3678089473569397,4.462776954900855,4.555172911191689,10.033509907141566
-0.5011173888031605,-1.3810599852951517,-0.6331050333779411,-6.4276832393736,-1.332055712776966,-1.3232070604501587
-1.1488835792125858,2.791493285141382,1.5864637591776618,2.739893763583788,-3.655307573429425,1.358535283157365
-0.4431270293945483,-1.0660523637513324,-0.4305570262738207,-0.44905690067290377,-2.315312996385499,-0.6209062313099367
-0.4230545684839211,-1.2011237548402878,-0.560195044922137,-4.663939800005095,-1.6485136408218182,-0.7906278576974284
2.595878516756268,-0.017276088568663674,0.12450846234416268,-1.941130163977321,9.667148826717838,-0.8101476740381349
-1.1624357182049863,-1.4128347305219968,-0.6799818842356553,-0.730986924471348,-4.867350241993577,-2.2143860801789077
-0.06476525592572231,4.513031169733513,2.6746801572428187,-0.42881854029929234,1.58522195622628,1.8432370998329364
0.37632311266789087,2.9560267733338623,1.8719474153969682,6.324017554733822,4.605974397727716,8.935430221782958
0.25669780546299603,-0.10761138804436217,0.10892787126956571,-1.6008903019203409,6.375488115945749,5.1521141225208
-0.019189743404827667,2.6836918698856462,1.635729348067579,0.5467072443806474,0.711980332533904,11.317081875424527
1.485223146280367,9.152924478483278,4.4697175211786035,2.665417254456808,1.5523083968438662,2.2429468249776088
-0.6042680654811792,11.485906025170182,6.106325488333832,8.633118407764835,-1.4954425522373138,4.8221435791933756
-0.08182773023037955,-0.3001999870095756,-0.0841727810620995,-1.091988761108806,0.7749118269208606,2.7871142647024305
0.9397037906438768,22.208343590965935,11.357303970816169,5.778286898624195,10.49224213367047,7.356154646606097
4.080841121541546,24.85870554142212,12.031378117776118,20.5948655314654,29.799293171608493,4.079032665908557
-0.5696587546447803,-1.7904775899514829,-0.719143529688381,3.29536239519648,-0.7919149683387193,6.9059828544387925
10.668845823621437,-1.3476291331541959,-0.5728659135615777,6.987746147849554,8.974162027177407,5.001643748531978
-0.634443586130389,-0.5456593995119442,-0.2720283568335679,3.886622741192813,-2.139361425999382,1.4448389324646005
5.488868782841158,-0.3208600491499882,-0.2645363197683353,1.7762752936547588,11.833594596213032,-0.11068944824636846
0.019109092552069495,-3.3820440961307145,-1.4926229518627325,-0.8228473442213495,-0.7845116431891054,-0.5021326074648375
-1.511364565075929,-0.5417339315507224,-0.15776551187308516,7.962596084929461,-5.220837712516097,-4.0921909042825915
5.407971795697356,7.79706822381846,3.9830196655343166,6.381885092318096,7.662005953193027,2.1059157406674283
3.462102095792492,-0.8266306440849542,-0.2691178243671882,-0.17115015078454165,-0.11336962981649633,-1.441583456901507
-1.5162866953733287,-1.9125239822438251,-0.9527577866418322,-2.6784360997282226,-2.952599766177121,-0.9125255793551341
-0.616562206558183,-2.1592151351403337,-0.9648077593744996,-0.5303277027391751,-2.3242950541399785,-0.29822329952665994
0.0006127548032828223,9.52667711573873,4.431565197517146,-2.019895421775692,-0.1601869622808754,-1.5996861757610918
4.199885162175172,-1.4786839681197586,-0.5880118612110475,10.351150232325912,5.5108457196008604,-1.3306586515766714
4.018916302912809,5.113064697819783,3.602809268050453,7.257442018636826,8.451712643748214,7.278757940595942
7.233120871785084,-0.12324576545323288,0.028578367846039954,-1.7060572106914114,16.93422390942783,7.784102446214562
-0.7113140569205435,-0.867310462983745,-0.35905902620252256,1.5361901567372902,-3.1843045127431533,-0.6765647444868519
6.239044359398229,2.5563520623864635,1.2821901439025312,-1.9049944215998513,11.235790206462443,4.331722669484411
1.3419812827126218,7.529483579626632,3.7578660076569714,35.44024433189066,7.470306953790333,13.026977897564615
-1.9145032515042026,9.772047774277663,5.423399938659366,0.2719654492402583,-2.075596907771513,7.325269109956462
-0.10823814291041196,-1.9790976502854964,-0.8893331183770261,-1.5146158858077436,-1.92423635643734,-0.29753199020768634
-0.6401971854948378,-0.2551093815322997,-0.05773068950534657,-2.58582409619317,-1.1482083995693246,-0.7135020286095308
-3.5484297994878804,-1.210410262746607,-0.4941068325364937,8.84599912937707,-7.5199147040649965,2.869313862688055
2.84240891959601,2.2156929920173543,1.4425313178552854,3.994384177330236,5.427904442747683,-0.2178222247984083
0.026940989357265188,-0.19887722344856845,-0.034473112707379405,4.525258909762788,2.580952126693299,8.686088551713597
-0.17966271552414634,1.732803506533604,1.2183113333400475,2.15286502312179,7.783094489469478,15.200218084867325
4.773742605972544,-0.7953531205174854,-0.3428572295048178,-0.4927537722773469,4.111981942193822,-0.8583944098321283
2.854782844376933,2.971942197165929,1.8803609668501458,1.0335916384815247,4.609642557160913,-0.9768998884530391
1.9746632288224748,-0.9329545308338624,-0.36623222877444994,-0.0174260651512403,6.032688058428166,9.168798748784596
0.4789159212716471,-0.7998808050222267,-0.2922931401390156,9.82398149630738,-0.7635540819657307,2.3377930904613624
2.421750626124763,-1.432334101655011,-0.6423189042490667,-1.0343786066068945,6.095541656082753,3.629679050778398
-0.13816004967704987,4.0502078729561735,2.25129184946195,7.068281526357921,0.6160725564294682,2.1169493506852484
-0.024855453532030558,13.651789872006066,7.237252629420493,9.93107801574635,-0.5304210546533249,2.48300502685555
-0.6370591494355315,-0.7997071114560682,-0.33180532878895597,-2.9693814325939636,-3.2272176342225034,-0.3992449538788788
-0.17572344988476685,4.890607369847642,2.56350581444468,14.192210074715245,-1.1610114293568896,7.75358073191488
2.8428979808161365,1.0543900980655259,0.6792674105522396,-0.6603684088528263,7.6602170444659565,0.37129943107899016
6.249825753807515,-0.6723846388139916,-0.23451987942916583,-2.6599515250069614,4.324050391521915,-1.889364678824343
-0.22849437383407167,10.054729322171026,5.010734153562229,0.2553614586723728,15.575067223494226,10.31828458900293
-0.6789089494191999,-1.4799681483075398,-0.755270282484444,15.828789299131584,-1.4691188572268457,3.848637949126446
0.5429807387940229,0.8090664227652749,0.38705119066538785,1.6416456103586747,0.8511982771396329,-3.1871427958213783
6.224213204976484,-0.8439107653014543,-0.32873226045298454,-3.309373934089159,-0.1575127621900019,-1.004481205939686
-0.6272020289534768,1.5186826064149768,0.6835726712264154,-0.9110633414041054,-0.25720684246645026,-0.621525476168264
4.503553615515321,5.628647490661534,2.984417367472173,16.105711367448773,19.321616186827004,4.424585588902765
4.0451205903139344,-0.3552688028044081,-0.09329706705493171,3.0408372132972987,10.394444702621136,-2.202906293202024
7.461732820628938,9.941949595306818,4.774273827680481,27.46458568359307,17.531327290888836,4.811099877343961
0.571699747508324,-0.6367488259055812,-0.23680072170094912,12.746198146874592,-0.10272285476825338,1.7493606668070627
14.201864608223953,-0.11631283622075819,0.034340582853698454,-1.7825059602513456,26.461748829540376,-0.041582420001807896
2.605737015148975,-0.3691593877971041,-0.09793160426228012,8.545264562307398,-1.661422812396188,-1.6275138413077752
5.5581260939447175,1.485055405262667,1.0379273091128787,9.679168193886941,10.45921277788064,5.753956042123022
2.5462875474285847,21.407932276405596,10.871695864747053,-0.5743671342449552,26.578862453259564,-0.009552643412656004
-0.0020363653589339226,2.6589749754017022,1.483452890123944,-2.657252307091244,0.8068744999802597,1.1362425400227725
4.089685691430615,0.6471671365948454,0.482003077535483,23.48247718665366,13.982224896393417,3.7291113742938817
3.3029287477919977,-1.8049616266322177,-0.8083432765128391,-3.6847173802623523,-0.6726292793923649,-1.9556926049851975
7.378300204561433,4.258354968149987,2.627111250684668,2.5668758638563287,18.73921615779305,5.916638644098425
6.714724742344743,-0.12139366622715325,0.08800925256943526,-2.037791124169656,5.641938588165221,-1.120184510473545
2.0272275192237625,-0.41157007617942765,-0.08759187827134358,-2.5658136360394055,1.9010624343501785,2.050175378981476
3.1714404321127105,4.954512805358508,2.7933914710745213,-2.1866490212884377,11.318677126617343,3.7055815007952164
4.505319746479136,-0.6036794380616275,-0.19068997598102683,7.197187830734366,-1.1780331526688055,-0.12377245025109228
1.5042202964894043,4.9560639832655475,2.4074721273951116,1.0423063890375053,-0.3620873511894691,-0.43751630616523407
0.7413966996591708,-0.9750870252110421,-0.407254409055898,-1.3357454617700375,-1.272926156680388,-1.700498066823849
-0.715070188553211,11.032538136368112,5.719309946524709,6.643672193304512,3.939876775984318,4.8764162457425675
8.763495321236785,6.804702981589657,4.873168431081735,-1.837420254110821,23.097548955441173,-0.23325201557334455
-0.9252068517504194,3.0964812345867645,1.9755857688164489,-1.3672309469487374,2.6938592999769377,5.679218401539609
-0.49047273144085485,7.370213534635275,3.6976993701181207,2.681184764287882,-0.27783377270497217,4.488218032743708
3.3381689370667615,-0.08940556864621584,0.06759722565640958,-0.018626414606074903,-0.6002358755520051,-1.4839086628358853
13.143189322617687,-1.7475215186267155,-0.7775221127958423,-0.044859304491752953,5.702181573298314,-1.474701941590685
1.7699701193452813,-1.765515748866246,-0.7368834599316472,-0.5231198597936848,-0.6709397403955197,-0.8165974184379051
-0.012795490815389289,-0.05421642009043948,-0.039484999325801254,9.45290156082188,9.698379113406215,-0.22581952590345133
-0.10344669417817279,-1.228353758242691,-0.5321239794311564,-0.3205070758144294,1.285092029099403,2.6899129321590842
-0.7158566163933644,2.8535294931382382,1.7295706248566798,14.476920635823918,-0.9426707899864374,15.64167863673701
0.9847372449105524,-0.20416610831673873,-0.031052702891612327,1.735797785700473,-1.2494141474332205,-0.22388200622886908
0.23502676182876392,7.494940552607375,3.597846577491482,-0.4156783699570564,7.070357357001229,-0.3134681433722938
-0.30052847173741615,-2.574188560717054,-1.1876041358323695,-4.76721799421008,-2.94676322224104,-2.688225301105838
-1.6294454472962756,5.913224821344907,3.3641303627917605,19.058237380133072,-1.8536775237641265,8.098786341618018
2.902711615037302,-0.4714947995081227,-0.19736035701547394,-0.7228964361359455,0.7523057955819712,-0.6579645371753964
-0.4209574258264732,0.7563841436196518,0.9079786879418359,-0.7450808449731801,-2.375358994915547,-2.0319318912518844
3.8340695681599604,5.158067906189271,2.7507532777642156,11.766308018581999,8.75164051574489,8.513766374604778
0.6990733375272618,4.1226314782817095,2.0796390392512167,-2.812086973698723,-1.0990891381291963,4.086843877843073
-1.7108579097986987,-1.2339394780049928,-0.42847497276038854,-0.003960968602226278,-4.39110899049155,-0.27685920560533045
-0.45533121611968924,-0.6909726938947116,-0.26422065995812954,6.50182253719413,-1.9873968876091976,0.12047061468380094
3.7878280864467326,-0.10710915460594016,0.1623992942121803,6.930375659060207,-1.5294917092656397,-1.381409294899242
0.15265867324990734,2.0769496177528635,1.172170119687704,-1.038175372309228,-0.2708056603989755,0.9674969470254761
-2.7380652043816056,4.6068088011769985,1.9050334132794633,39.75442816603184,-4.572112287040764,9.144741898051706
6.279908454136241,-3.9115464297211107,-1.7829287396975209,-1.588825141703067,1.502109280168041,-1.5515702533004307
1.5756369755731447,2.501195381795089,1.5604220475274762,20.95805377786565,-0.27577631722488144,11.512425867919314
2.606158101497133,0.8944458718377224,0.15131278684625238,-0.6800436341321996,-1.443863771877544,-0.5307292666897861
-0.40799271373113855,3.166851834029037,1.846901205679717,23.55636470599345,-1.324926116177718,3.5114348190030373
12.825418758914756,2.873180795511674,1.8468285999067129,-0.7747715701200475,30.068873945170708,10.212972980933685
-0.28383715514253927,-0.9740072160675329,-0.3980945094822967,7.34184186984032,-0.8679588123175805,4.801212102378828
0.11855161000363834,18.428694256506436,9.089252210104954,10.836630925000076,8.84474907294874,9.325381815059965
0.3932840616796945,1.3855728518090031,1.2696836710465906,2.0144972864298607,-2.640663727543968,-0.11090879041272782
12.520837147112779,-0.533325479181148,-0.2327789804499077,1.0114154763137566,18.478325687091484,8.493917756248507
1.77376668330777,-4.761031486164241,-2.1909881634388797,-1.5873621937958866,-2.2511832024863607,-3.25879364559721
-1.2793157169306177,3.270328197436669,2.335922346742161,-0.9692494754993588,-1.621116495432801,2.15467910629863
2.8918807344785904,3.518005716634781,1.8273119027890936,-0.04206456717637961,-0.7424609934384474,6.204046190186868
-0.1769076651188252,-1.5380336362294362,-0.5523845509007836,-1.52873521194706,-3.376121368187841,-1.2862805668771227
0.6459194225774663,13.238328539631572,6.947323983309953,16.925263984190796,6.7199526970365655,2.032574577625849
0.92196703403069,-0.8426727658562645,-0.37455127064502325,-1.539130285350249,-0.42421415642455945,-0.6171085749496439
1.1708338326065069,18.015320080924578,8.839541631129997,5.662356630819308,22.999072767776756,-0.5283479175434168
1.9905612945312174,4.5607969334579295,2.6685795142489077,2.4509349234635085,6.335933614753696,11.577953362003612
6.931227792677619,3.7723699982930956,2.096483522029067,0.9878063612105523,10.352358850212227,-2.8160163479872033
0.3824889120527928,3.6190309750729437,1.9678721146581437,-8.071056402847004,-0.24309945949432976,-1.0813564822713768
1.6494490437970863,-1.678553721259001,-0.7505001747802105,-3.3656847521502296,-3.2753545081531272,-3.6042836598727597
-0.12603019204712326,-1.033326766538935,-0.42222631559846,-0.1391291497761964,-1.6680847066994144,-0.8792354670125081
2.460191607213992,-0.5025496968013934,-0.26265975063404484,-0.915640352176093,3.579052229849159,-1.0195083846918167
-0.22412026590892428,5.388491786774869,3.095440715100755,-1.2487395986641656,-0.6739609199710093,3.4690427482744033
-0.010282551770829663,28.100274765297435,13.905028350385964,8.991744432814517,9.53470193066133,20.472383642027992
-1.301802752833029,0.4552224681719612,1.1512848863849916,4.1958462120079245,1.48966888828309,5.901846879273678
7.882521591357814,1.395473596750271,1.099075873987568,5.221119212398258,16.151910738383965,14.171165864462184
-0.4726839383434731,4.689195324781029,2.3497334723850276,-2.0150998157215105,-7.519458286955,-5.548362355428072
-0.3579133709836939,5.054405939536715,3.101125762600925,24.537413500554734,2.736146941224801,6.015488099158348
-0.1404260290057858,-0.2165433413455789,-0.021666498126643164,9.710926594769505,0.15122826425589153,7.281087954523252
0.4342612870729073,-2.1470472930066484,-0.9146191152074785,-3.4927108020043356,-1.047903401631445,-0.756669641581264
0.954587062035263,-1.2603564122848065,-0.5903286921189398,-0.6499389649114354,3.399639471580593,-0.5491640107040846
0.6451408889330812,9.938794685933303,5.317486726173713,7.064294404974485,3.413332923425956,5.598509670500772
-0.21521063759193396,4.041207345826977,2.15268637114762,-2.239356541585248,-0.4880747687552945,0.35892601579233757
5.0999277871670765,1.633218975481011,0.9946623703247768,-3.331904752485089,16.91127917857145,8.76866054939459
1.823449125539476,-0.28748061761586235,-0.07602659986956968,-0.7246794310146515,11.59907439394154,8.50061435057272
-0.3899783864450663,-2.3884347775712125,-1.1199595972529952,-0.0828372873575249,-2.239629719756726,-1.8160691052731455
1.9757970621907246,4.826390684357629,2.744531536757387,8.609416265859899,11.765636620231984,4.84808754858508
-0.14784506933745398,3.618042763023108,1.9605074823047455,1.890446618949981,4.9756172635070275,2.427094701325897
0.973945111410994,13.696664678558639,6.770177442932374,1.9410409857186965,0.4478454502315207,4.541702266601774
-1.0648388270059572,1.6340152259048106,1.1202275278209066,22.254933703426715,-2.4248390299809466,1.0073456968790264
-0.9143002642638772,-2.4502956558508178,-1.2127495513720796,-1.194398764602082,-2.7451246443180564,-1.061938547941965
9.815030229496912,-1.7946985943709948,-0.799033207034114,-0.8522959498594356,12.133280676257094,-0.6275841373435074
-0.5699279558185705,1.0740089148802405,0.7307875813952726,3.9210980927848924,-1.8633106569343365,-0.2968974938458959
3.269811443223002,8.120460120288612,4.1199994345730815,-2.6474593054710063,1.2644483860645601,-1.0755346968512451
0.42949881574607296,-0.4313331783215941,-0.21027098559464902,-0.012507595598424648,8.839902421687535,3.4187235118515247
4.47141959596057,-2.017543112917072,-0.8251520336743629,-0.10416627670929107,4.00170709172576,7.025166125693879
4.767960838914359,-0.1119095538239469,0.4088226289877214,6.426881713385084,8.452333307053156,-1.504335951824559
1.140317558493559,-2.445155158079782,-1.1298428949684636,12.093536098796614,-2.527322301532952,-0.7653544268905533
5.404798565474541,3.938055369056405,2.2962551847091355,-0.8606201759311314,14.416413024039386,4.794062591995096
3.88594404242159,11.261104997051023,5.297606118038782,3.42861609418091,13.756003240624459,5.171947899005157
-0.6328362225599463,-0.6529813211996633,-0.2477549377221025,6.211739636424881,-1.7008954550033697,-0.2905746094144122
1.5529400095749633,2.8124520261467016,1.7219065514706045,-3.04976937079311,6.721432903427511,-1.3560388182980734
0.9845852453150302,-1.451962012243901,-0.5609381916162003,-0.9842733875025064,-2.084311788202808,-1.3211650099450198
-0.287079105712324,0.0295352019046925,0.570876374529325,-0.8670072008085079,5.066467195327572,5.133400775857326
4.110935747261721,0.5032140959971154,0.7344204221675893,-0.43907784893444896,2.332316219725017,7.6919309252839705
2.8472318936134524,6.869074269839831,3.522159430928027,2.7386523170816304,3.4352377769750446,4.863435585303889
2.557382735110102,2.750894101117584,1.7479118073852145,10.836764417228084,1.7478387807545914,3.117521467809592
1.9569777299051467,-0.41532755839897695,-0.12336587099100266,-0.1825903458123026,6.888694777540704,5.507211929779178
-0.06866867215882798,-0.6136963078085035,-0.18355211584822095,5.925065296888539,6.9868331005199105,1.0744865345086936
6.067795017072135,2.5413569904680506,2.0098667012889377,-0.4717182119786708,18.77270385371187,10.968052192197883
-0.4498711861259123,-2.165053881015802,-0.9751014639934312,-0.11216716227348798,-2.7673449753531174,-2.9801862170684323
5.928189986817035,1.3315054909233957,0.5933958864405394,9.104381379963906,9.826995745538708,-0.5235941324899758
2.1118048833426144,2.6656410651332867,1.6659254780081754,8.722454108297383,1.4171918934165042,1.1828609629855542
1.169550493360363,-0.3580620819999212,-0.11678732851780019,-3.3517130958488153,-0.2836822004349295,-0.26205087877552935
2.206545692774882,5.798969677704487,2.8845415039540847,6.090842591729033,-0.641145167263721,1.696564663286086
-0.3964059427125776,0.03124231902127894,0.1104120303880069,13.070228700355939,-1.1635043688151343,-1.7979048262628448
-0.5013868718449216,-0.28822836292652676,-0.11723571048916873,66.51341752615525,-0.48859352319671373,23.51599539576653
1.72396687160896,16.878215035367283,8.120267307624918,4.759101809852513,15.051421428575203,12.621240919734682
1.1969408873680636,5.2099296929968135,2.957130620081885,-0.14383335020980198,-1.476160971105126,0.6698272750564558
-2.0512376171199307,0.9899666776484712,0.7000796235250571,0.4825021875873152,-3.5610319427956476,-0.6476034901562804
-2.4578759096102187,4.980208964875426,2.450937626499889,0.7689550788823225,-6.6717161973118255,-0.16905675502190032
-1.0143332287377194,-0.3341771113363199,-0.054833423586692104,-0.1931125837619746,-1.8944121479983225,3.520698496874391
-1.1437334468669433,3.025494458579334,1.7521456992007753,-0.10509344331357742,-2.4528738961609347,2.4141866923411417
0.3482245296158412,-2.207592463095597,-0.9410208493134254,-0.5373809876848477,-2.499517435821377,-2.509898279845694
-1.2566453440074716,4.749435717940375,2.3528052718500696,-0.3488320497705863,-1.564304479888831,-0.5163568795663113
-0.54885363448438,-0.6953838334521538,-0.21026964668505277,0.9335216259218498,-2.3160790164698164,1.0354116132029516
0.1839620599527595,-3.659019441216898,-1.6041611850783726,-2.727510408191689,-1.7097929742638744,-1.6424529166300044
-0.3996401487766623,-0.8614830415137572,-0.3843409896388841,-0.2260582572311594,-1.153524282989586,-0.6856043336991542
2.234442696013245,-0.949382499819323,-0.40827002596806183,9.164060982156284,1.028911691198163,4.379267128920813
5.322879875910915,1.7375816366808938,1.9895852248032235,17.17681687881294,3.0646513287192234,-0.07189909806840422
-0.5119430676508795,-1.3254584192423253,-0.42338965227145886,-4.247332429084593,-2.7461120061165922,-1.4099262913568782
2.0883704909927108,-3.274486540079949,-1.5801318280148757,-1.1524320294282826,-0.1822426354805671,-2.792705860715381
-2.920611533245566,8.111121022956157,4.9867497183972525,1.3860671045613375,-3.1830056762691243,15.512065787090055
-2.55482959823714,-0.8081299865041638,-0.37989430728453455,9.708127896861711,-7.464610947426412,-1.2304312794012784
-0.33450601382934336,0.05774626601342847,0.12113993590249211,-1.4186993082721115,-1.1558537324280846,-0.45108700722920947
-0.50416704775805,-0.31296550962574865,-0.1483800209144658,-0.19165693728095157,-4.45255847056223,-3.5374977574592976
4.320029517499396,-0.39789075715911315,-0.11725313644896174,2.315342745725289,9.513906125958718,5.95889679509263
5.112164963587852,4.698261205924467,2.655062655770129,4.677191928616341,14.289770920433002,2.731853924015839
-0.361432228370253,3.2015621445204587,2.1558997636136605,12.986477689072444,-0.9644449097472614,0.029082922563481994
-0.3297024832315323,-1.8571465966174328,-0.8281814214945051,4.279536570856386,0.18363409781951895,4.1210720836203425
3.308123627638201,-0.15863984675422088,-0.018231259060561045,-0.12517288410711208,-1.5953656051486034,-1.9291061666447136
4.891371109970461,-0.25774376417225087,-0.051959819454141166,4.015850018067824,5.589030030307077,-0.006525868028847315
0.6367205239862783,24.366194175821406,11.925619408739541,3.229952599828457,6.47352404476194,10.753170648299553
1.8551716142571013,5.619056787749601,2.7392755647383504,-4.061862150686674,-1.093746251414075,-1.1469585829985005
2.7003137166600153,7.157504166121757,3.5537399332176003,-1.0177011786113004,6.223928325966319,4.943613089845652
4.815168848686044,-0.745632234528156,-0.3335546173107566,-0.6573941654705859,5.583919712996495,-0.791939041282912
3.84204485259745,-1.680682742191535,-0.6782454974962122,-1.5438118359824253,-1.898092837192174,-4.175622728117641
-1.3089391063570954,3.41822081697813,1.8173362957715582,1.337308528221043,-2.462539912141394,-3.440685251820061
4.149605664216579,2.517002278383947,1.3100205851754418,12.261553560001516,-0.08582826244318331,-1.944986500927052
-0.24797497952448277,6.419739897180182,3.5126577454317545,-1.5788558567632445,-0.7258847793854107,0.9209551335315318
4.114738328066767,6.956312709850701,3.220017233914383,-2.254680638810384,13.041269836359623,-0.8541382939017454
2.5001765885960605,7.129274945678688,3.4022782013904735,-1.4569290675775273,12.770927109077705,2.5585266158555795
-0.18524489800576066,-0.697671758608971,-0.28179656579792306,17.50729144006851,-0.894917455113863,8.877075839033113
-1.6352569196705262,33.70540099057205,16.30899541356539,8.917589457344128,10.631171388693371,11.7488127420735
0.7968756830814608,-0.2859848595658125,-0.008213919145805692,-0.8458926894451152,-0.5626443748534907,-0.06571726849109094
2.5671636051737377,1.6391490429030506,1.0431432530521731,19.40570079413341,-0.3823527861480073,5.515192349080139
-0.14199935697696048,4.7843564173004935,2.837044116006726,0.7180588619861789,-1.2849687370279153,1.5308556836983047
-0.1552646784585472,-1.20711322792273,-0.5482904949840577,-3.82411513652794,-0.0752521016303446,-0.36535564099723516
6.64557790735565,-0.37859849741285245,-0.07295709380271363,-1.051059959427293,9.004512044190676,-0.11918199436603039
-0.3151283505326587,-1.7455473130277195,-0.7487161879175157,-2.5969166067963236,-2.433964278311,-1.171977128183414
1.104919222234701,2.8842132861274634,1.768260887877143,10.721581582202951,4.494639425049417,3.815113717454035
3.792115164355619,2.0530815362388597,1.4666885617709955,-0.34134372212441844,4.487103203787305,3.2741648445426232
2.1569355262880645,0.5973489155789784,0.5257113145069425,3.2458482675962257,5.149971633660264,8.748180008524601
1.0072299482217324,-0.20003685498046286,-0.1373619977094173,2.253363518472095,9.884592802497993,-0.7258243030630883
1.878054674586344,-0.9009235536089877,-0.23169031993340772,1.4492645536467272,-0.7450333987498889,6.465497449875948
1.8471541928537611,-1.2986635703047968,-0.44555279849751894,2.3452413022016465,1.6548096780431583,6.753814103536872
-0.38163315310558693,-0.2115167959825958,-0.031237299016317513,-2.239813704804803,-0.4140850527444768,-0.44977508559433965
0.09166776102658047,-2.248165469690174,-0.933212478202711,8.867937349690452,-2.706885760227536,0.5693352243665369
-0.5370131343920344,3.467815556838254,1.8728154051793302,7.362253916995673,-0.4599124876474703,-0.4539806404995238
3.0594502569395265,2.220264000495616,1.5410717322426626,-2.026235258232371,4.481461034027691,9.138624609611567
-0.5163617450514082,0.04460924375791053,0.5249747419996244,3.839845952368581,-1.2099865267557945,-0.9546178369493715
1.8844868313837053,-0.8578050583351413,-0.36535246383329734,-1.104393961983566,-0.16416740981240324,-0.8187080851397233
-0.20642212144423647,1.5192358777099835,1.3437723476179477,-2.090517434751952,0.8475911876021904,6.3503733107960585
-1.139469652141558,-0.31112010642459415,-0.12998392035201203,-1.9979119866438948,-3.5211097269338754,-1.1801708582637496
2.7880650018434165,10.936569719311583,5.55284586294481,1.5973399676294022,21.621280761314797,20.29124064616866
-0.18737081643555334,6.243007257960765,2.915717405838157,-1.6662733270385806,-0.7874516019172279,-1.1895826265639327
-1.2469508777957738,0.3569291349315481,0.24338938864813026,-0.39947668103041334,-2.7410032796822508,-0.29675299875702554
0.8077752406694606,-3.5433393913524345,-1.6147829361661032,9.145924441579192,-1.0148122937085393,-0.6692345849390686
2.9724246474847744,4.392938537758436,2.344602840346814,9.517344495692631,8.167612489768214,-0.3979906766018062
7.680279361619673,-0.2027908046144794,-0.005636628234067498,0.6270317322509403,21.792698750386,10.158141549138183
-0.5244819719381966,-3.8372182143744333,-1.7705604608619092,-1.081273130164799,-3.674424316210044,-0.3806684430104827
0.9227299221699223,27.31526562722383,13.258218849223127,3.7120867393016157,14.00691993869794,8.383017457520152
4.078228755904131,7.471281758088996,4.031670071681406,12.388097217300064,10.598423241504747,10.324518040929865
9.142176322990363,0.047524026314242906,-0.06178461523458641,-0.33315569028434594,13.636465559671564,3.1377047818140467
6.015990383323118,10.927744296257076,5.371690992564985,8.694408932885002,17.61043488852602,0.5792239510871959
-0.2013589061644234,-2.2640637563336075,-0.9398805489639941,-0.40020924790875034,-1.0574525731233553,-0.08105062252387318
4.442610695417139,3.9075189873237006,1.1709229463865367,3.4473798342379736,13.069222503358509,3.3669755919289326
-0.8443435830868282,2.833517182927588,1.6022905144987898,20.556127826835674,-1.386241236092103,3.4659962921365866
-0.8259599663194678,0.05713374395531712,0.45298810137530565,6.459018335930957,-2.0731290688004527,2.804803547966902
-0.1607594656239193,10.568399534492897,5.4888812173221595,-0.22896307263314664,4.112659348288948,-0.14099175694711374
-0.41957470923741236,7.714529286556279,4.20307738058305,-1.657044310314511,-1.2367478994947714,2.8372521816865097
-0.3871352685540225,6.845402343328231,3.491993627122762,9.48695123407041,-0.13904822886259044,5.294998419986825
-0.692959792430115,-2.593705731377759,-1.158256460785854,-4.859129487913808,-2.2695741006024868,-1.294323904054984
-1.9932068094823325,3.4454154103655785,1.9605210455063862,-0.439204969726055,-3.174284708381371,5.455353710955279
-0.3757429375616575,6.386882340335823,3.109086069660296,-0.9474110265307929,3.822187984816782,-1.2473822091357583
-0.6580834023143588,-0.0019332438994173141,0.16782243579667255,-0.23151225843972717,-0.7199133512591755,1.0481270036423993
-0.49105123387214944,-1.3087735194338403,-0.551063477599271,7.444928849178152,-1.9001071178266487,1.9770968244597946
-0.0767244764844989,-0.5985712300886669,-0.1405447296731129,-2.1763493768722264,-0.3088015011501643,-1.7283348392221072
8.20137458228431,6.2447157153860635,3.3730569008184497,6.986468857362785,9.99949570592301,5.790566027641491
-1.1710719985858185,5.086159216152855,2.941619209440398,10.114745515582637,-0.9898622741482068,1.5750178767953145
6.871517575902679,5.1719168963787086,2.7769713315203775,-1.0695498853331222,32.36426127161791,6.7354982826954695
-0.15560755051767916,0.5570796451622152,0.5101758123250537,3.354492461481799,-0.3697219917628105,-0.2301755038157789
-0.3016419929616921,-0.05799390700584455,-0.05437036802716255,-3.3942580696725346,-0.7051499974052501,-0.561946283218005
-0.09587085823064467,1.465124481508161,1.2384752351379475,-2.675298321506296,-0.390329926769799,-0.7946355366605007
0.027728045165663184,6.82890204422271,3.575376057642673,-1.8715652329744075,2.291840536504501,3.160482015638576
3.958434045862141,-1.0530415378279965,-0.44975214809088665,-0.5542887875825045,4.337871658015293,-0.7431726524046414
-2.018603458576654,6.196275023741273,3.1454596078976285,9.190194337542994,-2.681066765013984,2.9129378872950866
2.050653981528333,-2.5805506363361896,-1.1683619275923005,-0.41652777375486477,-0.7221020860281846,-0.8018616957995749
-1.1584769905928753,13.1258287403952,6.965448333387863,14.849928706352728,-2.79537641737061,1.005540770879837
3.066571377783532,6.235404732277209,3.3734221051129336,10.332825845414325,2.2002381979034373,1.6715125702195213
1.1223886848587732,2.051635633558734,0.858853470739317,-3.5851835245584436,0.8862345572099114,3.7056566639393775
-0.04775508326266649,-2.317262042029705,-1.0704329833765196,-1.8463801926888892,-2.6106779935047424,-1.5707783245020817
1.8053170874400832,-0.14486410188612026,-0.004440419763999315,-0.11956224265378551,-4.123570471281187,-2.98720537964564
-0.9679996112129121,0.3802876700109574,0.731163113044468,-2.840949836329418,-2.1080977531444964,-0.3551469523450792
-0.4173776953876949,10.959650695532902,5.7621056450540955,-0.39539450916674096,-0.06505780789499259,13.593908208079535
-1.1977924949279781,2.033135822790113,0.9791880994469537,-1.0845987820969794,-1.9630405767751136,3.1744351025342965
0.14331159461970033,-0.2430541481595097,0.07136553605791662,-0.9005385870161545,-0.4180266177947095,2.024933608221078
-0.16042380089440822,4.627139066428263,2.488108613328648,0.28623148189855385,-1.3741290307065714,2.9791223057773504
-0.13391631026227777,-0.513792167098745,-0.12195578907123417,0.22806938487267814,-0.2588408744148857,2.5005501872583586
1.9402988125265184,3.5671959352283404,1.9002085597183982,0.8276466834894738,8.953448005319766,5.486298087227985
4.072226421294719,5.121286962148457,2.8475163009394104,0.34185733749749336,10.660329466541926,-0.1682194367667751
1.953736707810789,-0.7273428248911947,-0.19701565895210377,-2.638758828106264,-1.125850730340325,-0.9384686581609771
-0.01428079847186865,0.8644342725691956,0.5460210206641575,-0.1501344675796033,5.264042553647518,-0.5325951541771969
0.5319538776645326,-0.852907621534572,-0.3968479149485643,15.035812606934646,0.7616138719239318,0.31849059289010473
-0.4199011372870642,4.832598134625103,2.6484859066795763,3.0007879071301256,-0.5061293025528941,8.614723922051933
9.418178432386728,0.8578332576162151,0.7346207179929667,-2.500239856834184,19.167300220267602,0.9124155421698062
8.111646527632226,13.515654864332564,6.284427122787659,7.7318046084065095,21.14375496443383,3.315793192845467
3.0436506016934146,-0.38218711576086656,-0.05743413356507435,31.74843998311242,-0.903049859047108,6.2013196204914
1.2326614715570892,3.5049553802270177,1.752668173226308,4.385225123557265,12.448990684621307,4.836218078566499
1.5653500283148005,15.019533268156575,7.595034099155512,3.6574975809159254,11.710886832899002,5.357557799938095
0.5916601365654977,-0.19934871816525138,-0.07464550925734792,11.755634742875877,-0.6355712097882966,-0.006301524853248264
-0.6465902769426958,2.4254358002714453,1.7986509225199445,20.629072879095922,-1.1672703971747849,2.758493797808513
-1.4224582363679918,5.630557009725097,3.5016504922832117,7.67326362323193,-3.6804564633775407,3.6866610765706636
1.5098878454043727,-1.1059881709826198,-0.4029758310054735,7.626838659070123,2.3715936016284713,0.9652891410713318
-0.22519557643004307,0.21320589586527539,-0.011840689144925642,25.73530061768394,-2.2660777976279336,7.13491078414922
-0.22680578360129422,-1.1782534305474681,-0.4579903399148424,-0.6320771579162845,-1.3576900464522934,-1.4073806118100167
-0.23045308646702678,-0.5546278650927557,-0.18171159277729104,3.693545090938745,-2.4664532041207927,-0.4690648618411375
2.3033070991118034,-0.02861636616420358,0.26178662015139315,6.1110735000353715,10.077288694413038,4.019581171901789
-1.6827156506318,0.5767937905440339,0.6511590363705728,11.849872164548023,-4.388587722627292,-0.033434072352103786
5.459489667289737,6.906276520849691,3.7920926612378296,4.8945633542207805,11.135651088934791,4.5647603106440195
8.98366780596878,6.333165641659376,3.2186465691230546,1.8911579862251686,15.843265638517234,2.1064662961209173
10.130051767130217,6.040488296190491,3.336903586423542,12.608398352484459,20.814505104425535,-0.5889214797009034
-0.9095680350473844,2.925073425524149,1.4011779599304983,5.378464060037102,1.6379461399590798,5.806663735255781
-1.0356183681486957,-0.7566099247738314,-0.3503525916377762,4.282048881757834,-2.2036364108554625,4.462144865197592
-0.4731049293299776,6.077570866568647,3.298032936556787,25.762003874896074,0.8478673044405063,8.617236029398883
-1.3839193007272743,8.406782518110909,4.0882446391481455,8.32718648624053,-3.0122463436311504,11.929406363424418
-1.371979413644901,-0.5764719588583852,-0.25720905906025515,13.703558293763264,-2.317022758589639,5.592905079238167
3.458438837020899,10.299145017732378,5.265018295765193,15.255448093242126,3.1458266183148815,0.6392263412585717
3.5768303275510664,4.82540342916013,2.501002814298386,5.9945381510260916,5.151641263030595,-0.18995026158205694
6.52639830697098,9.658231417833168,4.357236451259342,6.809149376731585,14.836765228087822,7.032133398755314
-0.7039359466902342,-1.7655754653106415,-0.7905037533974654,12.450532623328407,-1.6654464927751413,1.9854894315348797
2.810875387507333,2.3587937675197495,1.5653555488635351,1.8376871062236213,4.9872352333631875,-0.3471180598786686
-1.096299348127768,2.9333749206732436,1.6786007971782038,-0.18007703881370687,4.762230797972208,-0.08106430420789681
1.3143734583378732,1.8071759899967184,1.3852996400198072,11.127422951335763,4.659904068288593,-0.26368867917198985
0.01396851766996332,-0.5165050943317397,-0.1740903008118081,-1.6060065387496065,2.376077721338919,2.606414059729551
-3.396814928201625,-1.364861142256501,-0.44498644486405614,-0.22219375917889472,-7.767214943204919,-0.3414132024241544
2.540253980514372,10.610851285130073,5.293660396711044,2.9735533954889632,22.13432265634094,9.978456112631026
1.6613048834318977,-1.7910588220697754,-0.787357351417151,-1.788114995968594,5.929190934752729,-0.8480427633093746
-0.4534698052621684,-1.8541009637517847,-0.8747333662981328,0.33086648585627376,-1.9489389821283383,3.260928136254204
4.010064511114276,-0.7398724985145004,-0.2470805256578068,0.6729126834026552,9.441962172473874,-0.20907992758310945
1.5408714336693374,4.062742095033917,2.3983543010848196,18.928657939770506,1.6749024625153184,1.7497823432372728
8.272408110086719,7.275732141939223,3.729240935306637,29.712776879114013,15.426339645756292,3.4096012777576785
0.8287547036332576,-0.07831644760385732,0.1615653451614859,-2.647325266506936,3.795054001212879,-0.7340849938714469
-1.0221803995183303,-4.955668693504016,-2.3118555837596824,-2.7800029836140583,-3.9311109835794635,2.7435454631601766
-0.5303858947125246,4.512856730708622,2.5646907336509273,0.041220905330004,-1.4759269533121877,-0.8338453444554447
-0.2365200764178951,-1.8458671862960152,-0.8818658922946652,13.759252142560442,-3.417601439879341,-1.5689782549896647
0.5584619160939532,10.085710785361375,5.222931422429221,9.39942290549014,18.930194562149655,8.38952953914974
-0.10449704841261159,1.3863868745001038,1.2534817778143443,11.571979171354066,-0.046808487763272025,6.320791276122412
-0.15197150713034535,9.473294539544128,5.0354129512716534,3.3412568580708806,9.40016912121954,4.425580171274858
-0.20969968327910093,6.87872367786682,3.6766811224225027,-1.156589501510266,8.109480639447192,10.048030609422982
-0.5630856999872998,-1.061279739902619,-0.41911579080241945,-1.1212966862420632,-2.681243690887627,-1.1485730481518877
-0.9177864818765935,-0.9277491973139442,-0.3579686342510283,5.9569542958799895,-1.664767738318698,4.260591537037342
-0.2702696584681752,-2.327635770222798,-1.1170485798224428,3.2135650820499686,-2.1598379208641263,-0.43646260405040654
0.28835873641768284,-0.44344690164100725,-0.20171757503763985,-0.6644859644401498,3.066563230232668,-2.8555677804071062
6.7503829043584425,6.389294781379099,3.2355715552060955,23.471579175598233,26.352164777689513,11.148718113033793
10.957675839379988,3.3342999423718997,1.903036830077077,-0.6008308737903261,28.425728879080378,29.52625005338884
1.4287796989735704,0.0075235992918943895,0.67535156614864,2.573402118968512,-0.6944336336595275,5.294313887290731
4.5007354541523785,9.157973658723142,5.367368980177541,2.638318089075491,19.55307842495411,14.485847876275288
-0.1696171777249681,-0.2817599755478059,-0.1274860040184036,2.782974978450282,-0.9342064152083145,-0.8951548380701996
-0.7051747265485055,-0.3730053687625847,-0.16416108657236791,7.7898343628814555,-1.6940263767775372,-1.4874035367088485
1.2532097452988622,10.905671046297094,5.140769738351327,-1.0582687599662253,6.559137911308163,5.1099533571568685
-0.42482480858146004,7.2767993042427,3.7842856306313633,2.490257654311689,-1.3207430690287456,-0.5884922303577834
-1.9562665550487006,1.9266049588250054,0.776400523630953,4.830546620157147,-4.076359347016573,-0.2643501826987646
0.8963332190094835,4.515765749840054,2.390879514134216,-0.5687609522694291,-1.5309951952502248,-0.8968283501752563
0.41760737146594634,5.14189151950446,2.7544310879713634,1.286653479514614,-0.9681605780688577,-0.6156347770808177
2.6307124934225743,10.413138963831372,5.297454810555749,-0.7734769054351338,-0.4459989649111871,-0.8015436945366852
3.9269516415309127,-0.815530287201284,-0.41985557697838893,-1.5288922132089988,1.4033253914182477,-2.0779393476120833
-2.2898440860719025,2.620694269734731,1.6991597737145678,7.5783494634988955,-3.559825927338855,8.041625924966278
1.3240504101647064,-0.031350037667601915,-0.07524800743054615,-0.4373089597932614,4.266937166095388,4.194339079582769
8.74012094020079,15.893208439731476,7.4749230112045915,10.605128733905435,29.908767298497686,6.534251295867148
0.36961043040946717,-0.46377253448609035,-0.13552441456162864,-0.8006810658097226,-1.3227085464111887,-0.43649876528031833
-0.13386187050819684,-0.6625631779364163,-0.18224377282947601,6.243733214369155,0.1974721373794417,4.692191661958795
0.08516859858046166,22.54062506930039,11.31552019578231,10.729932804633636,10.722125461858477,19.482556907029473
-0.9453536999609646,-0.09588829006789051,0.4021644091043713,-1.071608287034445,-1.2189274212685344,-0.3069633611472117
-0.3917873126692821,-1.4582204839752946,-0.6438447976688497,-0.2764255790196915,-0.9991892732044413,4.445536611381453
-1.0760856629604099,-0.08201999071235855,-0.05018023264024325,11.18953460387364,-1.1652821396491686,8.824545322089474
-1.28875670617561,-0.1384940330750258,-0.027718735889870328,4.408995624488928,-4.359135793077612,-0.49998277808575653
1.086269180340432,-0.087747075256126,-0.04772898201276239,1.7583102764258933,13.143561495724251,12.994945816460636
-0.0751557494813746,11.472384088166926,6.004213306960119,10.297564002917028,13.233064374250702,13.977199393648258
0.7224556925810449,4.854612151178331,2.505915762582833,2.7012656228545424,1.2643413681605173,0.9055803465851642
-0.5714764197825123,4.389478777883813,2.426462745447923,-0.2868368415728495,-0.7331252535908904,-0.2543209551622929
-0.14807768346054,1.8751869157536132,1.1672105542671738,-1.8156755155152355,2.920642958976685,-0.4818651962417175
-0.7701574224418226,-1.2595868269692316,-0.5469628879543674,-0.6228454891111993,-2.943792837738112,0.150019039980681
2.9199185003607626,11.295849749471866,5.198676508206432,1.7177072818824208,15.596358415357383,10.467023571115671
-0.33480260231119385,-1.4375205993683053,-0.5753810072541345,-1.3139523313747838,-0.8963038628825388,2.219109800034907
-0.08165345301001073,-1.2640996442673549,-0.5531160755352975,0.2968937164798733,-1.7651480471800498,-0.5971904917170233
2.0056545033091524,14.935617074409173,7.284522259214264,22.253443205040618,9.854074916031266,21.823169591670084
0.5956076337429665,-3.8383531755215508,-1.775102127817512,-0.2586611574689525,-1.6811781511568562,-0.3140544421906473
0.9441000470097101,6.417909017548532,3.5293592106228036,7.5473324530836265,6.20393989552884,8.597443838887619
-0.6490586747301332,-0.6702649543002003,-0.2021691863357432,-1.701578567880535,-2.2417086595459135,-0.7521131663975806
-0.582585945842116,7.394537013541227,3.883496770131537,0.383590196278206,4.738501324258808,11.077581173283498
5.086087374295355,-0.6544769223620954,-0.24959537375566387,3.1453451516233653,8.802597181449705,-0.6203542435274989
1.5194536945974724,-0.041137909751293944,0.26714939455788383,-0.45605396534996406,-0.21560234644225523,-2.2160476368901887
7.182035853917085,21.552449781255344,10.722120466844364,19.300818441735398,20.486820263171705,7.381945311549256
0.3269647680370056,7.631392394170151,4.049955375229999,8.2660363935203,-2.2547938431890002,-0.6952772733046203
-0.08547386320515248,13.706542483465011,6.758415752115893,15.152864175845751,10.542634942669089,14.820201699436753
2.8855210513362435,26.82745843726113,13.075711991448586,10.848756648110879,9.886385179617006,9.659401211572822
8.172304255547282,-0.292263996099342,-0.05644179508967136,0.3723506737663268,8.12344978355499,-0.022356267963149646
0.7193644855674772,0.8392774370488942,0.6774570174750186,23.16969948273164,-0.38850362772824704,-0.8727928681407016
0.6402166857383579,4.631787146960618,2.778994248402234,7.071611890156389,8.310888389594,0.3525899780255344
5.793208294139329,3.407982877366024,1.8725807538162498,13.682811733962478,2.5662671774171377,-2.567836391770444
-0.09818463818101929,1.3459114930828218,0.9244745002902334,13.215276875123008,-0.32630692286214025,-2.1656302579063023
-1.4034305574686172,0.5372114323119932,0.7620924735350738,3.294346547125558,-2.3444216828496844,1.173092695733788
-2.2581693690776747,-1.956257023910541,-0.8449941029703045,0.9748610383495412,-4.998353290208573,-0.423995247587696
-0.10585141540409163,6.684536348024188,3.2414522918018767,-0.0813999511178642,9.641922137807237,6.759255609619414
11.206787344840466,7.523699576890326,3.7618828987793083,16.595870573702165,26.981447270194995,10.269760673507141
-0.051776156126768225,18.372473164765367,9.524584293124063,12.583656321460795,11.329970590740698,5.4491042387445265
0.014009635454197422,-0.8156934323556643,-0.29922266650788076,-0.24453572256529943,-1.1260226319818978,-0.46577583306238995
12.542731747506007,11.045878636465622,5.675389770928471,22.47131045973741,35.009338687603694,9.151472406824956
20.804626150525127,3.188915754022524,1.6620954257091054,-0.8814590792751007,50.93561596277276,3.9144389236406143
1.818290071760237,20.37343278004521,9.90389637737415,2.092369026799491,9.5663712794296,4.3759279702389104
4.322212378374717,-4.184184133211228,-1.837559374282568,-0.46817129415224734,-1.0601184925137788,-1.7275209964752378
8.286768438632265,16.905972710418396,8.316741850108874,-0.24029873128900447,20.18603130515041,-0.06149610801711996
1.1036323469063753,6.829827585146932,3.4715320522233957,-1.1795154930591214,6.245324365097369,-0.27641860853872663
-0.039895923269759194,-3.923440574644262,-1.8070682198496826,-3.471628016610059,-2.018506653833088,-1.5399116042402774
-2.5850103808982317,-1.6971174321145008,-0.7910550974178827,-3.0268802948481017,-5.74254900458932,-0.932864267165308
-0.4199395553723475,-3.9915618963552477,-1.8193044906423237,-0.5113413556038167,-3.7326913427368194,-2.094851321480204
12.119840879990287,2.6925794864712125,1.5967686831525123,8.040863626184036,17.663449187396186,9.753565155210262
2.501981723607271,-0.004494665354218519,0.22829434361292933,-0.49224738149730385,3.5888777406574515,-0.09351761617082413
1.579572301986466,0.2690045373848066,0.6409999757003646,-1.4923726599509723,7.878488781815812,-1.6370328701439616
-0.5717609461016393,-1.0065828263403862,-0.45652263623220785,14.899987218931116,-0.8892008991509064,1.1405473201298195
0.744685659623332,-1.23114504110163,-0.5465277703080216,3.684269332035024,-2.0334350973165236,-0.6110392337826586
1.0985757431403247,-2.7980586206243214,-1.233788260125381,4.523561685303537,-2.304026803972006,0.06204037698644038
0.7038910134110662,-1.5275675636771415,-0.6517033294591801,15.725283328775204,-0.7493708513325761,22.79340778507244
-1.6350056095631933,-0.2945024028978355,0.11757851740649738,17.866536828898045,-4.611639231684037,-0.8380015985551426
-1.214223044335256,1.3790419906099745,0.8396141365644898,16.258019588601126,-2.7202050963349924,2.9248668128196265
0.7009642877311048,4.844805915647089,2.520602172195641,16.040700702533943,11.134913557327693,9.372751162351674
0.06079401993082334,11.00699803250095,5.178580420097185,29.62765625535414,2.4042298809313185,19.396166253833908
13.66000665619236,-0.6203027352086308,-0.2403892989329236,-0.635643731931906,14.179647244179764,-0.2699462745556275
-4.466777659576083,-2.2772691978698734,-1.0294746964307158,3.2003791038803415,-8.272044351233959,3.17479789690835
7.468035252151291,11.70285158254607,5.82208196230567,-0.19883089475724536,11.529932310354004,1.262520173401665
-0.0557204913489104,9.967443964826197,4.596918554305605,-0.6377071974782551,7.37038530679182,1.1391283464360435
-0.8193324600308496,8.245800576812254,4.545509164361315,-0.33759838954450716,-0.03918459984469252,-0.5211417887998018
-0.16672618113162208,4.795298414112608,2.4759378519535304,-0.2872149992021179,3.737971159640228,11.616325035349815
-0.05579262504709126,4.7397161248666375,2.609287404477062,2.916761677106739,-0.6595022554041944,-0.5271559746706214
-0.5753683395447488,6.785232607203472,3.564248476124849,1.8637062559620377,-3.495471059407594,-0.3495600200429009
-0.3179407970848377,7.620763224415719,3.811891896061121,-2.008520940094393,3.0704595299625823,-0.8209251611174531
6.503586510973938,6.726530263980174,3.751743516191294,10.014779249726098,11.157417358477028,11.921975946990704
3.4966693421679453,9.85214819297072,5.022162316109234,4.210300481543851,10.046113455598698,4.3475761345186195
4.0187741606928,7.932376052815173,4.321088109211974,4.349763043719114,6.0417005351103725,1.895537432151603
5.926124752636981,9.845791461026394,5.246145590728901,-0.21661992182673806,14.764707786899036,0.04476021222553839
2.2331705944459683,-1.6874470873511058,-0.7059515384291024,-0.10407758449102951,2.2105133213607098,-0.5310029648760068
-0.1696626940044649,-0.833990125185922,-0.35357766859477496,0.49855001006206806,-1.324418220472421,-0.07184901057789332
4.786521546970074,5.423724141132641,2.7456183121593454,7.09011887621576,11.014437018123244,3.5609351308769135
2.519738982021989,3.224986374476078,1.8116213944173893,9.029625260927872,3.4093268007767374,4.764159569516419
0.228613043575552,-0.06731875737286142,0.034775878324641574,-0.4554746669205676,2.8558903317946904,4.207687387863873
0.9711139470129628,5.456683788381377,3.081728775340027,-0.706688204034882,10.056455916476548,-0.12409133469185757
2.466331300960297,-1.1314947920481437,-0.5005939322961671,-0.4423905792351397,-1.5922523953566752,-2.4232802998826077
-4.415778402255189,-2.4864452175981695,-1.1317108275783985,13.356022243348065,-12.070538705116885,-3.2629092217147715
2.6620531275715704,-1.8902874097934945,-0.8173083153085923,3.598035371645631,-2.0587574172147662,5.910781009060724
2.9040369923966463,-0.9214255832880487,-0.3799541005355268,6.644366044935237,-1.9149082343331874,1.2750795874314718
7.637766443121474,10.602330279500258,5.602884860330107,-0.7937195867090336,14.699399810423735,1.4436947931418873
2.1769014205277184,2.579792175895652,1.6799716901297905,-0.7517422909408638,-2.0408858544805155,-1.4413220718538695
0.6755470397413089,-1.1786385607865308,-0.5764582170895847,-0.9784301470089046,-0.39811237129797417,-0.5852703505182456
0.5134692346420449,2.0247942384702577,1.24844367069847,6.501225393726421,16.200057819938745,8.267261181959453
-1.1745598788834588,2.4217726634786856,1.5375267596641027,12.23028353676461,-2.0702965522904573,-1.0592885800585943
2.128577590037944,-2.6754588504479244,-1.1881608237841497,-2.4754629020903334,-3.0248110897692437,-0.5147996175304682
4.143629033578528,-1.55227120631951,-0.645274206470294,-1.4533874745107502,-2.19369501763982,-0.520976490402345
-0.25478942456726983,8.029555560693284,4.140834548935154,-1.1995835251519107,0.9504411880404273,2.2378146696603523
8.237445579477786,4.100084777873628,2.219266296439277,-0.7619722360832338,12.855415411238678,-1.5211208550264264
3.3756337202809226,0.583732950724843,0.8337600959501453,37.0900767939032,-1.0535980740678281,-1.023852748163684
6.732775618122871,1.696200655237802,1.1794422542920506,3.6456284688412186,12.44349199678631,-0.37922662492489256
-0.17521108023929333,-1.6360062403222515,-0.7309024328534663,-2.361811119443229,-0.12328795440274865,0.8827381001740088
-0.0869188784208133,2.0754898026096975,1.4395211275754172,13.663119155950273,10.461028766330745,13.056667074779892
6.522941452523584,1.1128087139156704,1.0795856197138414,-0.3429250353125627,7.24544590115019,-0.8690429609368334
8.220302302231042,3.664233851058737,1.867070941982731,18.32703790588472,12.324178484349774,4.789496159304124
5.688237360957791,7.456925573914399,3.698282971774133,8.4209695327799,13.40515206665367,5.492614982137517
0.22300273815146598,-0.1720356902690542,-0.0032240067119114315,-2.5794582189070345,5.3959359956837325,-2.1488697226899562
-0.017868980861400097,5.7655699233925235,3.090707942434529,0.7380751216683393,4.334680605748206,1.0888824923343152
-2.161491425025154,-2.7085560282838963,-1.1823902176071817,10.80602824762011,-5.23751821317869,-0.5847735552747306
0.7339073811608574,0.12222146934027361,0.31361099424287797,-0.027285921548151106,-0.3990227314931004,-0.3292421414509836
5.0441604103695425,3.9541878266939126,1.789497806313367,9.579075975799219,8.365759477629785,2.249652331420693
4.2774035267523525,42.53288389933792,20.515962373813895,10.508165117756946,50.39964535213424,24.90194212784127
-0.09483648390209992,4.802134146257824,1.9917818878246831,4.397812306349898,2.2562297293093487,11.23682077968213
-0.3494768089942848,19.973241395075508,9.878516218323915,8.464125602929972,5.549549866705776,19.505186267500076
0.19434387251550467,7.396638039184832,3.9590286002673,-1.1692682101926235,-0.429225384366226,-3.088850196408514
-0.1246286281999256,3.4886983253499295,1.8385537669387715,-0.5258650021399788,3.017102509848655,-0.0334924132780676
7.8014664459491065,-1.0119267070518287,-0.5572955484128055,-0.7221341250115435,5.18830034631724,-0.7447363838555425
2.385480643800154,2.14865477765108,1.456777844373382,-0.021127048048700893,4.460269423605227,2.71364183602849
-0.6368456720032987,-2.69109430421588,-1.205509370504476,-1.3747101567820863,-2.236794107515701,-1.6020109652661114
0.15851840426987795,-1.654586464761386,-0.6921422164490771,-0.611551999877794,-2.5899935169381196,0.037439181411240585
-1.2985356518583198,-0.8451060540953554,-0.30109860617478845,2.1496151271266886,-4.004906214015247,-0.8720573419493836
-0.4342660315573699,-3.9899563012008623,-1.7950873458166225,10.502603237046445,-4.608312343069261,-2.0385806649412777
4.262547230196799,3.220919488147739,2.1098226493772527,3.662255313094657,16.436131129132818,12.887153362078994
-0.20017483942040326,2.6091147899713323,1.9423923058788843,-0.09552266369283618,-2.0368406240298977,-0.7104614261503018
2.052093051855225,-1.0091976496681656,-0.3976603104868528,-3.1751264399707084,4.479348437233428,-0.6324929771137451
-0.11359837392467781,2.6039698632847132,1.4766338567053925,0.6905550223274625,-2.4844205889256537,-1.606052469696916
-0.35843596873675004,0.9786547293773367,0.6570209231365397,9.823965294655926,-1.6162303830574603,0.08207938364489853
0.4828230292794983,1.6728378791713303,1.0929317433278543,16.018899320687055,-0.13282335423230054,9.217365962492327
-2.482343866674583,-1.00896372716772,-0.3829187681915663,3.2590691105940275,-9.696722795077159,-2.8510271318250098
17.673420661096195,2.413004608779157,1.3830590039122925,-1.1663135277486476,41.318168353253654,8.615773556621267
0.3299553541092446,0.17910255660478286,0.8859599932050344,20.309411399863034,-1.6463409115067642,5.933172235925683
1.3798159985436855,-0.4741713287192063,-0.12882066872594372,-0.7032765677113698,-0.3613472430973708,-0.257127780241767
0.48198761152298647,5.464401185859864,3.009598432957348,3.8329824518849334,11.308254901426567,11.11454312143077
-0.8682366892440299,-1.0409499532024937,-0.3057394772896137,-2.9551847314511837,-1.3535856091503877,7.710650070466302
2.3954212498949525,9.553067800376517,4.600187534000847,5.3184814173733805,-1.378137092280708,-0.8374149153154008
-0.7191260604351302,16.03537102149907,8.302462429554495,0.9857501204979616,3.3415653313720743,-2.669939041207384
-4.065246193991834,-3.707594832450823,-1.6030680272571283,-0.04125021959903435,-10.065047860307576,-0.9312335206795197
-0.31770888981909806,0.5856722052322378,0.7602863839018248,-0.05259318341382473,-0.22660142478724898,6.190754727535516
-0.5919130739488964,-3.1963842163370586,-1.489064209221773,-1.4327879529676006,-2.672244677595035,-0.2819133737471256
0.9819677999684514,-1.09988866839813,-0.46811196766087,3.9080297020980197,-4.079457500056676,-1.201348564709235
-0.1053371072851293,-1.6366352157644415,-0.6766773732003379,-2.2958524086998255,-0.9829804809836346,-0.26294195991488684
3.677406556797588,12.206583606828538,6.096658545662378,4.151415907312515,7.488218516951493,-0.04874791304272635
-0.02205214437399088,-0.2867119707368868,-0.1158875942904091,3.0122971466818154,-0.2061278353844406,1.3672297921178744
10.204545251924086,-0.9149861544333817,-0.36466401264709236,-2.8478494078427437,21.17571952216987,3.935957218205762
6.90063907372942,4.915970145129073,3.1192627733711427,-0.08452123027127385,12.261284914148854,-1.8259253786803928
-1.2041021311753182,8.45465074838865,3.721153819872231,-3.898143904337053,-2.191906468313977,-0.20789254597768553
0.3643051150850349,-0.3301185952826455,-0.13147813374547046,18.486868844474014,2.7870611138002546,8.084520123927069
-0.3392145515351713,-1.4810092486905757,-0.5901582587218153,-0.5738698081850439,-0.10125548025125773,-0.053780111335488594
-0.3587887343666059,-0.059916426269727464,0.6660347748493438,-3.1952024224955857,-0.9225390332083653,-0.10974360804145983
-3.45483953095726,-0.5127780675038341,-0.22736133813920745,8.44346255448741,-7.957982013047398,-1.0293519555719166
4.51122520905071,-0.7128056942443632,-0.26915850343022546,10.528882292548868,-1.4478790786705011,-1.7507977649550837
5.121492829228515,7.151243056308774,3.8075760552789317,-0.33807773672758024,17.826703653500097,-0.36719866106878896
9.390237839069014,3.8444553164774145,2.1116468317722497,-0.4832817666043209,12.381937819065543,-2.417626017160853
13.7816725833602,8.146989910265184,4.239639991605195,11.635622608901397,28.626313905437286,7.153227711048015
3.7759084092564885,-1.3246744846766516,-0.5639749649030996,0.04775959569675525,6.662917218183551,-0.6642574064468466
-0.3406159778673181,0.9828053982711609,0.6754946649150021,29.511175775534543,7.075415806006187,17.73642123714415
2.518554099398802,0.41124066862963654,0.5260335575767086,-2.6566042036172095,0.5868617203950298,-1.0628692065771188
-1.5612383077662393,6.507307271723365,3.5275719332768456,-0.3526656136974984,-0.4788211695088098,8.738502711524903
4.064082849780681,-0.7722979731916755,-0.35668927168625875,-0.8265999568367658,5.7755729804200175,1.4145665674933383
6.748559552753771,9.301818656930974,4.917370217837762,-0.6351735328563415,8.678167205104192,5.1510164695900675
-0.49513107272991735,2.528516590874548,1.9166591951402911,-0.02636646672522658,-1.4616526286398426,-0.02324953265132064
6.007254454353944,4.018459648793346,2.175892691004041,7.705827847769405,15.318308143976866,2.376545307655475
0.6092156414133928,-3.644323753906718,-1.4214881435642683,-3.3716913146861196,-2.2267560342332735,-5.571383370089372
-0.9044914936749082,-1.5848870538578645,-0.6860072629631109,-1.402964366892458,-3.6318701362432857,-0.06359494313642755
-0.3413786098164793,-1.2803019438235224,-0.5505813221569333,-4.858165720255414,-3.3764650600036057,-0.7127766978799759
13.466297585658774,1.8405774660976704,1.5258810054950924,2.722510950924652,24.859977489761825,16.245526765212563
1.6343456353497232,0.5579215927168028,0.38448379463931337,6.324458692861567,-0.8435213414686582,1.6375258719579908
0.7849275636670622,2.702064984845455,1.3522111878031402,4.738572994587689,0.588556156507663,1.3986713378783648
-0.48395661533846096,1.5622311286343087,0.9525277410680021,14.894230315703398,5.3224624191553875,9.799866422162129
6.152490383400162,14.053307292443318,6.891923262894943,13.617233477644758,16.408270570557768,6.444785017331801
7.309075621663878,-1.4799753728216232,-0.6585063129062623,-0.9544763166826489,7.494615862950351,-1.4892318177449368
-0.619412709017757,-1.0310293926491254,-0.4214786091665772,6.846934412167525,-4.175513068129584,-0.41810053914730166
-0.305929240166133,2.231230736018057,1.1582923204949251,-0.06300532287291723,13.413793981260518,-0.3833996337357293
2.900807128096968,0.27158354816532104,0.37661079520030133,1.9632534044562528,0.9030208052868274,1.9252553192105426
-0.6791804555978347,-0.32861097428205466,-0.09603525942527927,-3.301161770644585,-2.8615873256882587,-0.8018893595519734
-0.6388960464860841,-1.7068112396675208,-0.7557337124356236,-0.7227115973147298,-2.157311055352044,-0.5072989714109862
1.9399514410610967,-1.2102840654845906,-0.4674429040051316,14.256816120125439,-0.7522228343857084,-0.23597828368077242
2.032253527576618,5.75632144057255,3.149920455606408,12.454842903917989,5.213441866218768,5.862439954140323
5.277873752013956,-0.4245945368652227,-0.10251234462156567,-5.4272489787751015,1.1841583595643805,-1.6582966641589754
1.0550302360271102,9.748108627494323,5.0086130732145095,7.747402287778719,6.3950800491701045,4.325426480698172
-1.476961343307031,1.1647885755136262,0.8555390036684793,-1.7860598539564183,3.688583815145497,1.283711178028352
-0.46103573980595236,0.5557720761413022,1.2641101863113557,-2.033866016614064,-0.07906599506982184,-1.1826785094959078
-1.6016934049607567,0.08648442321972444,0.39445529314335503,11.936347531098933,-4.248195853896781,2.313577999768756
5.3317737096244215,-1.1388683390203531,-0.4020809741845267,8.65397311885865,12.994040594753486,4.1600485746597435
-1.1606402093860513,5.376716426346048,2.581051660778537,-0.9361788047943632,-1.9725206687563752,-1.5860883190532091
-0.04766194903540582,-1.8785056739179837,-0.8472015162060318,-0.05487593215790918,-2.0602109515986813,-0.6918226382799043
1.279245136469483,17.717352335348128,8.593886663044707,30.282725649941376,5.854182961626816,13.030936354296209
-1.5183332804958087,2.2061998299647723,1.346229298453621,7.8612923924655815,-1.74518125155749,3.379929691198294
0.22318110988335915,0.19810049043553452,0.5038138035211543,-0.18708496167379637,-0.5973495180591798,1.5294496068867316
1.1239577898744435,-0.06985561052751159,0.10423155414092516,0.23256709497646688,0.0011128288988012658,-1.2307523370718627
1.7135406372151536,-3.736239923856978,-1.7070091422255969,-0.9937737740856255,-0.5235875900872043,-1.061583412330722
-0.2893931189570493,11.148868287620097,5.927440378657476,-0.6781407907957999,11.409872042554163,12.798042374568706
-0.8204579128425042,-0.15774226900640342,-0.04743535421485126,10.794522470282558,-0.14244463636326674,19.28868324530101
-0.0024826755823285085,-0.3246042332008048,-0.18287011467311173,16.257453304863464,11.92993192367463,2.7805060791386103
11.120354366917027,2.194311941569661,1.2957096173009983,5.418038657113581,24.263194728357913,2.4200297876132826
0.8018206730325079,-0.6592403428314091,-0.2428670530690652,0.33310899562963464,-2.439660352477823,0.9737690496826835
11.106611779510441,7.645661089551464,3.9920243623305924,7.462716353803616,24.66645100970587,4.481592534823983
3.05356301030503,2.367455392646393,1.4758076452716198,5.6470499037436355,6.140475366478473,0.6492222819963933
-0.25353543931053274,15.226666710343236,7.5817085219286335,9.458015109009727,2.4997206998579387,11.314531073452525
-0.004688034710200917,-0.6659020253232432,-0.26792536088270164,-4.471000597193005,-0.2551177736863734,1.8027218846113415
-3.0868835012871707,-1.4996607581237686,-0.7022821522283165,-0.47868434447351316,-7.900885247268007,-1.3272927285836846
1.3224253714228977,-0.8821853620881444,-0.3555740713741304,18.943659820215714,-1.3339540125373914,-0.656557857120199
2.078368516566118,0.1194498668686172,0.21113404113333895,0.6126870576584705,1.5427175353243632,-1.5816410768958973
2.682621442911455,4.255906233185006,2.1348027113343115,-0.39302661467561517,0.6894028463275663,-1.1472575711696953
1.4009013364317093,-0.7796710286369902,-0.2771557762843317,-2.586450772090377,0.9098738246863509,2.225525517689995
-0.054547901760223644,16.023574582592424,7.991184477097117,-0.02656799200819611,11.569572719309777,11.20973777969746
4.9647520311609705,2.23198721457139,1.6015417553916773,11.710485271428958,5.595299832489941,7.099265851054482
8.938306910400408,3.840363830018908,2.0649288637061063,3.2752423727855033,17.62755646611921,2.6773747394385383
-0.24552416734284846,-2.4515139845327547,-1.0940413867855483,-1.3637593674395714,-1.837325312503946,-1.6501808359860999
1.3455890441565714,-0.37040684343751284,-0.11920228944505858,-0.6483756179009307,-0.28732499468079625,0.2373187820008169
2.8921388885723243,-1.2533300494269368,-0.527375233478152,2.5357927612253834,-0.5335390131396008,2.585686337095928
3.5003995811940856,5.7278731289489535,3.1110231010501894,6.106925421339766,8.821522106457184,-1.0299237845116573
-0.4098382635288822,-0.15127272882756929,0.00020499098754955813,4.3059430120916495,4.379028699669905,2.4757709354909574
8.328234357643913,3.729891352703999,1.881018880540622,-0.8830229918386122,-2.286978787208847,-4.421653853882803
-0.9873647133836496,-0.3267882207773881,-0.0337699568038689,-0.637015158631238,-1.8539241776634434,9.110719344257967
-0.7285518290166707,5.772459737197084,2.8890456207745974,-0.10977296928158009,-1.3692418526106003,-0.6853990681001628
1.8466426898142956,-2.578631264211014,-1.1488685372960874,-1.556069518954209,-0.38189043309656745,-1.57599794110316
-0.2731978380857869,-1.5024902898780752,-0.6372787823186079,-0.17250936083008322,-0.6315737440080744,8.248541292589392
-0.12981673584525302,10.520739326042417,4.876881756181169,-1.488827302524279,12.678689234232296,-0.8588982464732537
3.982318178401905,-0.45568024644124333,-0.2009903293669414,-0.6859471083609696,6.619866352030393,0.43761383749784505
0.4078100246347981,10.505047739728553,5.628815302919767,22.460058542159306,10.448428218707733,15.874788765394568
4.750892623434118,10.58547402301786,5.520656797059774,0.1997923923517908,5.476219386921087,0.7398775094818958
8.241268043346466,1.1855645180614602,0.791376103661052,13.981732841404542,32.65823076127515,15.20821772080545
2.0175334473651305,-0.6286822741919226,-0.21453637949277,44.25096436928968,1.1933553310660998,5.442621645167162
2.5773487146650065,22.90644365689324,11.396828857363769,14.997998904351094,15.123617438989712,6.158419739342768
5.514872100284747,1.6182318686192239,1.196358969848445,12.307282576521162,5.5931032411306525,-0.5490204935605707
7.17771299003362,-1.4997120501369545,-0.6632318148721693,-4.270035628511304,10.52337171539947,6.0313375027865455
8.813684820915368,7.855714797832964,4.247469249397195,-0.04514200839345661,18.132383518984867,-0.8250105114553753
-0.2165715103246403,1.3387545477932759,0.9965379569218433,7.8827350415216735,-1.5506440405291153,10.119713483966857
1.657903079071823,-0.23919338053762101,-0.0995126085032533,1.2632205235854717,12.691534078718584,-0.03673358700487248
4.605731343240738,-3.5235716461919804,-1.5990732080179875,-0.2797380485450786,0.6515882307598997,-0.9842035023001334
2.2367171252534206,14.954919282056462,7.727258969367416,4.585873643031224,15.256945680504709,21.579327478303696
1.413862766283408,1.7154618279225162,0.8347271442916488,15.77601489204629,3.788946457548098,4.7439518486363585
9.247227603434903,3.866375139975226,2.0395640543699933,-0.027525089106543877,11.188929729794669,-0.28257641194957855
0.8609209781136642,-0.13232709549016358,0.22815818796880993,3.814366373428408,2.937712789525509,2.0554202073144014
14.99140518107893,2.8893552020286166,1.6077768918490216,-3.4055996664388175,41.08171738935613,5.248586664769052
-0.25249989696766284,0.8076308350075001,1.004051399228391,15.347097616552183,-1.25541691892295,0.19900545495705846
1.6577512068504956,-2.396523542015006,-1.025501376354081,-1.5579146929251932,-1.8260392070467426,-1.9135501495524398
9.376701918029141,13.214203877075098,5.954762142563888,12.025088328656823,21.765593385533887,4.84087356260627
-0.8410126793619533,-2.963525528563757,-1.3502323396009732,-2.0666389198957122,-4.344547029387021,-1.3737732247057182
-2.3859091309446283,1.1050647956953354,0.6443404719553809,-1.506417957299786,-4.663700520339649,0.9099207603613918
0.39555242892370923,15.084454106996299,7.804142017799237,5.5981800058693425,4.46729877673689,0.8018748333606927
2.0530913628582423,2.0680493782918643,1.3834746042876314,5.56497022382934,19.139808129364315,8.959597807285636
2.7811591209729913,4.732565572224961,2.651175168878267,24.17837520002129,7.996975345290782,4.97525908169971
7.583165808457351,-2.9658207148871947,-1.3353251331030276,-2.230944307442144,1.8085403015516217,2.372816289235329
0.19063104225922634,15.973091483377752,7.9828947815863,5.133335457696839,15.733429679771355,13.219205560826154
-0.747515269012159,-0.21663208713916787,-0.047037301137346256,7.249782116654625,-1.387458224483801,1.5841830076298162
-0.17117290548844452,1.993825250427852,1.2447793342706341,10.183275255341027,1.83400079333098,26.175911521218907
-1.489868997763896,-2.764740405085923,-1.2792699802641831,-1.65239370808451,-6.620103991707279,-5.54514490239207
0.41464713512709694,8.327255369629091,3.962276839840003,7.797077097893135,12.851625281437455,9.70674381877408
-0.793328211755082,5.080048638986657,2.940745879478158,-0.6449259888165841,2.5659383922235808,7.399973659113904
-0.4229704657665684,12.983304898460789,6.638174931033314,17.369341378873276,-0.8417425958115206,5.608047551006074
0.5265067925061522,0.27394130285066015,0.8993819323438477,-0.6600020382306143,2.5156508409811487,-0.5440147228555974
-0.16331278135533023,-1.2945612269795008,-0.5814409173415912,-0.5743783245362247,-1.2987739939989331,-0.3631608663312984
-0.9853163894737933,3.181474353057155,1.8222838620705557,-1.7013033589828515,-2.578070076256215,1.7370470805643132
-0.6328957619726799,-1.2357764335125199,-0.5700094642590743,0.4509637554967266,-5.320980556100746,-2.3288030826382125
1.529031632140692,-1.4578730293067976,-0.8524112295026655,-0.40755204969475334,5.537455436721884,-0.3761765169379401
-0.5595741874150514,-5.185149417626171,-2.43156688989183,-1.0652105961791702,-3.024655428470936,-3.476767036448687
1.241085318670487,-0.6257246897704895,-0.29905821107809816,7.64052661615432,1.9105748651124954,1.402417992212528
3.4727091638097036,3.668862476980157,1.7956883706155513,2.2784396181327664,8.03779482609612,-0.3962771974781941
-2.1790155081767275,-3.063030722021079,-1.4038744745780525,-1.0361335912448266,-3.519112368642864,8.853962521971958
2.1078001121788406,4.097061897645099,2.4590672386716,-0.6790813868112067,9.507962676813985,2.1548060100828916
4.684888223089431,6.096231528195359,3.2408931628240087,-0.12067094324305608,17.85056834041703,2.054398189148931
2.5754917324925097,0.6616109733331756,1.0922873795366712,-0.028926672699853207,6.645002582976607,2.5464264072253178
3.4620766646261947,13.274697570745834,7.086968500519212,8.790236272500048,6.6229243825471125,1.3274707806844046
-0.20514473432077152,-0.9310772333493141,-0.40269842759321695,22.493444837974092,-2.1534864862964236,2.2176990380308044
1.7177006160107484,1.8690678550336632,1.1179015935353285,4.608583645427444,10.762995244081633,4.889749237603985
-0.17079062007086382,3.3955439283849453,1.6247743084767732,7.838652953159936,-0.10267435270213097,0.5757315510006835
3.715168100315843,1.3067130602307442,0.8726670239319247,-0.37014715679942056,3.2575174854866162,0.056387200831367945
15.243316663838359,1.933061559648995,1.3507815859038428,3.151204037236468,29.070920990493736,0.3242980135375129
-0.17492536586727392,-1.7778334039763752,-0.7797091775656005,0.31588895649132487,-1.3285256649488693,-0.7553701970725266
-0.4828090420770188,-2.106330628137385,-0.888636304865298,-1.5195408089907618,-1.81639168567833,0.7607530833430937
-0.1510050706644278,-2.302965781415221,-1.0506435640559018,-1.4887813335156324,1.3178110299280374,-2.9331208120637524
3.1417598218355742,3.7757354013279825,2.4490851313552158,-3.187662315253407,3.1832113343468262,-2.5284420105257994
1.9512772921217059,1.053172800268903,1.0552508143297308,11.209327772088779,-0.3746915902289155,-2.007838527823473
-0.2573290503101889,10.079474048005473,5.058973837842958,-0.5740317643253147,3.463019525611126,6.670541398272242
1.6849354795143983,2.664340926700847,1.967602117285959,-0.7035147027908817,0.8196829813728517,2.821847411474603
0.6475525314106982,9.43453020716822,4.906847493541598,-0.21303747966530473,3.43721840275126,9.595536690180985
-0.26737058734211566,-0.061372349994907864,0.335690445570283,2.8293555678597544,-2.922983719170629,-1.9049287695851191
0.6166272627690488,2.699323039677459,1.9444593564246924,14.470145796505857,4.376514371842517,5.272608934683182
2.9717093530679017,7.618456713719527,3.9167740002924236,10.027895320079793,8.16501703309107,3.4343183251126694
-0.11298708123802302,-0.5515797188902252,-0.14715612272826592,-0.5026501525555441,-1.5422255368748714,-0.29757368200919543
1.0765765712232667,-0.36481888507789795,-0.002754978878736614,-1.745794977670737,-1.5232882957728011,-0.8625521138750969
0.7603851282644929,-0.43600240551480135,-0.1272085290129444,-0.8746986707766281,-0.03361537652598192,5.344491114695098
2.2759547744088735,6.757961538812388,3.4991053167594313,5.985036252422125,5.917963979014434,1.457454904579293
-0.1880828942860862,14.375651504836492,7.204411199418022,16.579572656201705,2.0920020725096173,7.5258188036645945
-0.12345087500763854,-0.6705669609828018,-0.305107937532992,-3.6438358943486615,-3.014478876083293,-3.924384269997603
2.4832896772407196,-0.4894710295835338,-0.17222972765789152,10.521946982336887,4.694763241197158,2.8369546227756146
-0.9117135079088323,-1.991099949858596,-0.9125526181806856,-1.0336758453961499,-2.7741489264660277,-1.1211766545545956
4.764594715018329,4.049558537734384,2.2720227620549496,-2.5466000886549844,6.086288824407242,-0.8392710661517921
2.9213505203606527,-1.1014583920999899,-0.40058020379578574,-0.6895727461187289,8.629505773569777,3.970740013619145
0.38433585644380475,8.639515220441224,4.686517395505513,-2.066676093387173,4.444606310081736,2.6482500721161255
8.454899015952217,10.364892222619726,5.205018585160672,8.5112244742802,21.676114916835175,-0.09073093992438236
7.485714252116611,0.3053615722861436,0.6173448363698767,-1.5414698934755584,6.026979335423987,-0.5702591957622579
-0.3473274756394404,4.615818493667012,2.855821281117462,-0.2265220807234204,0.9623171252718289,-0.5496284715845355
-0.11999500302573703,2.7690905163943302,1.1648496052088635,-2.2479255050623395,8.565608344854946,4.460702914914285
1.5424039536216352,-2.210640036797313,-1.0214648738600027,6.124092566189757,-1.356468305435808,1.7943134632672166
9.294144502338291,-0.5072654286414804,-0.26549126819538815,-4.987265839773784,12.05643621536634,-4.981415753000441
1.5943317256125868,-0.3924375695315967,-0.08362752516747403,-0.5555378459903624,-0.012086826162656794,-0.005602450518690416
-1.9974575242776145,-6.020525176734253,-2.819445887062409,-0.9106960549654057,-5.601204879202541,-2.250585167660465
2.619494043279426,-1.6830562035010002,-0.7236309296980077,-1.490162916928456,-0.8384810300925022,-2.4453688108263307
9.347486991785452,26.65728824182029,12.989664509098569,7.732834789917892,26.294264980874612,5.619590696235775
1.1867602661501158,15.09684432384261,7.482196359507648,7.265635424994628,10.32400075266924,5.281314553805595
4.145524972894505,-0.36187432473692305,-0.05016384898049804,11.831012294384193,8.541068734035322,14.909109927678909
10.049458745043173,16.64160216348832,8.200683522777485,10.576980224903528,25.442953379349923,-0.25710822527616267
-0.8772837050771793,-0.8096512831884874,-0.3364604415585422,-0.5696214732942876,-1.8143659060569246,2.567752799779343
-0.16928196391784273,7.11013417356436,3.8236723196675135,2.1203937790604277,9.144557527581389,6.591533828622575
10.407756706740898,-0.3172627957580046,-0.14119354708039508,-0.42155725167782876,10.54453196719139,2.3124777008550725
-0.22760327020022508,-1.1975719162997203,-0.5097223920685376,8.250918630832345,0.5309225800478856,9.434389509843275
3.272679244275529,2.674061513416551,1.4982588054592982,14.073864459926275,3.2344373630264687,5.542292708503928
13.526131793668432,4.2714205467385895,2.6445551231410893,5.595704376905301,15.184910263043053,-0.5220678847808776
1.245037501467887,-3.590611032745402,-1.5668045645198974,-1.4619849013188584,-1.943868218941036,2.3830967031678885
-0.06216689474201545,9.643086918452472,4.6071027528496975,-0.41743086122186046,4.400834066677216,21.188425110168637
2.9404845638501946,15.054130213902114,7.578395563766378,10.250012843109475,19.162135735571688,8.800770526980827
1.4763941770468172,-0.7026995999219137,-0.3427293540047434,-2.086262212603285,0.0602757416885753,-2.556837117947799
2.878430142865625,-1.098801289500117,-0.39227824897371444,12.411394131737266,-0.012744805423893269,-0.1473174539431301
-0.4698376325510095,-1.6022132372963505,-0.7047487487957709,-1.8963444243348193,-0.9735511483746131,-1.0676502397136152
-0.16502929098880684,-0.8625798655810721,-0.3304599366001479,-1.66565927930902,-0.6995637259242958,-1.1370319576901975
-0.36327752356348586,2.1241215909176043,1.6384086695635567,6.0596513811523804,-1.0420165850382868,4.5505752625107325
2.539566389792257,-2.0904863312773254,-0.9111095228836092,-0.5789615692643105,-0.28063279012126147,-0.928764121854284
0.31108842089355704,3.09404924675698,1.8447062172159583,25.13321488190146,-0.5663336963087067,0.1054895448106169
-0.28295668216258263,-3.6832941146075187,-1.7222763069040405,-2.354677497349989,-1.4096765535340523,-1.41798068733023
4.781806705734921,1.783086003946245,1.1560495531823634,8.168250768001405,12.454939771381216,0.16246846630507683
9.050791875251946,11.665342755145508,5.596443492580007,3.233424383176808,21.981528110945337,8.509523462919983
-0.7674291256820512,5.537357834315512,2.6275108335539143,-0.8745355163506328,-1.0126150098266142,-1.131993616534897
-1.1455600363480865,-0.32339244447805693,0.02903846485226813,6.030206263299016,-2.356105042848139,6.185208289316761
0.3791886985749391,-0.4966240046468511,-0.012296884861734548,-0.8031508958180563,-1.3111601729130322,-0.2803396220356463
-0.38539128534401357,-2.8845252348763886,-1.2543662350704323,-0.8182309399504661,-1.550918158322326,-1.3769031679918866
-1.0165237880617348,1.4199318001026309,1.2981644207381402,-6.878128752615185,-2.369129011953605,-1.7819374511059725
23.03885769400956,6.431134463204075,3.4725183448925367,6.708375309989618,48.745285198836434,4.291966428447784
-0.5865453409605296,-0.27107383801903673,-0.029761631585882655,-1.1660304957738512,-1.3183689530333746,-1.4825148859211885
-0.6811065606931918,-1.3948715415724746,-0.5893702066058744,11.01092982638264,-2.0249976167387627,-4.180737097105638
9.309339983574402,2.8278294078471014,1.684489466869921,27.755190487514927,18.682785247680496,20.385637788008783
-0.07813837588438802,8.194651164113267,3.979309470283056,-2.8051702830118472,4.2533690835540385,-0.7933225881537622
1.130204946512616,4.954177121702743,2.5494412248179548,4.417949190951938,-0.6190214338947986,-0.9487078149971935
0.721716799488405,-0.8918015230672668,-0.5343262611209946,0.0972449334421771,-0.0881190225709817,0.1911297253688483
1.7307299283416935,13.009870657376092,6.38192969877189,15.821673841006056,17.30557601370597,-0.4947263791960692
3.5087856619976536,2.652471827047858,2.348463053698212,3.5931712232036004,6.8409062998876475,-0.014089114764458621
-1.9151703265803204,0.6729417138065955,0.4138852817022467,-1.2629027431985675,-2.662742217674865,-2.443720146627767
-0.28152281426906556,-2.2861082244025703,-1.1627221768049096,-3.0799700465266797,-0.8795003297400126,-0.8260239023334277
23.349819074889517,1.9745588828269476,1.1860542247628283,-1.264556396935614,38.41837823935638,-0.27770586851645607
2.9143453284550134,11.600662241106455,5.752433629013768,19.312104713564082,0.4354490349365554,-0.6688584245414143
7.060402891338519,8.277290664532085,4.291922356791438,-3.4189096627494537,15.164100761275071,-0.30424248409862853
-0.1826331053007038,6.384248797464298,3.004449587199112,-2.2151216761932724,3.116576592123555,6.4525472023265635
-0.6782171455332624,4.877928284353573,2.7878432209392074,-0.15941935487046044,-1.4397456436734235,4.748273161016438
-0.20775322132760052,-0.7747891573075684,-0.37514600665617925,5.924810329973454,-2.093059798963146,2.0244706996067614
5.800543105323967,12.859289125885041,6.2113066918431725,9.184640550983744,16.49616681325424,6.393454887135124
-1.4345526995094926,12.416140430521136,6.259845301425044,18.804796615398324,-0.9329551929308342,8.80670449718053
2.197690897053054,-0.04342448868526083,0.25804216197186425,5.426224283301067,0.24223695780324872,1.4949006448379278
5.598579965396748,-1.278772193190018,-0.5227165237000672,0.6600852850783947,-0.9231513515962709,-2.40047698492563
0.9340417646212091,3.9436663101265017,2.628364592468423,7.321956194540542,9.314445022986797,12.75754335923173
-0.6256232860334473,8.357861565454197,4.807603516748548,-2.374019181247971,-1.5563160802713165,-0.5915002330915481
2.972663465395974,2.235061881603518,1.513807836755959,-4.716354332152922,9.087675394687684,-0.5741443320963793
2.385331841591995,5.086151423542317,2.8002128389004275,-0.3249548861545472,14.07663888290949,0.9260167278248566
2.908883844423401,-0.3668714835485867,-0.1601855269970046,-0.2626768922221514,1.8510331041454817,1.0117114438474841
0.21603240286846348,2.8890207886712367,1.7843899821848022,7.0016092038837625,11.102415126274131,6.698206629817427
0.740709293200657,1.8277055119707701,1.4509973836288235,-0.4803995984216016,3.7104869906828255,6.116021289839665
-1.245723353687024,-1.3980304775120982,-0.6421613795069221,-3.5699416682025027,-2.3840066314049206,2.499372527229734
-1.4347959169487314,-2.2717475409007766,-0.9957084889244213,-0.5973645499737531,-2.7457034048977547,-0.30506126995690364
-0.7768085299968558,6.734713497874751,3.4563776900003615,9.965263850862039,-1.2021026414253206,7.0705072175272585
9.101105877720789,11.809263681493478,6.01206845071598,9.554194180181216,23.00891290794584,4.942966410764557
1.2812710465997754,-0.37244927229649866,-0.09752280662846098,-2.4002830678113374,4.942325349351172,-0.5575352435435571
3.99303921373322,-1.245632191957898,-0.5261080432843944,-4.903301100439984,9.133548998150808,5.209812839291174
0.47224081001919005,-0.874143190192879,-0.3234464424631049,-0.33362962562987775,-0.7566822051922668,1.4959243356425884
-0.06130235206423369,7.989106181259831,4.14702382858872,-1.0103751723147485,3.0313942716513718,2.0163183115533423
-0.3027697881433753,1.6396665112624458,0.7692879126589052,6.867326033155894,-0.8769512814151628,4.578532006156799
5.448397269386719,6.786864856419463,4.054244931024371,-0.9502990717424501,13.87952910057915,6.715058804529966
3.5998612904296747,11.07695574191229,5.672978984221054,9.527392360394796,21.914750616507835,7.881009221725932
-0.12802968600423098,1.414796441914465,0.8660125456347935,-0.508786028654888,-0.5533983071645779,15.19218926178857
-1.1711643710356268,-0.7780319911470355,-0.2878299551363668,-2.3625345502031307,-4.972779201393922,-2.2690436544011967
5.033102535688997,-4.9269725445734105,-2.3256659070948116,-1.7066206454158395,5.172404103947336,-2.0933865178788906
4.398352362833605,18.959687163390186,9.318548629645353,17.853449172179825,22.443084037416646,4.014176904319644
0.70485546257398,-0.36899983192981267,-0.09234268990215924,1.6975118433825924,-0.5320227466902347,-1.787566878269816
-0.47972372912764816,-0.5088662255613919,-0.19508420614560282,7.6112266025034465,-1.2491489959369666,3.182533978978916
3.872509401265681,-0.36785222086864994,-0.09957984927259066,-0.9497407094021585,6.709015137475469,-0.4711413891612239
0.7052152276578912,-1.9835618058156563,-0.8672465862174246,-3.190295720893419,-0.6215015983402766,-0.1811140009351825
-0.0748509536854269,3.5271220783408963,1.9828222047447668,18.23523702777569,-1.8590467979442473,-1.1648943908626508
3.377248082996198,-2.7603518700936807,-1.2887838550571376,-0.10004693948135666,6.056888977482896,0.17965347432884748
1.369758845189027,5.000633537202566,2.7608123645761435,0.6393311684973324,8.163328234204473,2.391865959007749
0.9515860412233171,2.3391417937230696,1.5479234491822642,-0.00021948826938555932,4.513514935339296,7.599859226758479
0.14892578584110316,3.6677786642021193,2.351590174110089,-1.1545050460249537,3.264162379444561,-1.9385182135504604
-1.8114260994960372,-0.6215136537342328,-0.20650870967242516,-0.45438699806880795,-2.8196969742834974,5.619136909702799
-0.32358772589855267,-1.0495316700346946,-0.3795030027305557,6.232769010287648,-0.3563938255174316,-0.8892052620425451
-0.7481758539476187,-2.426125359290035,-0.950719524046474,9.567370217997643,-4.647044169654557,-0.26472647552910167
4.01188303059901,3.7424483054042246,1.9824868242779967,2.3413649178023426,11.579791202997118,8.50088830727326
-0.7393777766718934,21.88279627159983,10.496638916126495,5.333636771837457,5.900818171994132,12.571939636105956
0.048619883022515076,-4.924925196946731,-2.2655867923073965,-1.96907679585469,-2.0719897227135755,-0.7730631533715444
-0.09479491919347277,-1.5996099861465656,-0.6547998969521794,1.4033206440686574,-1.6880886519930574,-0.8013221874522236
1.2933370328544584,0.3400576752511001,0.5134720453347735,2.4094475062034975,8.686134103010952,16.723898039603373
1.0414293783056994,3.02786931189884,1.6816446864744483,5.832582892734364,4.82898862943862,-1.0155974721080325
0.026900601748384045,21.542877712740463,10.465830872230217,3.7936433064400923,13.090687842624117,10.72304090568695
4.954744838896192,-0.25521075723057196,-0.06422214907328153,0.2251542744547651,7.537488553245803,1.7257251982582396
1.9732418707087114,34.772266051814,17.422092933307614,20.18545685929037,34.80490923204124,28.860375864141044
1.180449544827711,1.4265571484204647,0.7000915603861803,-1.002996474318195,-0.35342574693212464,-0.6936568151118794
-0.31106527256096816,1.4008853653741289,0.9759460618525491,4.692425670983252,-0.5824458696989423,3.5410262240871058
7.0529261272852075,0.4483483385266875,0.38113875885572746,8.481834404391416,16.46711687623161,6.838376759821158
6.8262923801992965,-0.733901179490595,-0.28340182651455736,5.177439364625179,5.855434898718041,6.839709863877371
1.10470374293806,3.490972204440717,1.8203375666477257,17.315000050616845,7.00108803329016,8.933190525099628
5.187770581770553,7.389001637330769,3.7731951281337763,1.1205221013049733,12.003191309270685,-0.8476048174723325
-1.9038368181013163,-0.6200683719835948,-0.2616898790094092,1.277595839513114,-4.554397354103133,4.9858761095473865
0.33447855521392433,-2.759427869907498,-1.3544516024636115,-2.064936179623382,-0.3760554204717738,-1.2515620365822155
14.063297514512778,24.07173629062791,11.878403895506768,14.261207071833532,37.66361385322029,10.541918603156045
0.3919710471289507,-0.8268528827641154,-0.30951005670728615,5.532168472729541,-1.4916643219841492,-1.760146645061834
1.9829605852623118,-0.19403667318126672,-0.06527932444894424,-1.1790807696769192,6.022955379224584,2.8408210532841744
6.360900088246046,-2.0312863166721535,-0.9082704754342266,9.64751868667602,5.6338066906812605,-0.7903265654888454
0.8932787045230097,-2.3586326490151555,-1.0047986790084777,-1.7016537138598045,-2.3135284083674867,-2.1598471234476513
-1.7689047154821989,-0.5764608180201991,-0.1423027492158618,0.25593581335221915,-4.2500205256122126,-0.3164287810855388
1.043449628716864,5.672553441043732,3.4855241298310706,1.1342252627266114,3.3176605953370917,-0.11587806831924118
-0.0074571059918754345,-0.7344503482087731,-0.18275736156700562,-0.0061988613874238265,-1.1561906776423947,3.8777602383951653
-0.11675276403464485,-3.2567150002331737,-1.4649060937027107,0.24361157178242832,-3.467587979043498,-1.2509536136723745
1.4864858605455362,-0.6852760241560545,-0.3294781466392029,-0.6429655537981352,2.3232295049888294,6.44172706655719
-0.25578085248774945,4.051648395823429,2.172811405226665,16.929161530741656,-1.3202452710545447,8.151572953002818
5.588087446339041,-1.5533307518884056,-0.6754485775174105,-1.575219512956384,-1.2732743481281226,-1.9567742850551966
12.411609590146956,5.75511914548845,3.1567139256243744,3.071471769837557,26.371483039616823,10.278817931633629
4.816644767024328,10.794726558956814,5.064820183225799,0.43416753165830874,9.22160778661401,2.5261733769017263
6.529617441000078,9.398640107405047,4.863157044001902,22.546042439005355,19.077125576318505,3.798041949924915
7.756701768481582,3.9008406276792345,2.1409247031396186,4.933692505128382,19.932818871186804,-0.7574360856499434
4.424611745275584,2.3863040329020357,1.741506194796705,-0.06350486855514155,9.167394927897977,-0.28776720461622457
-2.3474696234029104,5.9824010627825075,3.487473766643579,9.979622393513592,-3.910787245707329,-0.033470265780858946
0.5722124028976261,-0.6750079125610419,-0.2542667928054046,1.2987639103841455,3.540192709002402,5.534652390792671
-0.06990163448764268,11.033619551390252,5.623470089949136,-1.5445182924905683,3.86580444072484,9.183613057927458
0.7816700422419824,4.445980433416515,2.4683696784432554,0.8709861319748192,9.166577339926803,10.425138161902028
-0.1851650401547984,5.236513060353419,2.312116652698748,2.527115090677115,0.16613943168329642,1.2521980342318892
-0.036631736503060286,-1.0593228456337418,-0.39517266770079496,-1.3063700255255635,-0.007958994191937286,4.62016422137142
16.29354206562148,-1.6798645612708303,-0.8356094364510384,-0.2950817674180887,25.907748818035934,-1.3644844184403302
-0.2377857269826288,3.684211861608463,1.8866195812919841,1.8675178636792187,-2.2706699940593174,-0.6351241575537037
-0.3058262745401659,6.662314247463006,3.472790412240605,2.4268414005276577,5.690265132788666,11.501574513179976
0.7537471147207491,-0.6795760020117622,-0.2673143463694542,-2.6767150028145563,11.283186042885573,-0.2854070617377905
1.905840092513228,9.895752320484725,4.763477884902654,19.082431711938625,-0.08519332602845171,-1.3527911106332744
5.5769742784721235,7.5952144980828775,3.8768579867262596,-0.21595939782401719,15.399389607227418,3.7776504978584846
-0.14681520550782157,7.971516895029186,3.9890240774061234,-1.0049086287550015,7.204082931497718,4.100455660843356
2.9450465646925545,5.090664986779618,2.8071726251023845,10.5894332212901,7.706866236014215,8.053346677052462
6.616708399865712,8.90248375491202,4.556811203618822,7.589555141322576,11.03124660360168,-0.5805285119114484
-0.79606926248791,21.53219305064189,10.247503578425901,15.638484286384088,-1.1683581782273547,10.28623915188359
-0.31421472441944986,1.980545524267277,0.8013989485177528,5.537509364009397,-1.5985437360680024,-0.41255548567106115
-0.8319966561159504,-1.724468107017858,-0.7694134476003271,4.07124755460633,-1.9758281595407916,-0.3245653815088551
2.779405477798961,-2.9885367857677285,-1.3985636951234341,2.496655754004311,-2.250634681014902,-2.8143438793456816
9.337688614008284,13.208860731881684,6.598199028676837,8.599526861103465,20.485778398975004,9.813214410710033
3.977069044617261,27.427670143650285,13.453714088007816,-0.715289566016362,18.53260190589464,7.901532127131431
5.309524214034305,15.893515873600657,7.9497845632124235,11.088372433844672,23.473110662688008,34.08956018748883
-0.05423324287087272,-0.3760589652000934,-0.11724125499955199,-0.8796363514967465,-1.5919934911397284,-0.40515601019367403
1.043462566595886,-0.21598236790450207,0.11277484045677233,-3.698013463069134,3.810889571604662,-0.03277819930057744
-2.165385487665565,-3.538990061227164,-1.6330948892072823,2.0101187400065097,-4.226466096356218,-0.12399460789514785
-0.3132087564354489,-0.9454739717562793,-0.36184017069703733,-1.7816090911951177,-3.6309074034203017,-2.6101243273402375
-0.45886486034656787,-0.29182420762708106,-0.09145326143040196,-0.6251626195902799,-1.2400540560818307,11.830658192363636
4.513740505771582,4.591921523305881,2.5830572698244127,10.890540067932019,7.510981742613254,1.8870015067278252
-0.28482735209365456,2.022175535028188,2.167398702746575,-1.2995718723025522,-0.5979343791539017,-0.1528935323920324
-0.43226364638089587,1.4383242573357498,0.9986960534029796,-1.8850130180582862,3.63745736287039,8.877019780229196
-1.7808731719902022,4.9210621757587125,2.799473326991173,1.5552959071152377,-4.2458620911630955,-3.271119428018728
6.6393835197564615,6.386200201778219,3.246298110110706,-2.0241899187814343,28.0960315135055,6.564149626507238
2.0917413833469913,0.3446631407389029,0.42976589101549134,9.118073513321113,-0.7469648324806871,-3.2087073526996805
4.670064332882064,4.475085082331676,2.423780538034831,0.19662032145391672,13.161440476838262,-0.8881285534613339
0.10596139915749714,7.498106941071476,3.530881600014246,15.177192591970256,5.971236154446586,14.505219798003898
3.7388810239691255,6.9275409830569785,3.6639060069111618,4.067413220325418,7.424222589951068,6.741650485450914
-0.4178981064051637,7.901267299867463,4.044464186627216,-0.9024013584657802,6.621543534709932,6.0206887895694345
-0.3389188475173804,5.079588426060049,2.7905522385557826,2.3481544953229614,7.703940457492169,7.454700330010722
-1.8317015464868458,16.372225583250806,8.282225726349427,-2.8964003745181275,-3.6962660469779323,-0.6315383606775973
-0.27072374978860547,17.91187396519465,8.814655086694732,13.555479872933828,6.158525661750628,20.903020097698192
5.518845528216503,6.098519647338109,2.8208609336406,3.6204790436572933,12.023189227547828,1.829980065851126
3.6512204966353687,6.740059285475506,3.706459248908913,3.0234855502581572,12.492199352953955,4.124611428478974
1.206364191672427,-1.0041020075317053,-0.4608947706985025,-0.08245840773260427,8.161945321796113,8.619465569520429
5.943223364805751,2.8400751761524763,1.5586594840893147,-1.354189433356523,9.474133345732005,-0.40401993458297486
0.284851079181175,2.4538095541801335,1.774656529895505,4.737673693100467,-0.5355648109911052,2.315854143586659
2.761198857325783,4.784710790258321,2.5508906980973225,-0.2636088474739427,12.385563094321785,-0.004325545666323771
-0.2656710636339425,4.312918698005258,2.3586293435553083,3.2817980272860288,-0.6747324237268194,-0.2648434514940975
-0.22535303871231724,-1.2451281805601808,-0.5592507310025105,10.99797436990376,-0.03788051023460797,4.558676189166354
4.288241934171151,-0.8155774365162671,-0.3151072615701601,-2.571568452813673,1.764973330479028,1.8796625369882116
-0.1407859490084528,6.136907941446357,3.5875686206102966,-0.7150421960667546,4.7755725491102945,-0.4748207130044911
-1.3655268960988187,2.088449889731968,1.032853104637847,2.1804876075381916,-4.103169426691927,-0.5578130798853739
1.0509220598770161,4.983827833620463,2.339600897676708,-0.6325165905883039,9.239645675330632,2.2894346600874638
-1.4809506712576193,-4.151108795027845,-1.7027761439269367,-0.013624537914108803,-3.108176268131727,8.75521531623799
0.6283990771456811,11.4497698511362,5.871900675784323,20.500314478783825,6.46745240102544,9.942493521366247
1.7055892083765132,-2.6754750883112224,-1.2306847534874696,5.866946525718565,-0.6653708330939192,8.841491855161053
5.262614777343036,3.4210440776779247,2.002279269103031,17.097284050293354,9.472823375093501,4.791076220267807
3.8232484380473206,5.693212950531148,2.6894351943546386,-1.0680894583303298,-0.4903809568703088,20.163361108589218
5.7997248390374105,8.466824525161538,4.3358679160284215,6.7417740961485135,19.05481929623222,6.7520726954763255
-0.014322271049181025,-4.075686841722067,-1.8334073740865362,-1.8960470764219293,-2.662872232742762,-4.8081187031197175
2.6360469937373505,2.946852230783913,1.7157058838717596,0.205611886912059,2.1590319589838596,-0.36222259216985664
2.867179255206854,-1.008281945444829,-0.4159675721955915,2.6240741730229105,-0.20863785434005522,-2.3480096562252917
2.8550132563056367,-0.04795232086899919,-0.0022555622356946526,8.818075874105581,6.447217524275816,3.4367478590809917
-0.6189092247268762,8.109644163035833,3.41856509566775,8.395220823319587,7.018915711936056,15.990610058201016
6.901536246861288,-4.598487653898809,-2.117755884218353,-2.1871146605144465,-0.5334352328956993,0.7197438932470455
8.898047945897636,4.637683101684317,2.654205587571656,17.206460098215757,3.6071370407976096,0.10370829790228342
2.7108474328508603,4.938258723989801,2.5982570051716105,5.956319471202779,10.070631258394192,9.933067135482872
2.1866484105130395,20.279950593356315,10.073017177605356,17.28053391403329,15.842471687946887,11.064773362578574
20.342368901064837,15.717629676205648,7.294490009003897,5.950054719748317,47.5853233829193,4.937928693156482
4.0447557328573875,2.9538775228593472,1.7723535999949926,-2.8432365345190544,-0.5714212484860974,4.948964146633054
-0.33987648168110374,4.818240911480734,2.511544703583101,19.97322318490555,-0.45286199955226414,3.2694585821558597
1.5708671589764591,-2.2230854328864456,-0.9107473691675244,4.486636375984232,-1.589472563522352,-1.645502163530424
0.107731380758881,27.455455769622986,13.419550516522104,18.661523788287287,6.90497758107409,12.602089469127053
-0.12359819558003715,-1.392306429190643,-0.6640996533513945,-0.24221155589267085,-0.9891783768048568,-0.8427699560811619
-0.05219897505826703,5.6593518525472595,2.5628414869326153,5.644199292484115,-1.2089855540083574,-0.2757915183406064
1.788340602774869,3.088022046334892,1.2468100363558996,14.333692216928458,-0.7204356734410426,-1.238526881050477
5.231505118416835,2.0159756664976594,1.3486138214660264,-1.356297913795325,1.2602361134075473,-0.8213128061312306
-0.020935513341111524,-1.3686484628119326,-0.5918870439933148,8.253943630344457,-0.8331877969155015,-1.484224417025323
3.09793224458861,2.178667200548824,1.2583574423848343,4.0323910197583785,6.12770478309945,3.0173009198699985
3.2888765349243965,1.951807818719148,0.7749820432840806,20.199702049316485,7.104658788585344,-1.0063412682689954
2.0719937490205007,7.438682027010319,4.015403208280379,13.565618821253805,4.031583466397925,6.042504421347362
2.8750870143825233,11.762175532113742,5.9345401485532,20.078534973551005,6.781137463542977,35.64157704831433
-0.4005145722612262,1.619315002213432,1.2183883512660656,30.910592014832368,0.9928003442607132,16.373856382536605
-1.8033153516254303,-1.7857655251760578,-0.801804046870799,1.3215137338245522,-5.851401987474709,-0.30935604442625936
2.71236319177308,0.7229895179774251,0.7430245493408408,2.7647970980412673,-0.5045796400533754,-0.29284326155837204
2.387239898296136,-0.7342149490546083,-0.36060126362671147,4.208123850621184,4.065813728463438,-0.32886309407184444
-0.015752129222795255,6.788849161323734,4.130656090421775,4.483362962444677,9.292312593492255,9.344494478706418
-0.07299443486465132,0.44132021497025287,0.40683366150692646,-1.565232539168334,-1.8132818175462426,-0.12544849917913742
8.685211208188775,-1.9151868957582232,-0.8027493277685184,-2.8217817963564524,9.636017378780151,-1.7707975621428707
0.5052401575004614,1.8883299845597907,0.946771924722059,-0.40087871070505393,-0.20637080641442243,0.37624215157446694
-1.8909624741525388,-2.068384962314124,-0.9847426373550272,-7.860459252013823,-4.832974252830165,-4.004886853398386
5.4015593139646825,7.530833523630682,4.600488996090236,14.346435262662325,24.479662696293616,11.474083503245607
-0.07379548335978728,-0.9193281920521994,-0.392966271083391,4.852266200112949,-2.1259539225036863,3.883580974206679
5.823962827818392,13.169590187347833,5.960421945125113,7.7488284469444695,6.553816180625201,-0.4303481330480885
0.36004807057099886,-2.297548618942909,-1.1916121544871827,-1.8067088168650582,-0.7532260664891104,-0.3705000883367323
14.855787472785748,0.15681848044932523,0.3086618943393435,9.51456820509863,41.757829520711994,13.552104091649314
12.456633565438777,4.481976241647502,1.8343103456977303,8.194573234285059,30.87487872319451,6.034868185055496
-0.44455250651101486,-1.290498862343713,-0.6147983028570987,-2.1691373895697574,-2.7392051591171316,-1.2800036798775762
-1.8676548996166251,-0.48653462194654784,-0.13795564800003315,9.529018995616076,-4.001998660312488,6.318225081560427
-0.12023113932789241,11.471813646564826,5.718406420779428,1.6496430485730125,2.842502712306756,2.5859890756078947
-1.0858006916812037,14.64541473744879,7.211289602121854,8.668843874933712,-1.562530955700123,10.588552359516937
-0.12351437214651462,8.945677410644935,5.081210911199091,2.8169783444916527,-0.3233505594336741,7.225635050176976
0.16351101480098074,0.8317418111865398,0.47541365805932256,15.192996119577764,10.84714333836164,7.5963843364246815
6.384161102204414,6.8812954343850645,3.6420566072326466,-1.2301974324408724,15.954018452998813,0.5027199417620635
4.801467572491893,0.014199296163773134,0.318380861780339,-0.13200522591112782,5.608616682458534,-1.407639252111074
5.114235700875818,-0.8474193052688737,-0.3558515330595293,-4.539492291162276,20.71582895517951,2.23866343518414
3.2883287723708374,-0.161737903758896,-0.16828101932630948,-3.933724378182698,8.939659637963794,3.4789921252147193
-0.42104383972279324,-2.5132889128088287,-1.1537753292186703,-1.059390966738407,-3.002541950695955,-1.115830380487601
9.892695621784208,3.0869704194334995,1.774169700887015,-0.17844754035704646,13.784758864917798,-2.168379047699915
1.1036433571134778,-0.8979398677150189,-0.35353321115444447,-0.8305577586714841,-1.8531717091273352,-0.9975461381871167
5.693118412485409,-1.9849299809258687,-0.9051827427974936,-1.7232103046671725,0.703828983437227,-1.9808548302781088
-0.32252214863393736,14.385499241967297,7.240183171484657,8.482792658296708,5.474488880098993,9.47583408752097
3.2089713071262267,9.203727736782536,5.051803298305171,5.616129255201002,16.684032985217335,11.86301887351612
8.628720087164895,-0.05280209962026612,0.16144150981820388,-0.17673909138086927,16.625615494791134,-0.6423671469230284
-0.09888237943933272,2.5698820587381945,1.5263386119629416,5.788937755092055,7.522436161592756,10.00884787655373
0.008323501438096126,-1.4754117258895862,-0.7281238101432179,-1.0413830103853527,2.1041123488556646,-0.8599876228555283
3.4238937099463698,-0.10843413204899253,0.4646675798358406,-0.6902956891378662,11.943738342689933,1.7529100261974684
10.89124239330204,14.177286152407152,7.168867740141118,9.783681867190754,26.922738520509096,0.48662372260643705
-1.5580523047119572,10.788275557623724,5.600837276294985,7.943040576824123,-2.819803903262329,7.581405269748338
4.523518830946968,6.601297405901697,3.2756206962841183,46.40452638052619,14.205186918216897,16.213431785148575
-0.8779216311446842,-1.265719546475016,-0.49727553092922894,0.38320519233684763,-5.14971406349342,-0.5250160808717947
5.031849149581559,-0.4880213772163103,-0.19791608251550208,3.0244454592844523,9.22554615446762,-1.5494169620294367
5.116390553966418,9.819327808026534,5.0460872553547915,-1.5713004106712463,10.425401455826545,2.116585432362289
7.8162322940343385,0.9347558536046661,0.23965102248502085,4.4910406183692535,5.598074920509818,-1.4755665066659929
4.699563830248035,10.276980291289588,5.289343768843544,-1.4664526474767536,15.524508069350881,4.729902274433979
3.610071587100233,8.012147746190422,3.9454637619741795,-0.9753402216990109,-0.9944573976911697,-1.3920690267238225
6.299290302867931,7.086727286267298,4.037230003134884,4.767770198658613,9.706427084600872,3.1849622307766525
3.5075642312699022,2.344176055699722,1.5680226329541134,6.507422577339581,5.768804615387453,5.696038379499001
2.060184837055349,-2.1378384694772534,-0.9723223547549836,-3.1608672967810456,-0.5515959924401647,0.5334037801275296
0.3658080849221697,-0.09830590296764415,-0.005086127227117188,1.982152007287239,1.692133815626783,-0.24103628681258327
-0.5935693935364942,4.166562910599453,2.422833263951407,4.003021561985415,-0.2805639738575158,9.043989374140246
-1.4862023340202437,-0.636053866425378,-0.24547780763260849,6.0753495175887196,-4.0101802417465695,-0.7127939492106297
5.81296301505886,11.527262296840542,5.565371756699309,-0.40407594639148176,17.195133217898302,6.826759515141063
7.359875248063607,-1.4015970112811675,-0.5658379854640899,-0.18885524106611357,7.606156958952336,-0.4847539068591902
-0.023788366101211246,2.6830805580671573,1.6838004378767675,24.85361835845354,6.068682487688877,5.088279304185208
17.284442837601578,-1.5827239499631938,-0.7451688751344087,-1.6013956183822693,24.46802027674671,-2.4869749172053432
-0.3336953977125436,0.7289291469960095,0.7128861338052489,5.103401103783587,-1.0385767235242207,3.0622991316079773
-0.38478487880140927,-0.23947549124446807,0.226711480782599,5.707570768168364,-1.2760561176589778,14.017797591622715
5.259196308918481,27.440720563193256,13.4988271445643,8.527773496085134,20.172985417705405,13.47246619464758
0.33368284357328476,11.179622600650076,5.475550861113025,-0.46713652358756214,11.894770755348748,15.40369825113322
1.3694258618097346,10.126689317213776,4.73503866163606,7.688344275888047,-0.6700518049828611,-0.4592763149662501
-0.42033117001766807,-3.763058418722978,-1.714492423820146,-1.3745339136087245,-3.2982530333373967,-2.0055571240289085
8.234305090817278,8.333780408718695,3.9225675906497623,29.41703858559553,7.116961635210805,-0.4789813592982318
-0.4541161864921593,1.9815027451596285,1.1555926643053938,17.56130796557465,-0.8850521303514208,3.74582083035616
0.1547772189468407,4.375932762286955,2.2850481060658407,-1.1649720732717748,-0.533281147865394,5.434496874097084
-0.27371430967266547,2.0113333391444166,1.1512206061304595,12.931119388736604,-1.2783740164895196,-0.11762866081751491
-0.2229935177980382,-3.832939321996973,-1.80033507936015,-0.7319725320324155,-2.4876565198930987,-0.7651283109170639
-0.2178807945453941,2.5999140983390876,1.562274700065176,10.448015161268401,-1.281504493501205,-2.0806620897463493
-1.0726534409772113,1.7044621828487316,1.1222163018736944,-1.8346157023846765,-1.835732869607831,0.627493285487574
5.724577124003633,-1.1525857900969632,-0.4413365842575476,1.1479169900186543,10.338343947735337,-2.776462916534359
-0.6593919003082421,-1.6775005767073745,-0.7248788683182603,0.8922549862728829,-0.9536150761896462,-0.8366895731805457
2.04209717577686,5.222535667532164,2.83831226453066,1.887742159614597,-0.23558588862865,9.091585190691342
-2.423443494156357,-3.6220605016127756,-1.6750594040152942,-0.8687329062567578,-4.369534535226108,20.966647979026703
4.099828781913442,1.7556524584272934,0.8477052971502272,3.9430481498994547,14.034439032681037,8.30011357536992
1.1603958928015345,4.1505685857785695,1.7515377682307116,9.566019035130283,0.47167968125877735,-0.1650298422401167
-1.0063548202316592,-0.779148356013872,-0.29161625355706483,-0.1934353503966848,-1.4660200500596332,-1.2797546906824715
-0.016434303738061873,-2.0729558580299936,-0.9467246297881412,-1.3303233139989539,-0.18470907178468815,-0.13319061962667497
3.5278516938252755,-0.7366091981097447,-0.26699719250972714,18.24911151920978,8.302898920471538,4.9003118299127975
-0.5244008295698038,17.869570981192958,8.90274252672116,8.561435314253645,8.031132567795169,17.129426767587184
0.8519773100742213,-2.039875764923384,-0.907695176979927,-3.5614147295867924,-1.3750592431220308,-2.107897774004463
-0.14682485345651478,5.220271466492384,2.8483403013556226,7.216754117720759,0.9399666814378407,5.841796208312613
1.355388548581385,-1.1027103101438953,-0.45927937548061987,-1.1387277096832036,3.2794641467203105,3.871138567053536
4.42571035347257,5.730486258245821,3.0892414220249296,-1.3922622940291518,9.915107633939417,0.36123963647094015
-0.30063129240839853,-3.6760935959497036,-1.840881985173827,-1.5999992096926572,-3.6009045710234497,-2.0845594221600305
-0.7133019957265327,3.903131414355921,2.329328197939433,-1.0039704509646021,-1.9346581627867505,12.56954052858568
-0.13165679110861936,8.762916608907842,3.7936045571705717,13.84788675451211,5.101599520780078,14.421449599236183
4.233479461638208,-1.2861510813687307,-0.5459914258211189,10.468374180737392,1.6091621902948772,0.5036468843990942
8.447121490392018,-0.6428443654241182,-0.23151047797293747,0.8210765829056397,1.9437645909739159,1.63849798543419
2.176742874927859,-0.154850714468582,-0.016964901488957154,0.5599914617996278,7.843936702420122,-2.4375909392054207
-0.2945842462256922,-0.9337168811971117,-0.41233998687918405,-1.3936992176546337,-1.3311191608134416,-0.09198729492187262
-2.4875391144628636,-1.4456452639991113,-0.6455235209417466,-3.0810404487699623,-5.46907574794838,-0.41618249291029663
6.851934710409019,12.589408750862278,6.608023055435566,12.202422150935465,21.088561626874565,4.737767961444379
-0.14122390817890215,-0.44267324021327337,-0.0026042562563794117,6.728017377531903,-0.11453111386689477,-0.13440268445368533
3.795572692833554,4.690727962469733,2.3631825223754914,2.5015226520745033,10.702398303311531,1.7630253539613918
-0.8498601402538416,-3.659037271309847,-1.681882254805342,-1.143833969513441,-3.485277067420787,-1.1599418498461602
26.480358059163446,-1.4673335206038443,-0.731715853399177,-1.5861103818427944,50.49121365413836,-0.30391892036546797
-0.7341066888555368,-0.7974214516947256,-0.3177559165632704,2.543985204553826,-2.563470575257031,5.321209421256215
-0.3187433416282857,12.00648469344201,6.04704089193875,4.773006952381512,-0.26368917826876176,3.2723260796550484
3.9930064151457323,4.541465098189083,2.2196177072932843,1.4859315513049407,7.219160172254531,1.3713007234016703
-0.7929751911294476,8.138989647149026,4.042368883933121,13.415120495052351,3.603530106904402,6.112032738592818
3.076076770324904,0.8205000210265705,0.6950234010902772,-0.7792037525960342,3.209125770812455,-2.019973900416165
6.517426975177568,-0.6589420627228197,-0.2537444034716524,-0.5503103947343496,6.574256818347574,-0.9142976010120792
4.292076883665958,-1.6100166019467748,-0.6480576358990193,-0.7604721360629624,0.512456116940648,2.618262710767132
-1.0463438081360483,-1.6494589857021076,-0.7324594257652844,5.568874112919967,-3.595435528728574,4.385668127319719
2.45839462749404,-0.22870634130229492,-0.019841433229915318,1.4330857533268135,1.3157189645742755,4.203369826614339
0.24289437215854792,8.935863410137305,4.725293580030174,1.9871656601223033,14.688858862225338,2.605681116161491
3.067177751962519,8.022215272793137,4.21116862266995,6.775180446867027,1.0212069049274572,-1.052940884076852
-0.6373031117897991,-4.1784708132821615,-1.8904128133308828,15.19763123049419,-4.96472616650935,-1.8195134882338224
0.5589348020471913,-0.07492226256116595,0.5404503769127147,4.147480100928329,-0.9030750523052604,1.9269716258131713
-0.7143165800999788,2.3604612297656455,1.082392425200291,-1.2535394446679207,-2.0900334121528106,2.9101665905490686
-0.18051979724917105,-0.3408837969018639,-0.08351462190916425,18.138309040236347,-1.681871463703949,7.893989249604946
-0.03533980545414921,-0.0513146963851826,0.19865259085385473,-1.368296091140854,6.882328838636963,4.50473302581405
6.950477298528501,2.670836196225997,1.4896235298052742,19.58207517617983,-0.26277313344478037,-2.5396092990586334
-0.8859267224995281,-1.3907397999835827,-0.5529557200755836,0.9587963872349156,-2.575597446805687,-0.8965632625212777
4.094046561807157,-0.2605281380657562,-0.06944627216823356,-0.7655000656154421,7.511981014549157,-0.1105135153069735
0.1766831046215549,15.023165574526717,7.747930414976501,-0.6038637874202444,16.55595848778912,17.708192953191066
-0.17306532400635094,-1.2641035443248245,-0.4550351847191576,-0.2591648856965507,-2.057056919865008,-0.671795434659352
6.318534630977335,2.9431052527262795,2.0223579215623997,12.624560214613657,3.256380978776612,4.959519540583889
-0.683873171075711,2.6370436719435233,1.6015854040022603,4.14995800255032,0.9148686648906776,2.6287953659033496
-2.4196907537594052,1.0107388985752535,0.49017925593798106,13.887733626845082,-5.844606551159495,2.931605523662883
-0.25824502890838497,0.2706156500697527,0.5253407912053171,-0.2782546784696737,2.4894338810597993,1.2740573175784529
-0.6451830190664242,4.3582483664802805,2.389918975821962,-0.34294278544089707,1.3665899325817459,-0.8370171918270709
11.977837167579697,-0.7873672955137128,-0.42831675120664725,7.573967465529777,26.189461665901998,11.000498145287834
1.3159042509884529,-1.446549457911349,-0.746629866126169,-1.2182492993582792,23.763447566333912,13.182186396562471
0.02112214191430717,-0.5784641036062735,-0.21850730027534257,-0.47249135230446576,-1.3287165590555126,-0.36665086558835935
-0.5057816771170627,-1.2723750519896466,-0.4791774596081564,4.743628969080998,-2.747471944596694,-0.8640346498958271
5.287310313233433,-0.08094026579091472,0.10698793470468382,8.208117917629695,11.086639800050003,5.105090472439257
-0.38435273671457865,3.4194590718045457,1.8842652581419723,14.654982715973674,-0.5069865593359245,4.65682360872965
1.801225916436862,8.471500392234914,4.721767249511684,0.9886441170565988,-0.5547484660674626,-1.1495438170832641
-0.032754820324224276,-0.5798199119572095,-0.22266287507534402,2.5469806929837784,-1.4503504263428848,11.289493515195671
6.106269302955561,13.999914999145256,6.669279141094675,1.7654633677039626,11.3808074340144,6.467538784608667
7.948958413034942,-0.8712880326649093,-0.5045945485627648,7.350834722033041,8.2406053721248,2.0859343317544754
-0.4659984433100528,12.506069593936774,6.288806785500339,0.3147867308296363,-1.0348708103098785,2.6476007939117387
1.822408328008027,-0.7920884614358092,-0.24150106067155142,-1.8659380429388523,20.969664828173844,11.80550324832305
-0.28116623891439246,1.463515557106567,1.0554349036140698,0.21765063469000456,-0.4830070755490297,2.3480553576349896
-0.1277350351678906,-0.3928016069802288,-0.1285390581526071,-0.8529691767269437,6.768647334454344,-2.4169463719139315
-1.1164725492636849,-0.5538678131734475,-0.19204734115883407,5.378118159056921,-4.124269473020905,-0.876255935437582
4.881696620573445,-0.22996324199792736,-0.14408782067160764,-2.1424774563708153,9.542193121212106,-0.8843171984587612
7.358854816901382,1.6303072762331037,0.8693833072784226,14.088101557706002,15.50079627895598,7.248833549746147
-0.2668546923840091,0.21155302325400177,0.7181798201771816,3.793499046265474,0.6835837685081394,2.6976950986079804
-0.16127113018161549,2.6537100878520596,1.8182764013653785,-0.6914352328469056,-0.45564990983159465,4.0326305911161615
1.0264880731523731,1.4071197361946184,1.1323984798282973,-0.5731597467214083,12.24573387627702,0.8108866734920854
2.694848211631303,-0.6126012458723558,-0.22834360239037532,4.532052014742112,7.089742438108698,4.928990677584683
0.4792095880803497,4.260500691100158,2.025323642530501,5.345770191951338,1.2543877021756829,2.9602149352581764
1.5773886299796653,-0.9272453106795342,-0.3985408758113634,-0.6880444045764698,-0.512830746850715,-2.4308484437468247
-0.6466210754805177,6.422057561044646,3.628347861892791,4.6679199463185235,-1.5064505204615588,2.4145695491593195
-1.262255545920529,-1.2677601780043426,-0.6137090428279561,-0.04429046724390573,-4.794330781340921,-2.104536042230381
2.8829169925221105,-1.8710182974150602,-0.8462081907661283,-1.735970230449738,7.269732039267212,2.434937528279903
-0.18524217856449232,0.581699183636551,0.6210867131635891,-1.3488251630120347,2.445994390322785,-0.6318399877947981
6.132517478146189,5.288820942109009,2.8454141873627607,15.876092611916407,11.989804335652806,11.096706059471977
-2.512938836725371,-1.431234177529233,-0.6649838271691475,-1.0375465282133653,-3.5813672084308545,10.582966657933387
0.3564001716976196,-2.1005300680234766,-0.8967529361924506,-2.626628462962489,-0.45237215428914634,-1.9987790554367786
4.843853264414759,-0.4406489813256667,-0.15830541341794968,1.6551486092707912,8.307689132425677,-0.3254533583246658
-1.1454633302693116,-1.7917252914231527,-0.815272126951594,-2.702840327567547,-2.1716615063885802,-0.5054363446306221
1.4913403735498392,-0.07370608684690476,0.25319978559493955,-0.01956048605009777,5.73565359335122,6.71297919166008
-0.394871185978789,6.465129065922318,3.4235980730817,8.022329808595059,-1.7624210673553815,-0.5520292748770838
-1.2621110259384292,-0.44760209648158905,-0.18670200919110014,4.760472595709579,-4.464904820453852,3.59761356902107
6.426862816401563,2.318768053438241,1.5253615600277972,-0.6989937073100896,10.318627448604946,-0.768504564806082
-0.5149143705033581,-1.9851202802751307,-0.8445608435262063,-1.0973486720550518,-1.8301655996489161,-1.2668993131425421
-1.8818240406447906,8.846955497094312,4.248567247722873,4.692838137969157,-4.033151070106149,3.023225665302406
3.701037949918626,-0.07255125052888256,0.10824539382217968,7.2421608902156285,6.169666203943023,3.173178649574808
-0.9315611372478809,-0.44024855105790883,-0.16379297366417417,-0.7193118095509112,-2.8345108151615572,-0.44715847314098184
0.9568299643819429,0.6191974673332074,0.24919826279758422,23.756060494326373,3.852157149140962,5.571904722178083
1.5261112916530026,8.698229432475708,4.502565274812256,-0.3091859204925127,13.640447209249025,7.297610076774169
-0.015347922808432935,-2.573564588445557,-1.150617267109177,-2.344397745070963,-1.162229201248522,-3.097014087813841
-0.5240334022964609,-0.36615741735339746,-0.12377438521859317,13.435903195476243,-3.144839911244221,6.1566459798296576
-0.4611806756902066,-0.7361224347243286,-0.3051819374169208,-1.2773638883476877,-2.532612931890221,-0.8827736211863494
4.199844496011802,3.0161309486862677,1.7052180076329668,-0.4647144077794357,1.0320150962370196,2.580766249858927
4.439343490084536,3.9394949673907065,1.581311551596691,6.06258392516892,8.879693208938686,-0.1908315320855501
-2.081199749254974,-0.6379950386829887,-0.2669788675538109,12.452592923244008,-5.019124715023607,0.6077062635437234
-0.46829310156338,3.7584795466784002,2.0921465313678516,3.386836756942122,-1.4525566997859385,9.453295681809172
-0.41187772445518417,-0.040879788033456294,0.02830234712400448,2.3771499209171862,-1.184164420520388,1.5292810095871703
-1.177209655532053,-1.4419313111633856,-0.513498641793117,4.869254809021197,-4.479856994717019,1.5138662951455237
6.267990423725904,3.6093734948927003,2.1672096527261,-0.10727432300111045,9.410643634865158,0.4078974182613568
10.666395012825419,1.8026557753701504,1.1573657387101308,5.596256424528733,15.806163303980227,-0.26226039917562666
-0.3927939050789052,-1.4912421905791686,-0.6876161151915844,3.7534752519856447,-1.8263880019708332,-0.02415677785713546
0.2598189906014392,0.19205530934643883,0.24706314428793086,6.780295877552161,0.03314381352585849,5.032423841402143
-0.22465713482029767,9.550270406496598,4.736633755910093,2.8756784914197464,8.327982070501537,3.857026604268623
18.586730128840156,5.933036084759491,3.6808948836429423,-0.4070015672110987,42.04668773450472,-2.49097310778478
-1.0236826812991509,-0.4632024449451957,-0.24147407710169846,13.30532758492049,-3.1619646606928016,-1.5902780032508073
1.9746021729469396,-1.0228374442435963,-0.37783604972587687,-1.7849674119663164,-0.08670976147937258,-1.109885576707247
-2.178084790749433,-0.026937288302730678,0.2733186713847366,5.798825179386668,-4.177640638283456,6.112842641681148
-2.8105265309523686,-1.1775719296112797,-0.5061855233082767,7.333881430644024,-7.588061189769843,-1.750294830097776
-0.4646842980900752,10.036703848614561,5.317516699635436,-2.57382999563844,7.505046641040007,9.954340912296502
-0.5603712254740705,1.998647884188741,0.934681223651092,4.31390588354324,-2.220653329779798,12.624959765092907
-0.03038739153146901,-0.3975512594508037,-0.10612062431250298,-2.533197698422915,-1.7930987734173525,-3.1598964187077376
-0.23098921455587607,15.652424565243594,7.500803363562843,8.910897919082899,21.3282412381645,21.3123531688814
2.1511448257763894,2.7532853874568763,1.4256465168991501,2.6623617564679334,-0.557135689601409,-0.19047383194893347
2.909934505628285,-0.7591926034296257,-0.29565576804633065,-0.2921167199815336,1.5698902275754154,-0.36245551338692655
12.674480233062837,-1.014036700852737,-0.5194179561728247,-1.083497200616713,31.42623200683214,8.026237158333455
0.5130270072765328,1.4751190018399427,0.8642094248607399,-2.4181288216882897,-0.034580382902753184,3.3068912977119798
0.7324880707494976,20.63781402596745,10.316811955704898,3.152622110744,10.757909613868456,0.5519911062807182
3.5507900526035874,2.7536180526402863,1.8003004598221013,9.738428619645155,-2.188436979582512,-0.006958516672052917
5.681113647916832,4.01641608263795,2.3905078627187235,14.448081938501081,10.612013669762192,11.314474265660737
-0.3573306436489096,-0.09995389799997961,-0.014855445382489285,4.803182321093238,-1.8941569885103708,-0.21422570138236768
0.5707875403189868,-0.5829755398178603,-0.2836511467862734,-0.04641051234313527,0.43792721129782225,-0.44529363262435223
-0.6881848105126025,3.940287128336906,2.225943925251344,4.441971284425954,-1.4170935002513425,9.72548634228311
-0.044818360837479525,-2.049791318531088,-0.8355431686760252,-1.7038227799151586,-3.1894465140885675,-1.9895654893514725
-0.12234769076337262,-0.9511602063991922,-0.3945828582840852,-0.5522326377142674,-1.261482376456037,-0.7694196400049487
4.633868477678497,7.052866092923965,3.6581204122911384,5.557943745156957,5.628880729511133,0.9729552608875991
3.1489169382595055,5.768136409678448,2.595583586021944,0.6688004077445054,10.66669291566247,3.608339388350829
5.327109350469451,0.7872869992177998,0.8518548938520063,-0.27123933467864986,6.592343234648328,2.511142524620917
-0.24262041496528264,0.6978123299633733,0.40330117795734544,-2.1770997766793303,-0.10114394712636837,-0.3220295728189089
4.790093028834802,-2.303227857498985,-0.993511482315525,-1.3516633621417502,18.42642202983189,10.222957309262773
2.8461488664720314,4.608356246537733,2.5948842223025177,-2.20331815719634,6.308993983421937,-0.8592551681184863
-0.27131427258891755,-2.4872928988915497,-1.1071383493849694,-2.114498247634855,0.31113454615594843,-1.7183205665951995
0.1028414121629565,-1.6008890264299305,-0.6757195713614588,-0.25499242942530626,-0.9015387014680725,-0.05411185899127982
-0.4267579592813888,-1.1635555264647115,-0.5054004954129739,1.0710007436579547,-2.178350505910734,-0.01932954936659961
-0.004038639944417044,5.566761406586235,2.6020138710939413,-1.1441972922039927,4.597705686438273,-0.628113444241932
2.60139501076881,1.1266886484579919,1.04895885171919,-3.498695701093575,-0.20613684783469033,-1.1751077885837782
-3.272024854390056,-0.8359751025932374,-0.35338504102310486,3.0267056766311518,-7.374691403216076,-0.28848206158468714
5.48291986114178,-0.7935412385188444,-0.3721823976490458,-4.769890625128991,5.884505691117991,-1.9879350547166657
-0.3365202324172015,2.4740839108840182,1.5027445718203833,5.128210699189846,-2.3641975078790454,4.867162000205989
-0.17590850291331775,-0.9946595455993732,-0.3571256388935421,0.24244707415088962,-4.274865675387562,-3.1071195195092685
-0.378344830974513,-1.4932109216477334,-0.8871776232499564,4.651319566842892,-2.0579100050679195,-0.2046305843225841
2.8212590901089776,-1.0802774705942313,-0.5109283060661358,9.461314534958847,-0.912122498215107,-1.3853699573692482
-0.042688754737807914,-0.6347276303276325,-0.239209079679544,-1.211274630622183,-1.5366371000119905,1.3624582074890983
-0.04781552390150572,-0.31936968358436224,-0.004164646098981795,2.6105687346084485,-0.6113263758679703,-1.404545953702884
-0.7978153658690275,-2.4942050681438066,-1.1043263461789816,-1.7461271515597407,-3.974757262736651,-1.949322939659474
-1.4603411254185241,3.7613048198515298,2.217539287824767,19.464217458480917,-4.485879779865993,0.7442506811864246
-0.39296201995041596,-3.8733845146691444,-1.6845068878629847,-2.638987497867223,0.4846308421983243,4.5104400309524495
-1.2025070431784932,-0.3674670618883423,-0.12030468324319257,-2.138088761665498,-3.4105368632848476,-2.187656011673422
-0.4623924689522294,6.654765298371469,3.5423048369476375,-0.10171637081167623,0.5216019678393076,-0.16948390651927894
5.1000646909712435,-0.6201893815784572,-0.2401081462736641,-6.647547720462208,-1.0666732935189254,-2.730803919496284
-0.8351532038911995,5.7201541307458275,2.8388465982120428,-1.0643190392587547,-1.8207361843841299,1.4528981489090602
4.715363133037656,3.097501448439754,1.7931083611874663,-1.5967758290873113,10.28854654931835,8.353409531114709
-0.3086400419690625,2.46659354442005,1.5147415416789332,21.049647583562518,-0.6955532811767946,12.139614902530166
6.1670304618509535,2.990655894768298,1.6581220455689427,3.533669655792438,15.11288415047878,10.067138067750447
-0.2756691246019759,1.7256101168497917,1.249715215288483,2.160702276981816,-0.6546904622456753,-2.182470839166129
-0.09579897277376684,-1.348734422604565,-0.5191625649049124,3.863440033136748,-2.40080333001137,2.8480614826743897
1.9147409739498842,9.81369206733677,4.862298978282429,25.419424021604097,17.154795091948657,17.813133449205274
4.545454721513259,3.8508849448509013,2.1143043614293697,4.569178335235066,7.11129113300218,0.9572353705537091
0.5563255453167417,-2.047821190153428,-0.9323035922242733,-1.7574802364261224,-0.5401153240657547,-1.9255542427324028
1.4448567485791692,14.268047911481426,7.217576402174836,4.290352696294423,6.5304483880986455,5.035371613538102
1.1432135708222593,4.608950642634963,2.213066596562686,-3.156390985928392,-1.3280799391454299,-1.3980178901008273
-0.2982522497811248,-0.5091445396770512,-0.19799231348115198,-1.1119118930814569,-0.7461183850064377,-0.9339535990893026
10.253192056154568,-0.0823671529188481,0.12138930414573967,8.999363619891819,19.39300109178717,4.865312566738299
0.5580293074861236,-0.202188720328574,0.1758744999335901,1.3885639207970524,0.28578482692151763,-0.2435330166032572
5.307016614204029,-0.7926762612647376,-0.33673658542365087,-0.6366195537388883,8.170217512017231,0.5209356787095574
-0.2913677206740005,1.6927662692415657,1.1466410543550434,-0.6786097402025192,-1.0571761020931254,-3.0251372838931925
-0.1753947864615264,-0.935884543029991,-0.3859610080791835,4.227824829430557,-0.715460737216711,-0.1548800028057632
1.3876115689138344,3.6892271704121344,2.0275213676186845,-1.0870922185267828,19.744828551013498,0.3924425257524664
9.082243578782451,5.6840361069640455,2.578483924134715,9.193216130030862,28.3663064161728,11.721568708207949
3.4549356154391635,2.423883657288821,1.0685698239485906,24.207709567270765,7.141324903910437,3.2117358447617885
2.505040788303062,1.7379221199531325,1.2306748571248018,-2.4332917612079483,1.9057543541329411,-0.6996423711439764
8.827992307080846,3.949141133279113,0.8751274247681602,21.135641540944718,21.659302221749627,1.6631244871821487
-0.40938463674371095,-2.1857547540446363,-1.025797590696602,-1.540038052151232,-2.5341030076420648,-0.40490960906184786
9.376351782840969,3.0902984388279857,1.8823165969153475,8.852920772779402,20.271825751790303,1.3334384713390688
0.8647696616640738,-0.5087233013597326,-0.22060495130937818,6.757486701778691,4.738398825118879,4.7769875229166505
-2.7380407184135827,0.989055926780978,0.49941564412865225,3.3641544355232575,-5.899332976876874,-0.13479791001449
1.6084586643929732,-0.4622198276231281,-0.13114904930013602,0.2842948542139894,2.778447615374538,4.914607347693981
-0.8382923689648284,-0.47212861177561155,-0.21946934568235923,12.514763832294655,-1.8753869772300176,-1.058454642729952
2.4535428752968276,1.0358313535707528,0.7154172746111372,5.100427972680762,4.078679919445029,-0.24100216558590426
18.567509782084127,-0.8824635147954778,-0.35544168816589283,-0.8230283891685497,27.56813899693921,-0.6662138887789445
-0.4226186888326856,4.32740184981235,2.4008282547669353,3.1831366940707007,-1.3347513172159737,1.495621375381472
-0.29837148258730495,6.3422618635146595,3.217778483889931,-0.9181623114145329,1.6325510719407523,1.6109069816791748
-0.19532069732515922,-1.8808827852727596,-0.787556884416807,-7.133064632197244,-0.582049972246112,-1.1796479824466537
5.923565603631568,5.674549562793466,2.713824378550134,-0.1802048408540951,4.9787968386049855,-1.2340449082392135
9.280078477731234,-0.1725784737317395,-0.013532469874249588,-4.3911894774036355,15.379980807490192,-3.0401011701394074
0.5617463732761515,12.814686922094639,6.405879932219282,8.47730520381111,0.7114892017665997,-0.3589662385737258
0.32861714984860607,3.6503469539841644,1.8452004044081136,3.7993041753034635,22.607684852603118,15.58472711497956
0.5606132061985323,8.089870721885472,3.9249942221494023,3.9270951814648427,9.101027227712525,9.431575495618079
2.1397035603206387,11.162424625546516,5.624536475636651,3.1721900414133843,4.253905187226936,21.93103948333746
2.0187785704059644,-1.8580186476761757,-0.7132642615218998,-1.4747367206987714,-2.9763321850717817,-1.5628903624072463
2.2897633744577774,-3.1138433088769393,-1.5344927804596784,5.462402595312876,-1.8994507374210905,-2.0249358910235222
1.7022909213518789,1.6638508010718063,0.6091500388169998,3.4604226766879407,6.125190541502374,12.264712691476507
10.976503794752427,26.80923543865774,12.909381064254676,12.637349213556575,27.536446533973425,9.41690111089445
0.3579927344555774,-1.1805979512311615,-0.45216964579037955,-0.4258927761250606,-0.4620986306895117,1.6042798607010114
5.654163967602574,-0.14371920467169405,0.12269452497538763,1.0870944259815007,8.836175270149715,-0.469171846039113
8.478308233761787,-0.4269464849797238,-0.05955526621032255,-2.4511716244959265,15.606194285147215,-0.4230988239600521
5.493482386865943,-3.030387941226186,-1.3859611963574272,-0.4245799999512301,-2.5353697642954307,-2.6462257165707777
0.08803684445697646,-5.982938781139953,-2.7744461271153664,3.071409549693528,-5.633482621353746,-3.4676098488123865
1.3057974174376668,5.847136061051891,2.8733383789158453,14.838267511635562,0.5841594319599791,3.2718079377492613
2.671857932262823,-0.5134475227611643,-0.18058012109822755,28.859026237387493,15.457660436734251,20.20010868381281
-1.0560266192576089,0.8919833319996915,0.8864634995763259,4.555413733788113,-2.009587002656868,9.844276938869285
-0.5818039239667601,-0.6611589952059171,-0.3200045885737559,9.454309655963614,-3.102075935695508,-1.4969626483665381
-1.2069363919712768,-2.2402541738552597,-1.1502579217981868,-2.4258416174491857,-3.54261221238215,6.3321554555442505
-2.1748408557280245,-3.051786529969317,-1.402789650661977,-2.38046377874012,-4.85076580628213,-0.7120444719252484
1.166336186056081,0.9165598335276959,1.6095847987766962,-2.1376596650552853,4.5193336510101005,0.14868536932326604
2.7875444152931825,-0.7191580030845847,-0.23851628900630506,-1.2505479669012014,3.4399522906012825,2.972801378963739
0.8117983687093477,3.355325267280234,1.8991919494731355,-1.325040903389649,-0.6404063878716922,8.449646479196488
1.8569551035880623,-0.3308939697034265,-0.08057498871119342,5.103584795915633,-0.27734675219878335,-0.005964955625638391
1.254195556824288,-4.691075520565085,-2.318958019249854,-3.0801100404371375,-2.038202662518113,-2.1758823387352884
2.7931497161073233,4.039397319476273,1.8035618741432402,20.632788121635105,12.688305135496767,9.162849411532054
15.767278677102725,4.204220520454331,2.7006631613082073,-2.3327151155184898,26.085208260401746,-0.6509941994192243
-1.232867711303533,-0.9640811406111921,-0.45746791684624805,-1.0586683044817509,-2.446655639369574,-0.5027247771348297
2.9201720311982378,7.526369522360973,3.997976561691929,18.118776985617078,19.084654772379213,12.295573169375018
-2.604544773460262,4.610827703477812,2.8382362416371283,3.8234932905350663,-2.213826312267612,5.6620793590755225
1.0553449941582103,0.3980868359248222,0.538833506723466,3.174761240076702,1.6994380483657459,5.7996069288022225
4.979924027133349,6.998843189824565,3.6556864466140304,-7.844215284006963,13.713248357250531,-1.760596797645812
3.202191336264284,-3.1835313654757442,-1.3977417000871832,-1.5240186032201801,-0.03610581247236871,-0.8750960172038218
-1.6236429734647286,-2.235330749712293,-0.8913409433333164,-1.7769425104994316,-3.969868950505206,-0.6979796878857467
-0.12369727083835756,2.039372241333761,1.007915856127811,4.365970671240626,-0.6082970238890916,1.2272356949939165
-1.9904158753108405,5.194566064102228,2.3292565593280807,4.007298134956072,-4.083351305679955,7.174801638313795
3.026802825882899,-0.006460459029386101,0.3534786126800672,-6.119971641216175,7.624965420276147,-0.18953528628277383
21.012297963136582,2.6302955093853204,1.6610476805857506,11.012511265016496,43.477151374947375,6.282650489764237
5.160718012493001,-0.5665291319759506,-0.1448222351804756,2.250199388246423,1.4794823500224763,-1.1437737187359713
-0.17386248415061034,-0.16747873763934729,-0.034771331747292744,-2.554686141362041,2.941201117988714,11.194936848828227
-0.224313477850985,7.792567543136625,4.012435698357882,-3.40135958951989,-1.6113018601935083,-1.1860080669040822
1.8976726123688406,7.25486788146789,4.096345557153263,5.324595235913088,6.094260744412522,6.5077392364708055
4.348955288615324,13.692134326213356,6.734116873540997,9.35807059342377,16.620583886547056,4.029534029053512
3.850676253247866,9.487291675010335,4.766018238640878,15.0063795042986,9.647996050877317,14.346562352203016
-0.8080263415845729,-1.0456799905341738,-0.42314501616121475,-1.3008801741904543,-3.4475565805899855,-0.9483187731378578
-0.2874489716276108,-1.6571325005967255,-0.7732784232082026,3.3589420487304373,-2.706729510180045,-1.340488726671826
0.6625673502768181,-1.3121657936151943,-0.6348940912721862,-2.0705416531944745,-1.3561765203693508,-0.6109806104137241
0.6484488924842527,-0.979150036685558,-0.4436333573917659,-0.09663131020828049,-0.1246271845273735,-0.6119309237975825
5.354688619022563,6.180263331895487,3.0380425440421024,11.296310196893906,10.01607429934655,0.8702100431904627
4.573449470963705,-0.9789110430538251,-0.402410268489314,-2.078135360958964,3.797543329083542,-0.5493207718656778
-0.5788280376696985,1.5632599332079105,1.1041728146867733,25.74245514217787,-2.675184125581693,15.740472895400929
-0.06325246378442895,-3.0793074471500317,-1.391910166997674,-2.712204905821457,-2.036340968414187,-2.143166542284094
5.694661129013922,-0.15540563647501493,-0.04022824763891386,-1.0045210343620614,19.92557376066123,8.52053112895269
5.12069596103652,12.059452020766663,6.060321820468698,43.21796755470454,15.585594266766746,8.501316412926316
2.8474514293113877,-1.8005425928136836,-0.8098781573948423,-1.4825415398023458,7.878852342318513,-0.7658333518267879
-0.014363232193958277,-2.200707824802019,-1.037644914122915,-0.9364976743866651,-0.24820955637279252,6.343962438480948
-0.6159113851422036,0.8247933507799847,0.9677570588982023,7.246492184735389,-0.20773631026054842,5.552896808314267
12.564147740029453,36.81556941264664,17.635634549149174,-2.287220727882823,34.5408209975248,8.184225275825245
1.3952386176713756,-0.7980763495770841,-0.27085114113090925,-1.3761936381606579,2.7051102613427465,3.3195516693718483
-0.4467217699613157,-0.09914869710604382,0.0048489018766307845,5.960619789616861,6.959555805964178,-2.189141351805861
7.577730128150589,-0.635702412526095,-0.21733206977552136,9.26826584455878,15.532749699463539,9.138569690494789
-0.022629307442033245,-0.3249024236751714,-0.12454492891067624,-0.4625742055416181,-1.7233414538914573,3.2869443945039833
-0.038092187150899015,0.9791393938860091,0.8128604495992953,16.750770922131135,-1.7896191245029631,-2.07992735529744
4.096477711385842,-0.9532254778580281,-0.2626487267006709,4.360004206418677,1.7178858466844886,1.75534644215136
-1.4827876871936,0.3238023745895163,0.5570225908447464,2.0218544967537317,-3.4077676286668033,-2.6441869258538055
-1.0123972945424151,-1.5858969051317722,-0.6687399144049014,-1.4374059312507423,-5.0228015739632355,-2.5545246515849733
-0.17851276832831947,-0.24284986261035701,0.49434053576636416,-0.8949975805360181,-1.7028633599659244,5.004176567460431
10.656949696118625,-0.16035101987482844,-0.057782161929894854,0.03992835211265355,25.732855945026493,2.461098796711977
3.5796726720933947,0.01519940650334084,0.708825668560998,-0.5849056854212528,3.0562528917615657,-0.5320193196057955
4.472705962819064,-1.129133292322228,-0.4997164052697241,-2.671830055947152,3.149462435658038,-1.1315854725750112
-3.342045294706639,-1.2679353978857104,-0.6484034102311574,-1.2284202062857128,-8.529730374735449,1.1662040738937949
1.399218372697916,0.6729709208562038,1.1814636282031967,1.1906668049590192,12.46510045468693,2.0792445509701696
-0.628540681436168,2.6179640549676217,1.691203686282973,14.97850568410957,-0.7832349283635947,-0.49684476925662885
7.786595056379343,-0.699998527274507,-0.27509630304727944,-4.21106297282304,11.320281279088423,-1.2732893798290479
3.8291228634660666,11.475868319541174,5.777737448550818,30.6366069006066,22.87896776499365,14.50431952161434
3.8332709178267788,-1.5834983128338003,-0.7562216621659476,5.59522665528363,-3.354105116648554,-2.042833414109401
-2.427658671194734,-1.2664755119779443,-0.5606875780726525,-1.0397265746461863,-6.096023928059639,-1.152096696827004
-0.8541068374890086,6.8145808393162115,3.5452775111472983,1.9827753113527729,-0.45693703353921616,0.08829058104226906
-2.1648926669645965,5.62294082161198,2.3871102533694684,-2.296069287751208,-2.3292881901016376,0.9269153381388546
1.7343105682880564,13.556253465275931,6.624465186826674,14.889580154628998,9.180166522790087,11.403131972969645
0.4615366230723612,13.650746606145555,6.934126444251329,18.524722354463684,-0.8508651812144953,1.516780613377443
-1.2943859839858347,5.09620054625304,2.7071544044632954,-1.0574331913160224,-3.308076717102562,1.884159848622819
5.677876195874417,4.090564857148202,1.9294398214887019,10.33552192358805,10.405446015038184,0.6047025138126466
-0.9594981431899898,4.607312507030312,2.426653900974932,20.73658022932904,-1.5141257011736005,11.681375029157161
2.314346114314799,0.1229681907909036,0.47048801436192667,18.26853164798251,9.61381976789434,5.857904756321399
12.16512049491422,1.9798874759364198,1.3853670400771496,-1.8849977121440529,28.87729659788887,-0.18802529324512843
3.8605567180406855,26.66679577841632,12.695252004410294,9.749472930901504,16.471748249042648,10.299201528204385
0.18430586813145688,7.45739242213758,3.968408936432639,11.538417440832848,5.254328185297054,14.068272778249552
14.127151597826824,-2.1423078221844163,-0.9406881039788186,-0.4867101068640029,13.449845686227876,-2.6329275194243085
1.3879205349461337,-0.47197568679226615,-0.19822857524756354,1.3045536293574913,-1.2460934422843888,-0.9655199796898337
-0.7741254027298782,2.420527470567691,1.318625331644435,-0.476424639149754,-0.9078369672471895,2.161567666286732
-0.5779810127724554,18.551951429704534,9.308044222776532,9.610534450686856,0.3130675827264343,6.069051522913254
17.02094363207556,19.952834816970352,10.198819490979863,1.9328449244128778,37.39130060124174,-0.8480957213816178
-0.11756794318441047,7.518517783320918,3.534352405316501,1.17543391764663,3.0809821447151635,-1.103720566010448
-0.5436726442518215,10.678664704800623,4.799912072758034,2.048634409188821,4.0726774140408075,4.63339901162583
0.056858689402946694,1.1483367786307328,0.7597253386647216,-1.849782137309477,-3.630269721050183,-2.846352827429408
-0.8921786110024276,-1.7312540547221993,-0.7749071538275442,-2.868208197898701,-2.9538816232893,-0.8927069706868567
4.421111234291632,-1.1077634735977835,-0.4595942217253184,5.120839277551478,8.798537476252756,-0.18943260916496696
1.9347245496238452,-0.6724083043851237,-0.22773586562270057,2.6892305457074426,-0.4048259742199764,-1.54559494447344
9.228849038102137,-1.0309834789622339,-0.40323421223714917,-0.055568848639709414,16.523170312844186,-0.028945294998662253
-0.15190961851632687,2.2806682817924697,1.3711090305155416,-0.7294941465729607,-0.8980899499313524,-0.34391699130544423
-0.692446691485786,-0.04232821081456748,0.2061629707924802,-2.390279983936287,-3.7099847221481674,-2.0067347870267334
-0.1338741399581521,-0.8341529812823245,-0.46373135782544816,9.392536368957082,3.327587008783588,-1.4544776063090452
-1.2372109458042198,1.5591016381129668,1.113647138710885,3.419203414721788,-2.376287713826678,9.557068449716184
3.3241626245812412,3.222763271141053,1.9395647443695094,1.8173605146917684,1.3935039552531272,-0.5619992330233411
3.834964958423493,-1.5576085434278775,-0.6635031823469939,-4.849363127643294,9.751378997104638,-0.24009921998405048
-0.4631175157269047,-0.5907570920614461,-0.25578438828320094,4.833659329181422,-2.2749396129396104,0.24185249188958868
1.7298954836774487,7.91916836590302,4.039749741684723,-0.34524066751919996,-0.6445078483478912,-0.8679387252333813
2.8144393924308355,3.414306435929604,2.2543404120361368,3.4501461003590546,6.666086241371301,1.6720598063206298
-0.1822727543558812,1.9315069028036893,1.0397616514273313,-1.2616481485646638,-0.09254515908854806,4.153678280008052
-0.3078778280905059,-1.3043236224583956,-0.5574286899395564,-3.3954803066742265,-2.3629426446097357,-0.8408421911379702
-1.3828751951511384,0.47822491382652577,0.17226210499201855,7.4767073050239565,-2.5536498407202415,0.42581891508000896
-0.468122528350537,8.262515856642379,4.37776445128566,21.905003168400782,-1.089352693449235,5.7272655533589445
8.762133433879521,14.780107121554018,7.822996814746491,2.299503742736049,18.069031258897553,7.109510403535543
0.3313697325935995,0.39013539373786954,0.4315344260263385,17.530950953097285,-0.5435036485460429,4.367867401062321
-1.3811610748923195,-1.131263782192027,-0.5159568672905996,-0.6648186068709416,-6.224007830402391,-0.10333104821909211
1.5273742483500758,3.3341637969408118,2.1458806166383715,15.561797729555334,-1.9912791255569635,-2.136990903234836
-0.21479061295197252,-4.404642343879398,-2.023418798060294,-1.2625099283754622,-1.678152293986117,-1.6989650243886907
0.31715022592892467,-0.29255778783636704,-0.10183591615222097,-2.1125672999303124,-0.24357357214198094,5.176491379792273
10.22660014910999,-0.07313113573918602,-0.20308096610725107,-0.3170864285584305,21.392616329785685,-0.03547399023229205
-2.310213701659453,-0.7411787328349124,-0.4456907459152044,7.314302597339415,-5.291568711433904,0.7708771147101562
7.1736836152249,5.946513427766355,3.2477035498609736,28.075427496597136,9.793196864798738,-0.05353891659422181
1.5292144273918176,-0.8498278868208197,-0.2427925193838675,-0.4529964796701622,10.554028949636862,-1.9202831422525386
-0.08663176129665531,-4.2540668388972005,-1.9179894489901317,4.188432365063472,-4.0814385695294115,-1.1326509616481235
2.1519710652323596,-3.219874580552761,-1.465145632808805,22.829301554100155,1.3289032781698653,-0.013777190694621844
10.49749902073376,2.87689563851114,1.3845080175329518,-0.9132611996514269,14.821034741462066,1.7536771106730527
1.9072952849379474,-2.7296553727595665,-1.085398592145513,-1.9688918322585705,-0.21833494641229356,3.423200581427217
3.3947277774442908,-0.8314757284506543,-0.2992272433664927,6.128945597952766,-0.8203723710404929,-0.7632054663147763
6.061545685436619,11.383791076090096,5.979151859650506,5.687799738023894,19.921789546392635,-1.089891441002004
4.9213314893336415,-0.7803396621364254,-0.2591506636407726,-0.13779630443777915,2.137249533525506,2.821248015382226
0.4889883940514243,-4.942672679843586,-2.2881132574981935,5.7184294092299055,-1.7603857019341917,-0.5150309096856985
5.165975540433619,4.705564329862221,2.5828868688269875,-1.7563006488080455,11.821693158538478,2.5987395375719338
5.482197557070142,6.05435310198238,3.087564296861038,-1.0501541562642587,17.37843625800983,-0.3321395267711056
2.7402936440252335,-0.35843784189131384,-0.09151329882747478,0.021196030104002506,-0.44073770249650446,2.3167074028082415
8.816547961759305,1.043518566440186,0.7135830301704772,-0.6576165801213542,46.829424406880776,26.954871196199047
-0.5284004155976766,8.12994481613518,4.309560746934114,6.149395920287579,7.222282717341544,9.160346768008331
-0.7131250716764156,7.354975158703446,3.701327813232152,3.9069582066674116,-1.251583807299034,4.158040922297594
-0.17726475053020332,0.7540039882206429,0.7995156590008127,2.7083045663987084,-1.1561544000642543,-0.48342957396135766
1.8286152945702585,6.607344584023948,3.223625344030559,11.961931821764862,6.7689758963165065,8.677890809717859
0.8496536556488887,8.840569796179635,4.503531094543273,-0.5306140350135943,7.349927491801696,1.6920613236204405
-0.9951890156348701,-0.05244073605189695,-0.027729389439572573,1.7906423769081,-3.097655496664237,-1.117230874471011
0.10294935011270878,-0.3248422887069253,-0.2845607654139561,12.234415964528717,-1.024409721510403,-0.5079996813189401
-0.6515626932782642,1.6163521258786133,0.9619118964784753,-0.12977692779994038,-0.8847611248698682,2.260777336254781
-0.07552649686212663,4.001351553338646,2.4115572821233346,4.439111912648072,-0.7984325966937376,5.360672230330594
4.658944363434904,5.627152351705548,2.945093157628791,-0.17680723985935481,11.888862951213719,-0.5039583459762763
1.735099220012693,1.3164836171759489,0.7727698966244819,-0.9785277853187182,3.116751559100831,-0.30626500962262565
-1.121733980582468,2.596874344230761,1.6302568077626527,2.3275475450119862,-2.8856030051526433,6.493720130368069
-0.15450588673208265,3.249438742418915,1.7717368261360191,-3.529893284880521,2.7844381615220697,-1.5177632474953509
-1.1201912672425214,-1.516541490907492,-0.6452039813167442,-1.3408131741098255,-0.7768822284428506,4.223210700134554
3.4985194878913823,4.948234757533477,2.6967142106781155,-2.37305486601969,4.2990456403335,0.35257597942686614
10.797184776789683,3.9398896328856674,1.7757776536917835,0.050717812580039046,18.329825982063937,0.6282471923138717
-0.6146683673618973,-0.03834115738577102,0.05237816930542161,-2.0893456020866235,-1.471863302014211,3.8800095225142694
-0.9217683211560991,-0.22057948950103753,-0.05147384200397878,8.040330226861682,-3.112854554522068,-1.13862468458056
-0.3121026533509852,-1.2910762798791575,-0.5585460190937627,8.546370939745657,8.001909624727965,6.956537203823492
3.4615566269764697,12.38864293537495,5.961088029456681,-0.6071739201527638,21.351763888841994,3.61735681576151
0.33272809577865287,14.367962197916151,7.12910869345231,15.618544497511861,6.353782026746889,8.22079664447403
4.498416847774254,6.296578333178145,3.479175004754529,-1.029332602686498,5.585949647653182,-0.3486515797410867
-1.1449403022362719,-2.0596928629731504,-0.8755207653959446,-0.0521383388327628,-4.399501471144487,-0.6846026537892455
12.887016916883995,2.052857339968504,1.1801278739254677,4.598062039536521,30.507879520516475,1.6980096199969172
2.7892107284187295,6.819361401413706,3.506499098118921,1.3511050249033416,-0.9089420114331068,-1.228472272712959
15.524027961383714,17.267022840992457,8.361811539764812,10.647317676096595,34.99984273283007,10.17838308324993
-0.4661343832856293,2.7881715604195945,1.3522419979044313,21.059252560959123,-0.48549600558509076,4.241004486132935
6.8423752098259065,4.54853188894608,2.2273511524928384,0.9826757207271386,15.913697067166693,0.8015495516709288
5.2826556737443555,-0.6343508758715335,-0.2849110525350553,-1.058079374404269,7.736066887421047,-0.5290569678955244
-0.38061950652694765,-2.254998589697665,-0.9863539072738791,5.011759805752482,-1.2681233926980788,0.00939916964882015
7.089929189606171,11.060597768144538,5.538856132262387,5.700858317739213,16.83295963319899,-0.10210918772980247
-0.5623397830221002,-0.8595476421518518,-0.323611328551476,10.666389816226676,-0.34456370484855525,-0.15776868270021913
0.307535896708775,1.8568015073807111,1.3847731183705376,10.559050521404396,3.746037316801665,7.651551045898468
4.5736589429650225,10.004705450000849,5.024891828275888,7.9514797750968675,18.77895235122761,5.205728950749108
-0.21650149996926507,0.29204357586757174,0.011452162549430378,-0.3700119829242192,-1.003535205310568,0.20419113763345298
4.187744564136842,17.751140030202677,8.751982109170283,3.4831900447113577,22.52339299404991,9.080543497783918
0.27787797454726915,2.0564607274512143,1.3440369304284405,-0.2527079089600559,3.7303777980103257,11.81186100386195
2.6710817331574312,-0.7870945281403073,-0.3064216824722132,-4.492576330228971,-1.3653679203935463,-0.4376176973109305
-0.1630564411003208,-0.6304827005948361,-0.26471794915360397,-1.8822662595458717,-2.6190831846324176,-2.2353721536490307
6.319114886951833,-2.2928781878719877,-0.9879017703962831,1.0481762516964643,10.267000115787052,4.796675595985744
-0.34037118174359876,1.3843661311025688,0.9533804572689586,12.788149746325033,-1.2425576578349895,0.5356314363884717
11.763935426480018,8.28160118813944,4.302904723520278,-1.8884564797290828,20.816079539043955,6.2388802076384335
1.1144954712841009,-1.7967642997593984,-0.83166359993001,-0.2882296331811801,-0.7012327717428468,-0.002385811186492215
1.6639800625035392,2.6697940126525097,1.6237269253155266,-0.3594229509111126,1.3873701073492621,-0.36193822692155714
8.501933811320106,10.026591715301155,5.079573528686407,15.125344408628424,18.386789133983772,11.592007426494261
-0.2897373145898308,-1.5030726505950647,-0.6164970038816628,-1.8604696907191194,-1.1552558955214802,-0.7677314832412918
-0.6265919249335608,-4.571621592332252,-2.102059771530625,-0.5381595035847319,-3.3551394633336926,-0.8021035236370597
-0.2049425792825471,7.114622621747608,3.8118235493962116,-0.49287371333035923,-1.759951283713026,-1.4171496757045798
14.168850919147879,0.6875871477427205,0.49287218899075935,3.3323548357374886,18.954903906559654,-0.35828341598830704
-0.7009230413228661,12.820431009849326,6.220273100428802,3.3969890735229216,-0.46863098138183024,4.605410457986775
3.868498019551132,14.727707446512797,6.371764712014004,8.958902384853262,-1.0563844144543217,-2.7425844537966784
-0.38850141952277883,5.752814832983101,3.0534082633072637,14.717118950778694,10.517218180487138,13.1907753090324
1.7906727184778484,1.0129315154297625,0.8240620282803793,-0.5228465813055942,7.486924934797089,-0.5991131283183592
0.9371416149478169,-1.001911927849082,-0.28040405100435656,-1.7411664680575822,-2.0653783115150186,-4.323104462995199
-0.23478396708723948,1.0263903607080471,0.8032942200939713,5.703145872040825,-1.2113961791157926,-0.816626714661139
2.521719171390118,-0.061640841534144064,-0.13822567002380137,36.482394092570374,6.238385080006638,8.247498760193277
11.449618458672509,-1.2076316588234803,-0.494209998889355,-2.0341137047181186,23.137095572659504,-1.3697826608548662
-0.08971607936530464,-0.1654820750278286,-0.058745322104432646,3.0002495627410886,-0.41520774988633313,0.48473226344109865
-1.5073498913787997,-1.7345137688251655,-0.7751804994882285,-1.9717022856857644,-3.195421164383874,1.6761150669473537
10.355006348991443,2.9132135676266744,1.867505044762636,6.115710102097036,11.681913936946007,2.55467948389721
1.1269354693747842,0.5245675139354598,0.36672490611546255,2.7790670934056774,-1.3580319079804664,-0.17999267298279376
0.9828950055651055,-0.11284994663936926,-0.06282345814304668,9.561480751840156,-0.436313090095912,1.613623771246646
-0.3136444882748586,0.7525557092097264,0.6458501720592351,0.49981035845175165,1.9221763243597247,1.4664395576500961
-1.035983386891399,-1.0879340507458972,-0.47327626149542557,-0.37410144667987,-4.095621515092882,-2.37854060724696
-1.2052440517566483,-1.3125570660728398,-0.6226246837210557,-0.9647913789985622,-3.0387228417177177,-2.0806616725021043
4.302878666344344,3.6249224763628405,1.987774038729256,-2.174171205964241,7.089168892685295,-0.2765801675619222
-0.35551940250728364,4.495568706889426,2.4936475940305396,16.750241234352632,-2.1594655250511727,2.4848197811419244
1.1741588549014743,-0.6457900882055542,-0.28756343902435166,-0.621963986738254,8.437384725823174,-3.0789124676836868
1.6963903498298853,-0.2364140599452693,-0.03675274915973801,29.339292461126817,3.9509324057301223,1.3288188660679436
3.3551894589461835,-1.126137767922798,-0.4179581324711862,2.3085797778571,12.834290006707985,3.5199078883452684
-0.5005900876674535,3.551259992158178,1.7811735571793466,1.9002558316211804,-0.5995744854468373,-3.2850857730492247
2.011290275072934,13.278852406885845,6.624042453869957,51.32347794244522,14.774077192505917,17.675176200901113
10.926923432791696,-0.5586208692082143,-0.20897503240824805,-0.6305141023597471,28.014633736013778,10.444385489534502
4.149771463174522,-0.8001759333203218,-0.31168991681152636,13.887878848046611,-0.5152115215068607,4.932657948959124
2.417808238712789,15.451969592663312,7.6241389912914554,4.284100084353943,13.797928434179186,-0.7737514958314438
4.556622159612544,3.0245649591775874,2.1380064707425994,2.112403541369616,3.4104008990268952,-1.0852438833974802
-0.3898583957374544,19.078209383187502,9.57685681949476,5.775689890978901,9.135854778454734,10.587053214545502
-0.21340703326590124,8.872857106057543,5.1033305955821735,9.55201816782941,6.390195480128451,10.389319106233678
-1.136580360257034,-0.2702926423287712,-0.17908366492829286,20.302413756741043,-1.9408896778997755,10.693992566866303
0.1393565098754569,-0.01808603881961415,-0.0665058117350616,-4.96424765883614,1.9445721133637308,-0.7655468213698486
1.3012604610737546,-0.9135496355214573,-0.40232021184054106,8.182057799094627,-0.11561559308483929,7.874084529670787
-0.5599268062516553,-0.18092682185899725,-0.06381558894806723,20.450360102152928,-2.0413399876388776,-0.37711084333953976
0.16198763987055254,9.450273061008502,4.78201271357964,12.051507863783797,-1.1965090148202573,0.2746188689486721
6.430665481526654,3.8808836444406927,2.194745469625211,14.03612538881444,10.549272642877153,-0.7605309054578074
-0.3788887953155516,-0.48313915800912244,-0.17961699422113198,7.789113560667632,-0.4796401125610761,7.14903941313943
8.413869128349264,2.95243404678694,2.091059876283791,-3.055134003559978,20.39433429427723,-0.1627706451325643
0.4558269229948776,-0.34210275977834537,-0.07210545737578067,-0.45798099414502114,-0.9616253970165571,-0.7227069152584855
2.6169416336842843,5.609374683056523,2.899382257540936,-0.4281085853486557,7.717238852613574,1.1001090556032138
-0.8950481008776751,-0.28440736822894197,-0.008774746051770244,1.8858365024670467,-2.193640980940013,-0.5575667100496079
6.202721715582691,-1.082961686689216,-0.38195215502315216,7.965998163610878,7.560846531254012,1.15677499446898
-1.1243914808194153,-1.642765031813352,-0.7970463151171616,7.017011048959683,-3.116544240758986,-0.9498112644110256
-1.508350621290171,1.2031642456125757,0.7558419430546025,-0.26469169824702116,-1.6481885283692783,14.83440164596176
5.559517554195942,-0.24879407639390794,-0.02716437095877058,-0.31889540317806464,8.222222633204973,-0.909105553003781
-0.5989653253826738,3.7942113420553993,1.723255402912004,11.6140771630757,-0.39578904383697094,8.408587461979073
-1.2581140657155183,1.2582767696875932,0.31958009350238464,11.347885079086765,-2.155225643703585,6.276712712516294
-0.19240974929738971,4.482888715372683,2.4415685442856745,9.914757109722835,-0.04712292264887461,5.8062846083244235
3.3718074997181455,-0.11283610494868389,-0.007663575661026201,-1.0679321147537137,8.938924808159918,3.23504211938097
10.402719315384763,-1.7695511125401773,-0.8091544015677045,-0.477892887942198,20.982901217690742,-2.328237141290446
-0.05728999947596872,6.124693722858414,3.18833013029181,-3.1427815024221353,2.7640878956301043,0.6509505583824508
1.2827872454777538,7.261518536181146,3.9010275213295382,-0.916589905325343,5.536578299732307,3.48470108683434
1.2810951906166714,2.7606336288043263,3.2124358749071047,0.45547392710292384,-1.8922857161900895,-2.1817126922758336
-0.9584647903779357,15.60411855907609,7.711793082638118,2.3521309545202564,-0.341627678669249,10.164853348970077
4.155026318596294,6.958898571922549,3.8391807462916896,2.760329458433674,12.591422661018587,2.56900339914658
-0.14988260662443156,-1.3557036764825479,-0.5919961117252567,16.977990339873084,-1.4791330795795172,-0.7954225709508247
-0.07253788370784622,10.91076373935364,5.804938907489329,-0.5754964435561337,5.714891227166003,8.0124567813673
0.28639325014170597,-0.7234203139506394,-0.3635966366059659,0.36114256970795927,-0.24177737881991526,7.258519421955973
11.784673400514954,-0.44504135660624144,-0.1392518228531472,-1.9961475063861318,18.33477969677653,1.6635592860195256
3.170235201431808,-0.19270526598502616,-0.0929351196003788,0.4455920903888666,7.273516093739411,13.627986221785596
15.893192364733784,-0.3259975067091201,-0.09328605331257833,-0.9528370177150212,20.1979207224322,-0.535943609604358
-0.030589827308239316,-0.6260463078539891,-0.23369858412974942,5.798606731481241,-1.4040320238966326,-0.5295816625223096
0.5210919652313857,3.744835712042304,2.1970373126358105,8.115030387177308,8.806376924619576,10.410521474253036
2.32764395484395,-0.8809718634220979,-0.37968005209383415,-4.816640114836228,7.8011177642436795,-1.2125656023637505
-1.499653531236465,-0.40126665191201066,-0.09036195164922348,-2.3104668871855334,-1.4919460382528864,3.5298512747394772
1.7061179737592838,2.323297803000161,1.4695573635239478,-4.01397912442187,5.415683632147115,1.3771179719385875
10.092820074522043,-0.5188167312535742,-0.19537582099124062,-0.6342808686355732,18.398117035049914,-0.13062247881263178
-0.02449454364331829,2.615392179145359,1.476311480148187,3.0222499037264976,12.223046468217012,12.130764094890107
-0.4109826688612417,-1.952328009664365,-0.874337911210289,8.003585657445425,-2.6743880699960645,7.646918403854147
4.922106129036429,9.376122566626872,4.682956634683734,6.038890572874718,23.193999495176836,19.939217348162074
13.759402747967156,3.9259959233095287,2.1475279414834088,-1.5403518908151177,28.694118854397136,5.95052443294523
1.7976328370491905,-0.5470776660283202,-0.19218681876754629,-0.7181874448526838,6.489926752874079,1.646369303428691
2.8749033049924337,4.265596875061689,2.3820762206856383,3.271233121418467,7.658353189918295,3.049061835226013
10.17889294651674,-0.2525074982445578,-0.0004894260358065506,7.0537149069961576,22.317206619728978,2.6963980262281027
5.321914472786146,3.024182312941116,1.0406092786437082,0.5505488015842189,12.233241010333094,2.0515944838207743
-0.33909392054388127,-1.7493013683613825,-0.7913864922074727,-0.533430337266708,-2.0553570568937993,-0.6521240589185262
12.727211494188461,8.398513296218029,4.490192417050705,4.435174625416111,29.803364026290506,7.883759592359663
3.3402925762335824,-0.925200724735896,-0.4010614933540604,-2.8443231107900964,0.5431464674536253,-0.7745284962005363
-0.14639654075210104,-2.5524377412977226,-1.041491470648978,-0.36920256740932067,-2.036171163962015,0.4970597568288679
-1.4968600606177946,-0.805484931698083,-0.29161960227164235,7.867735461108716,-3.2877821006599017,-1.1842705580470534
1.618116185685332,7.134317346129214,3.4238353089094966,8.41544830004949,9.79817214912762,13.918255873867984
-2.733096150492615,-0.4684804811990934,-0.13543425379504279,3.599580323829442,-6.263084706551821,3.9875905316624927
4.42680443585562,4.107650276441395,1.9201256768308999,6.053367517437652,3.275756020850679,-1.6485709970067774
0.16077316711172573,8.782065016319192,4.363570940946941,13.432449291795598,6.136999072507442,6.116264805347398
-0.44875533813698976,11.632471022589696,6.478796630545742,9.964086030527787,0.3678784268480303,2.689184945829737
1.7477182367085624,-2.2135350350903944,-0.933649211719799,-1.425503728349857,-0.2895158509217747,-2.924970350489417
-0.5133127389894557,-2.0152114608334792,-0.8718430459484772,-0.10288671453807928,-2.056862006401969,0.3656276160431278
-0.2921335759905635,4.443016466332378,2.715872346424414,1.9758793121401563,-0.1428384818418775,6.049529406021238
1.7884181172042937,3.308024176960418,1.7828373079341857,-0.11772471167377657,6.355613948493325,4.974189825184147
-0.33746559572430185,-3.855493068379901,-1.776213921039675,-2.571452622611641,-3.5347079634781995,-2.029844210911999
-0.736659271145335,-1.827206840301727,-0.8162905014486415,-3.656478931648163,-3.7939426097639877,-3.485613354008465
4.373835890498602,0.2383123370400173,0.4965244763710984,9.692542706580753,3.6354533738553436,-0.9946616417067964
1.6574875923596086,1.118186241010073,0.47504849902316454,-0.33071386434038486,4.639020442502853,1.2079237811785037
2.280453932324601,5.955767020292138,3.321734404158553,6.338561403345285,8.001057972854156,7.792107519504102
-0.10323942752244025,-0.948397540010843,-0.3837329071761155,-0.15595117507331496,-1.936431323931961,16.453677676958616
2.4231010687355914,8.309343099250677,4.396662710083482,-3.000212720093728,13.160100396488907,-1.3808941368677243
-1.315842026564009,-3.1424662813176787,-1.388887428228654,-3.2497570894496755,-4.445651395730131,10.658775461795042
8.43000442995118,8.192802811847018,4.3186050187104605,9.14622955437389,14.347522454377417,-0.07473872858007957
4.88047574304568,-1.8549491538533027,-0.8505054522593118,0.6811819259254227,3.8530787876995176,9.788457079688955
5.283501742276582,-0.08960231043109051,0.3023847156829111,13.760916871840623,2.359638256730512,7.744451146586386
2.4517492210756995,-0.15355534393121828,-0.019407295853593576,0.4772460415519615,11.987635600055533,9.205490852941695
0.5922654215196144,-0.8754426664436314,-0.327580216129182,5.849652328887736,11.857122464297044,13.97225868816879
5.3529948274260475,2.7484016451444537,1.536010098020014,4.7533532728959464,2.531398570228763,-1.2606052569810942
2.895686528346312,7.0471411522199,3.6263976930417385,4.595749044089061,11.913528635460018,5.8497404140357165
-0.29990578732076467,-1.7184461878721042,-0.7308492457303251,-2.181793375065988,-1.5671728358644499,-1.2803933872316433
0.3045184296835562,3.0891563340168307,1.5822934772547332,-0.2692392037733574,-0.09397150156554063,-0.6313024842150826
8.139561083683098,0.2480989588341469,0.19678112050261337,-1.7834746617579982,12.598850319973717,-0.606696406776404
-1.5937525406968813,1.1022747004393045,0.7667680902351623,2.189383853011294,-4.129614162691714,-1.6301459299646712
-0.7070192553023296,-0.42204700887829416,-0.09710699325464422,-1.1217825172657299,-2.106828119100261,-0.3893647505902458
-0.788961362769025,0.7002390153711241,1.2651670861253534,-2.0751933371170326,-2.948342648686085,-1.1453620431827052
3.993251197951702,-2.0475504844893186,-0.9080535019903224,-2.975495179160494,-0.13058726197361603,-1.5362615250754543
-0.5885435648943226,0.22486676064279998,0.004671049680345041,1.745576060898184,-1.8176162280694603,-0.9319572130557511
-1.092116468351824,2.7708526759575265,1.2045473008017644,17.921858172623047,-2.703743708104247,1.3794647548768673
3.1831807117232023,18.20717706728967,9.01714385067955,5.259228674626912,3.3690152700113902,-0.5550013794029998
1.226235539898565,0.9183235010437232,0.9404666192487952,6.577679987927884,-0.2615626045867178,-0.16997964612536945
1.6322434209762053,2.203280208840489,1.1188815955595517,0.5257132424595533,10.671553820740492,5.478254413962527
1.3734060679081619,19.97464194307462,10.106354056996596,9.734986008903755,9.946985292602903,8.822117449535702
1.1199543183280065,6.557970615126171,2.969214554880024,2.4175217265978963,0.11151251048045041,-0.6582255651081038
-0.2696676871707864,12.878469881444369,6.566018583221223,1.5710117339658567,15.208577168579552,20.482718700244718
2.445363015051715,-0.6145781849908182,-0.27055743637707647,-1.398604149321855,-0.31440397122683533,0.3202763004908815
-0.056267167415314616,2.3856671391894526,1.4661794516404187,0.5757376250869606,0.3613192141777194,1.3683155349877634
11.172588093964576,12.447617836156203,6.353158490481983,2.8320471212689524,17.733541134908336,8.217017815992326
-0.8906726458121057,-2.2545689222429517,-0.9508388852125386,21.28261200769669,-3.1191895990793705,3.56875320347328
0.6520535178692959,-0.4902569054235604,-0.17462416691044158,14.212644328122593,-1.5000536697742908,2.599661110321612
3.547079822090165,-3.998468918527231,-1.81871347015612,8.26644341443304,7.725020659948372,-0.9628250713225163
7.907148920660051,3.226806283529111,1.8581353273479146,28.69051846465456,11.946249566272556,0.5199739034584622
-0.5288147885459971,-0.578869330354395,-0.1637847791091911,-0.18225648108722248,-1.4287943192401062,-1.3093920008029691
14.062090895425664,-0.22715676167958493,0.11351305516368115,-4.280506355884892,20.34656068513155,-2.34372694373554
0.8321452484909465,8.306030122322676,3.9598143762703772,16.51591917058406,23.045887037166896,14.755508467645912
6.967245812031549,-0.2810072067405997,-0.12335894449573748,-1.9791179264146752,7.6524224631035995,-1.4177567643079412
-0.06863260654395541,-0.44252021126587054,-0.04695141120341635,0.7861756725031779,-0.21356538575852024,-0.2837629118329172
-0.12333432167016012,-0.8915294997363831,-0.3624196282741619,-1.669981066570772,-1.4731864121656937,-0.9766515677130793
-0.4281515652410606,8.410765177851196,4.206665503088548,11.120188891273777,5.889734712249601,5.013270780785348
-0.6247375839190514,-1.2551847361591062,-0.5817698566268446,13.660550661668594,-3.0511046334891496,-0.3579634132979966
-0.107274678914639,4.551075020402615,2.6536528536357644,5.302930621284967,-1.0951988716815328,-0.9788652215716411
-0.9972733087393874,-1.6918945471515656,-0.7370759090488547,-2.585347199664756,-2.5362373382251255,-0.5932109955353981
1.3405392056450163,-2.04825501359937,-0.946778193979416,2.57173540967063,-1.1125709983447232,-0.21450920393251283
9.671032632730874,7.513736026739821,3.741347301574983,1.1069294176154403,24.297151679272645,12.085689870915465
-0.7127433562843205,-1.089144298801211,-0.3569605379602971,-4.5396341979814805,-0.7975865392476621,-1.0769230124787346
1.8350351744238493,0.126534739129692,-0.06156823186637803,3.7590098514118475,2.7658398658318957,5.757827404562303
-0.21209512729294727,-1.8652880449817084,-0.7574311648414235,-4.293188986123618,6.8547868549910795,1.8744639222532815
-1.3877293537865965,2.962524604522368,1.865600995944246,4.862745334062071,-2.9859248635914906,-0.9994822475032971
-0.794831927579854,1.3941199950102448,1.0300659860854648,-0.36194973638092626,-2.045714200382877,2.4700413600714684
1.803320481662388,-3.2120544178645107,-1.3559913185489167,6.82398115539048,-0.7038088791922359,-0.5559165152191833
4.552871387115531,-4.7488046255218554,-2.243698431358601,2.735560056715159,-0.9094020530029199,-1.7923475921684595
2.2339759813503415,6.39628162855561,3.283549495995326,-0.20703228682330735,-0.9762701117492502,-1.2086255156471521
2.8291416414229715,4.662594746087289,2.4681791274817577,0.7757002043058006,-0.49408973460489963,9.72437890008632
-1.7327507561711195,-0.3814646868294569,-0.1285065128437148,-1.0428949125052316,-3.0266762893634676,-0.22476346855333595
-0.7018787642345918,1.6362050393298349,0.9981177344344423,-1.264645284497277,-3.469428204638299,-1.3002015717851823
-1.06561516940144,-0.022068999397805357,0.2295614105444314,10.088309514561328,-3.4005632586056502,2.6029248906379276
0.6460844395344185,-2.102169110538941,-0.914105315367078,1.0382932772233162,-2.7714098115687205,-0.6041967373484705
-1.3684390131882418,2.7433744641214712,1.9299420342670968,10.848548588612541,-1.459289777739135,4.136893609480654
0.500409968120854,-0.23922933648258873,-0.06429950098127082,-0.34877385490857377,2.6587476039148084,5.5030785693912865
-1.691826525718399,-0.5015622247045036,-0.15018701292453762,-2.4557979825109677,-2.7353686936949657,-1.7240315294247044
-1.9594793390456193,-0.26397137910974683,-0.03644296443694561,-2.277852544749015,-6.191097503436484,-0.7061100261646859
3.931123858340441,1.282596792792468,0.7742797355605392,2.752698003797253,19.51905743195725,5.000188468320335
-0.2795762083222027,13.163126602538544,6.514828027078577,0.5583867853380236,-1.9327604023844942,0.5172681890936143
6.035829759688063,-1.5641548354037877,-0.7102783803684245,2.6433658460856395,-0.13049711189687907,-1.7636993067355082
0.013352162134816714,-1.8898979456325002,-0.9541579574568605,-2.3511154870682236,-0.6828530607981267,-1.2492166578685377
4.850393507724308,-0.10757963675991239,-0.014720108127737608,0.36977313274119733,11.327516983908232,5.597111400361507
1.4240740996479437,-2.2202773132123865,-1.0028210935590538,-1.3439385885687465,-0.8142664594915724,2.286016979476398
1.7313098037181707,-1.936636673587189,-0.9204399944230508,7.762403172163304,0.3462330217949571,-0.20809804159091236
6.542548464623352,1.4660256946226347,0.8379607760575609,-1.435371723805429,7.1147281013220915,-0.6995815303910087
-2.9047286068551066,8.783942626447592,4.492719566251776,0.5691576698778882,-7.222986703471557,3.290523799888633
1.5946982919400834,-0.4358761740906393,-0.10868781068716481,-2.462576940046463,-1.5312418236419374,-1.9530770868895606
-2.413537841873557,0.8383903570566855,1.8543792389875176,7.918528708429513,-6.312542141820016,1.899205455267544
3.460646982879135,26.70454377664384,12.93265936201083,21.42729065896819,20.812107092562982,14.980742310396177
0.09500155900072838,8.107249375874455,3.986518152078726,1.7957376627362822,6.131799990263224,5.878017530668073
-0.5809175400402412,-0.47831554384792074,-0.16338750985189396,29.277665665263704,-1.7887244740084693,6.083865382600773
-0.9185843146846335,-0.7827079541186467,-0.322160260697512,0.6504412175318434,-3.3226539878551495,-0.7353706442132375
-1.0926511146066782,-1.2431319121021014,-0.4268531450952998,-6.907178565770912,-3.197396156952642,8.151294954785099
5.28412461366716,10.009372317847872,4.847361843867447,-3.246011591241161,16.172328791974504,-0.92361705828661
9.34825123206989,-0.21613995172401124,-0.03863615328809156,7.1461032804608395,10.477731544219195,-1.4571206587813659
-0.4514663652368416,-6.020841917856927,-2.7851645550732655,-1.1083779560439408,-3.922516428633752,-0.9122275861277105
0.7904141444794852,-0.13527999146627206,-0.10974431714886848,-0.5483855008528201,5.560109311138831,-0.40483357742434994
-0.6859654054569776,-0.6617036265887378,-0.3275883382198627,-2.5193554280459387,-0.8154056936536016,2.110536720657408
-0.42131641007953197,-1.299222157926965,-0.5534918931205183,9.334929544635857,-4.337840135138703,-0.6837679253008789
3.4956502185325053,-0.1688672395066091,-0.016975581122202366,5.347638837477449,-0.6301240837095602,0.8043753464724136
5.3494938837573764,-0.9002198619214398,-0.4457086023416217,9.757425564968418,8.22446373055427,4.291883169512885
2.3283096032421753,6.977710633409079,3.726855217528752,5.31786370833487,14.394594749324192,-0.11015364118022992
-0.05567581499016816,6.785059786334773,3.4220323871359,14.23610033363528,9.069555067885116,12.650745942834217
11.016495761559105,-2.6223900148218626,-1.1781888247191739,17.057081137704724,21.217499020604194,1.1789001909867771
-1.4228330856124414,-0.28680906764052255,-0.0521974594002985,-0.07369905491175155,-3.1489797690474632,0.5877112261582125
-0.3204988275845159,-1.9737434972794174,-0.8849643848411155,11.093497711388089,-2.6233469357558135,-1.2733300426057577
-0.02373249921406111,0.10554022405834645,0.31156027660531277,-0.5773379394092588,-0.006229581767202764,8.808528924976688
6.469944676576462,-2.9103764013012583,-1.2661604692107835,-1.2931995405183363,8.982806375615773,-0.2746836255196254
-0.31147305947264764,2.8734446148471964,1.9717767170239453,4.997619681103464,0.746298679017156,4.1008075133566875
-0.48201742829232047,7.740689869541766,4.101260171454834,3.09652800452477,11.819321713583236,15.303948117256962
1.024982813793851,0.6638758509073,0.2756364166318226,-0.7404077745012497,4.15681971454214,-0.5318663071887425
6.4709143392492825,1.1320001710276726,0.956748982791135,9.401252592893593,15.156520903812405,12.713634312922665
-1.1299229643656354,-1.4182188299376057,-0.6860529836977092,-0.7550769237424113,-3.669798102169442,-0.5059783039873805
4.336031275350097,-1.1308632744063485,-0.5167526140993173,4.987460040945071,12.182558400844533,1.4310537451500156
-0.34333941885884883,13.021626676070811,6.74076333479888,-0.26562927775174255,-0.09618582993891008,6.415344083363878
6.112327959635148,-5.705351617057338,-2.6831595856437414,3.872148768272166,-1.596292895418986,-2.381582822921398
0.7387302465259019,-0.12421626994752598,0.03550900400299972,-0.7149249626500963,-1.2039893586925539,-0.7792207594916025
4.846700259137394,10.429218384688085,5.155046398157725,1.9742469540577698,19.292971746951977,0.5575553496175225
-0.524339081619968,-0.3698794349931085,-0.08771225645571677,-0.6474064984636568,-2.4106434086714956,-2.018689908910394
-0.3068478085154647,-0.5082922366568731,-0.21392386502768518,-0.8230894124097716,-0.8760397948041464,2.7322151637362757
-0.549425066542053,4.968688849756112,3.622694066784929,4.824710994189399,-0.9192305929079405,1.350648627621855
0.9238913229890233,0.25289782894874724,0.4558978884351689,-0.17459348494156546,3.474512357031712,2.0433942861050225
1.3367925892845125,7.127386135556328,3.6891333976736718,10.858716893432863,6.929138705562605,4.44437662431591
-0.474445407443578,5.535764890173798,3.157824145364561,12.101521915174018,0.47441104411674684,5.486675214580803
1.424952498481983,-0.7211409413269592,-0.30791264065951496,-0.7741624093704117,0.9179681246862033,4.242586966743385
-1.7524946320068815,-0.5740081187498373,-0.3978288025635065,-1.891949189533431,-1.6203843775758824,12.735001839295784
-0.06955872684574885,4.034957917305175,1.9915966636425277,-0.053719288349962514,2.2837770949268004,11.82135415700301
3.0149601491716025,-0.32255753475038446,-0.2615892604926261,0.10793592600768542,13.876783354536874,7.702621411188456
-0.0656765097723139,-2.0041705693406917,-0.9275554420619536,-0.9195572036878664,-1.562676909439347,-1.703604569683686
-0.4346042798421387,3.9797751589320223,2.2027195136734083,-0.48945935516890754,2.2474548873710973,6.825162105150781
9.503044531406694,1.1810621348760266,0.7761144518761124,-0.9460340966848071,22.561368948067344,0.3494348616224673
1.8471712707379924,-1.0365096390865884,-0.33931567357233716,-8.777523041383125,1.830134139333678,-3.075344823963478
4.467486897087965,8.458909842767676,4.090405317336174,-0.23859462486347144,26.400232367646872,6.704746839084217
0.6569231595106508,7.611505848083764,3.6556254691402823,-2.7274545963359147,12.310212556284409,17.349134756372028
3.8608764644100795,7.108222449914628,4.077692744722864,-2.9070228704727676,7.809384976506864,-0.7187952717449895
8.5413000483219,6.033172452389824,3.208908075341866,-0.9964951769190551,21.016700933044152,8.040463979905278
14.466997113472777,5.1935644079416425,2.8824627020207414,8.913292061976934,25.602935542668536,0.16753483968317262
0.09607842680022849,-1.1986980738626318,-0.5096959081756345,-2.7868859369734285,7.052818463847796,-1.0821239142207124
-0.42643429975868447,14.782220010218893,7.343351864970584,0.4285197443893503,3.545033813613998,7.5341027892997765
-1.8938118159835389,-1.8923378825113195,-0.8732738147200165,-4.461576051391539,-3.807347298668279,-1.4973253855446926
0.38795681856584996,-0.3800956093611402,-0.10505921557406395,-1.8243051661465892,-0.20679279230285952,-0.1900488604765035
-1.668708764191743,10.319371339055689,5.228819037302795,8.203876079182676,-1.3833878357203488,1.0749370708402193
-0.21860991145928851,0.6376753261275424,0.6769128931729371,0.9944150545282243,-0.29148334616721155,-0.7047018062144877
0.6369955663902281,-0.31185009033457567,-0.1514122277762728,-0.4067698183042163,-0.3084402769040846,-0.27981377413375225
3.381057604303397,-0.5786820371707626,-0.22014416882756424,14.808920064214222,9.447221742045473,4.94197369910538
4.450031991155517,13.942057208273276,7.027229841391362,15.994555747924757,10.265698831636131,8.52360515827223
0.5277234400839497,2.4231355294751804,1.137083583019208,-0.4971001408287446,0.49363337501089033,-0.3686883864374422
2.0079274991895932,-1.1790583837601967,-0.5042948681188566,9.245837438000061,6.377774902335654,-0.632661642523715
7.6224136358461525,5.945836275097456,3.138521956571631,-2.089210732434805,19.954768828245914,0.28584397362790115
-0.23255567048241038,0.23940783183574793,0.33746035457228285,4.672282984812739,-0.20518819025563106,4.1007647444431425
0.34965120880037914,-1.2927974646999305,-0.47252130687667615,-0.28253495115854804,-3.2030139988239634,-2.683780441713889
3.184418501775946,-0.2922107093652005,-0.1764488546321486,3.1327435307674083,1.3098637425792736,10.931875734903276
2.5946493483229025,-3.214841845218851,-1.5457984151228343,-3.1132331969893574,-0.45621803693362034,1.8487573512208264
12.339515437492702,-0.3058396931737181,-0.05525374237993346,-3.1771981542676424,14.478617290857756,-1.7171179117735076
0.320293328283563,1.0528135532464886,0.68168683964604,16.155171583352505,-0.4185859495774379,5.002103390154192
-0.04137333627071558,0.6164550930018674,0.3584006494788864,16.10858299539163,-0.03632143552680472,3.8363142192950948
2.3716046574792937,14.941415277104491,7.874446678423029,15.592513468324483,10.900354956898369,7.41156511572744
5.490267800550583,-2.66735944932708,-1.2437194985326558,8.0629138204474,-0.08282784936788493,-0.27986006584741013
-0.2883645685460416,-0.47270021787569255,-0.21440960815109605,0.5678800177985159,-0.971124050027658,0.8983867151225684
-0.26698974892656835,-0.4910068154027061,-0.16510431300602849,-2.1757757560174755,-1.8844133553869158,-1.9114623607782406
0.6858796885021484,1.0903751546080367,0.9133271421550321,10.096773112546591,4.494645784675381,1.119511190674329
-0.0679378149307358,-2.0348982407208696,-0.9001309303159225,-0.11963010743165757,14.499308186015146,-1.7674860252491964
5.01499349261036,1.5748674166176582,0.9689006807093244,-0.028752297348348412,-0.1328693357538254,-0.4122879076295961
-0.8441356676487539,0.26196747710159957,0.12133108684850713,-0.7967175622456705,-2.804028262225691,5.167202682213435
-0.4696310456601236,1.7975562142279928,1.5919503479232606,12.63933478974645,-0.5709654670501648,-0.8303088673630037
5.76209073411924,-0.09778003906178186,0.26184366969994166,-2.83744295841457,10.540220886352435,3.790673436538194
5.375258682664633,7.267726276094339,4.167355852736847,-1.5401735566153603,9.335590757535938,-0.12375852963461105
0.7881759596809735,15.771034121864439,7.585917130185309,2.2829914409575487,-1.6355396580388728,2.372353043070256
8.204581096967479,-0.3086280625092229,-0.08489324386564251,-1.6055322986486424,13.564048158363825,-0.6027181584438875
0.1083176773620631,0.5508413496962838,0.5118660029884897,3.1197198729830378,-0.32369915915641523,7.74208178997627
-0.5658149395771856,16.0081563386387,8.336701717854364,0.529377604173218,3.6132612753471323,15.434728093756155
1.0576987511240166,7.000981308984366,3.562794403271971,3.5525715487550373,4.218935713779461,-1.2146609341600172
-0.3520673206674965,9.218315184227578,4.672756057360085,10.899199977631488,-2.379917062802887,-0.38046209084514593
-0.08541695826466356,0.01773390964030941,0.419798461198326,4.278422115258346,-4.603571638582218,-1.7470416658357764
21.160292986302423,-0.5238934252050185,-0.18165612287096602,2.202411906987273,43.136379793387796,-0.7308177595327158
-0.22378590351967526,0.7102088262731836,0.3343731438818286,-0.9298099867547411,-0.5158012360082391,-4.285573748639975
6.425678201707973,1.179179104523968,0.9066209257768505,0.27347141570523237,15.060680446052865,0.5402734422826501
-0.7058789195505725,5.0004681120703,2.8223545762507056,6.120037485386249,-0.7771886441776575,9.737007556523638
19.089131275080938,3.9293397122801625,2.0581241504057735,0.16853926251195406,52.14219294248087,6.613037051619593
0.773642027022814,-2.0662976262409116,-0.9399156305518537,-1.4266335496948221,-1.4905167401472912,-0.5152922936084682
-1.6670093307001697,4.640060753848622,2.623062332217047,-0.29831867142580754,-4.632363281111994,-0.3877726743416354
2.2801281154165727,2.685373985887134,1.4614818228048425,-2.7953847536653744,-1.2618190574761214,-1.5314472533076702
2.3682774146917023,-0.5568673785788943,-0.2379476715627764,-1.907501460203922,1.799932580538972,-1.3420991297917075
-0.44396685652622403,-0.19523793162702002,-0.13136539525719967,9.051101509463832,-2.2375651485594674,3.0192082396034374
-1.751685142943779,0.39573643324862917,0.8598990522731023,-0.9310575301879456,-5.5948218525085816,-3.196541777427848
0.8753139485190353,-0.6192108311620284,-0.22046226877087222,-0.7554443027272207,2.3177328462743914,-1.6199329609575202
0.6414843199565161,7.546074096124754,4.220062065018935,6.686885886654388,3.083027088145333,-0.04974889468057791
-0.21309534297510196,8.063440226991906,4.166206247748194,6.097032298564746,-0.1735963283704528,6.2251666418422955
6.528677389387691,7.635402419562147,3.956935877247566,-2.718265780664758,15.054767734231516,-0.7444751610057392
-0.5496182658601393,-1.5119458409824003,-0.6359145490351799,3.5438749163167387,-1.3824004709294804,1.2199387995233237
-1.8024875275431047,-0.1828923673100725,-0.002418499476181668,2.9677970675160275,-2.8043947388479022,8.294477442667606
3.17032103910807,-0.2203226333850748,0.49579075854181937,1.92076596098197,6.3163966986571785,-1.9779497229606595
8.71730133248971,11.319539127253488,5.709178267940635,2.25600219030005,19.38460139878062,2.9095642641869643
7.294205435064455,1.6407568846830207,0.9827705155780806,0.896461344132535,11.442911514444393,4.983147969737682
0.8758901000062529,-0.4144198267075793,-0.15918690568705177,2.2464243011663116,-0.41078965635853293,2.011107197343228
-0.7958353595801285,-3.088011036369159,-1.481811065716589,2.135029473837079,1.9300806812935183,11.009064562978386
-2.4110437889782013,-0.5180130505271917,-0.07345036061001545,-0.8518820424785531,-5.985258167607027,-1.253361268837084
-0.24754840063257377,7.8673533930642385,4.046640509634399,9.451853663805643,6.477554654265204,8.57469447489144
-0.3645286365462699,0.07456360733630873,0.46744143323494336,10.450815364995991,-1.619142456603623,-0.9964060299727424
0.9112010621580433,0.6662017001322901,0.5555054716201308,2.573187749014954,-0.5606973549784907,3.2952336924953043
2.8690215943393254,4.419657954447936,2.6894746682906288,-0.25349539815749694,0.16278793275371112,4.510062290687455
0.5215973540456599,-0.9258056446350115,-0.35193610325229163,-0.7849953510309426,0.25528694156924164,1.2350982677319942
0.007220073689052975,-1.1108229285973583,-0.6315919005202324,8.284648017249838,0.6151635411131174,9.466292849649864
-0.33896501099214515,0.2501001893952357,0.3057737754837392,3.1578181594071095,-1.6513673209163686,-1.1666090396464126
6.9921704563122375,-0.3217479039503764,-0.07903127575997758,9.528377917701052,12.923382775108719,15.834469034728366
8.520947687913834,9.462366560781433,4.997772612812422,1.5683940501085283,40.76943895570991,29.391737066144746
6.001024725404513,1.3208395405719096,0.8090481741909377,-1.5093745660125524,2.6597029229404536,-0.7144311879171505
12.99795642683296,17.880018268626944,8.411106249232223,8.38908027628001,28.178966441349356,8.006631268546547
-0.22538111015501242,-0.3783902995852746,-0.12676825070081885,-1.6735544060684289,4.775546814831941,2.3651196140976944
-0.10819432434571503,10.737653363105142,5.024194943129776,8.232124203626142,9.941127119388442,0.32513273483615185
-0.7220470031676287,-3.2954627400968644,-1.4981205512314908,-5.336120512992288,-4.172417692575054,-3.0933291039306496
3.5232121941973924,-0.041607294409549495,0.3879407400396106,1.6337987028967729,15.360430485589632,5.023246005640008
2.465620296151765,3.3305144198567223,2.0466285363243095,5.952134319898269,2.5444545741312776,10.206551613676082
-0.1142615412097777,-0.9251065590755719,-0.36471089580757293,-1.3311523521993742,-2.2916523801116253,-0.616433587470853
3.946396078824825,-0.698549582298094,-0.29588791305247497,18.904351947255577,3.728596949609613,2.0499921866461617
-2.570353854719211,0.3643590075218116,0.41870011408202645,12.205963930254363,-4.512098982741068,3.238778039907081
3.3404682876150718,19.70543258387633,9.682975467637668,-0.36103146380562207,13.221176946011697,7.86586937784183
3.7765610527562785,-1.044016876314068,-0.37292033622234977,3.0042522118939488,2.094768671919588,1.8952226604904177
0.7109587339241286,3.6743174076224108,1.9915653506690862,1.941790430101353,5.796521361611032,2.0124113804434858
-0.370251297569407,-3.302719125219596,-1.5455111027552175,8.166995157558453,-2.3504725994846845,-0.9519592285504705
2.6680780120880128,3.7963760727505043,2.1546293606959797,-0.552218391812934,8.674291296565535,5.6405561644301425
-0.7402972823489118,-0.8193845747625663,-0.23972549603333304,-1.5196008587835994,-0.2115458016965775,9.754862955915794
1.8534901921066314,3.3281755430001243,1.880884441691895,1.8145996992139135,4.505092282717776,6.059523981726561
2.8417234503502176,1.5314080193512214,1.0226594811902896,8.547195413231085,4.475586378894295,3.2703409043594514
-0.5717223080188022,6.068589777049623,2.639004724428139,10.630927932420951,-0.7627578984261412,9.793654745016779
9.657181483385289,-0.33603666328155796,-0.10529170946522148,-0.349038713557284,23.679046341871633,3.655715245820981
1.215443684208004,-1.843673545860243,-0.8822323093555622,-1.2783164485747125,-2.2596564084784254,-1.2928883323310707
-1.5198803330755677,0.4755708933503305,0.4705456282125979,10.324335295598573,-3.751438698607625,14.069423733142003
2.1451555074101023,2.725768892203987,1.4751544214622492,-0.9475287305168575,6.356733786940117,2.6777421249204245
3.673071134594787,29.03286143745409,14.063599371689149,0.413453570960064,10.3002617567073,3.951157779413638
3.528061554074921,5.726219985488742,2.4599982904153395,-0.72521720309531,13.623672163304317,0.6490344431503561
1.0146134546457184,-3.857734855563006,-1.8492838611872746,-0.8748696798378544,-4.367831628205276,-2.3316500421976794
-2.601043679183091,-0.506127161598071,-0.20448632672800532,-0.981032413030243,-4.7947585118146545,3.5967362045124442
1.6308710477047619,-0.0031229360637392567,-0.18748615715092887,-1.222333435667153,5.0646814127378335,7.543701214467642
-0.8793362229952617,12.112007261197121,6.269363002784515,13.840175704345533,-0.30864760460145296,7.730656938359736
-0.7572892615395062,-1.3169996325695994,-0.5787739711925086,-2.3152509562326746,-2.9459145004544123,-0.822969255038872
-0.12218961413019312,-1.0950610426862835,-0.5189146586100635,6.592626629131295,-1.523941735157874,4.129407090728236
-0.20598459444816877,-3.633553993878642,-1.6681790166926231,-0.6760303830385039,-2.3755837884676594,-0.7601215286172387
-0.3828927857940978,2.6487390693114863,1.4403708421249117,-0.4334804817909472,16.404893023591427,10.770192832331265
-0.3752072895778039,-2.4142603569926284,-1.056848978405725,-3.576554023269897,-4.691364241267388,-3.1770381429211003
3.901408912542519,3.1145655623542505,1.7346352831503005,-2.0165509264774832,3.272006838596541,-0.5588912260801484
-0.899164443369536,-0.21189345196451406,0.022052940069919202,-0.24338169513180002,-1.6097839775452458,2.047029289453074
0.917796420864407,5.38607950278017,2.8865836358978894,1.84268569509234,3.7647110217483517,4.888994605665772
0.6075718173449975,3.764320564027897,2.096856675602343,2.7225883984162587,8.880039745764163,11.14635802009355
4.88730472789079,1.3211776862567857,0.8963085035111988,5.071845202662137,2.598778348201399,2.529553225565799
-2.77077139203583,-0.6845147297072826,-0.20849836936029653,21.870434839652184,-6.76942387127066,-0.2070099145560715
5.8511795273451614,-0.13325439335451866,0.6626359341585101,-2.4196252447316464,0.20641265780788653,-1.7431632522114393
5.391051520606364,1.508338919858119,1.1036920047338932,-0.26544074256908406,5.731403499985418,-0.2542096624734293
2.1666030159769107,-4.649424133507245,-2.1372730262046074,-0.45696128027110633,-1.513381277432115,-0.905818828774833
-0.3385996085592059,-6.539881553179484,-3.034953250307355,-0.9375698254582554,-1.8571807845319235,-2.8801043973718485
3.1601471391493776,-1.906512243391796,-0.8486980567348925,1.26623097091011,-1.0793010909733571,0.04292283433161903
4.226704024823765,9.429090278323558,4.822337326361351,5.893167953838566,10.792293830842892,12.254116940219737
-0.25219783193672834,-0.3795851493778578,-0.17583403773330125,-2.7426685083225415,4.651408706562415,3.0907822292251
-1.05229049702421,-0.5304055728644922,-0.2102960989307966,-0.4711581625171398,-3.7687463314604495,-1.6168504353005997
-0.004507396829434663,-0.5579736130278264,-0.16259786076253635,22.948123291443093,-0.5744162000501877,-0.3693743810441852
-1.3524799716342115,0.32684597809741206,0.3627569917073542,3.9227624670025136,-2.0095771574121573,12.105889469978642
2.8123064928395527,4.019103127401428,1.9779747771159637,0.7192232675254384,5.203695222344735,7.0705400262273095
4.048837164687111,6.7972969192351975,3.7025662822149195,4.263838107255691,10.77127446804115,-0.16944288449944012
3.1536927698636434,-0.23573555071411675,-0.1397351071102592,-1.010962827071337,4.847744708093594,-0.6949418826748377
-0.08526172772159263,-0.5055863698799231,-0.2223638374816043,20.388011259789987,-0.8875141041573121,1.8199232506210565
-1.638690965639989,-0.30498161728375967,-0.24659121866372635,-0.17743806451200392,-5.399618488183483,-0.3523762417994013
-1.7186127799750353,9.559337971433434,4.691467461801786,8.082207847636537,-3.393191037890319,5.849743280429916
3.3727267100997507,-0.5651527040370511,-0.1979443864031446,1.6642840090613202,2.181221069957654,-1.0686578430664535
-0.5091844738532665,-1.0050447486239322,-0.41468138803062476,3.8263260115169224,-4.959207605356839,-1.2725198464979455
3.408128380703203,-1.9825348956560913,-0.8282567956312618,-3.2298703287457204,9.034701163093859,1.6537029490985027
3.372613792579372,11.3064961574667,5.847883110394436,19.898036402215343,13.232451698315195,13.728973762905152
3.736988829568241,-0.8638122128118448,-0.33461723979046565,-2.5748488100895432,-1.8746727989830057,-4.508213743248303
7.316333338919811,-0.0361500739135149,0.3167678385845449,4.953741366990303,21.241241035303332,0.4308021387212733
-0.2460244068013538,-0.13836286779936954,0.7911494912084313,-0.08755497199170176,-0.16109524552381616,-0.23135804554975029
0.9663914362948502,-0.5495463816185158,-0.20140413214413666,19.632834515661326,-0.8143024301665795,8.50707768818569
0.7890387774361518,1.0480923148739067,0.7807631763017691,16.147620238062984,-0.09791489995045224,11.995007014072828
7.600820535774277,-0.9531207643896935,-0.39599804468870936,-4.382989814103556,0.8989304423788556,-4.08319210857949
1.1957443110078168,-1.5025748064202826,-0.5420195525675758,-0.672713932032732,-0.034853969033497446,-0.7835426037741462
2.29830156636583,3.1488579241494614,2.15830553498156,-1.878599721058864,-0.1334097002386643,-1.1995194389544321
1.8198616161028836,-0.15427845733372622,-0.030901721334984922,9.11896449976344,-1.1022785020334795,-1.2298401563525578
-0.21076496085056717,-0.22510690703698766,-0.10997019172857625,1.8863806148659774,-0.806262116262658,-0.9629586305767804
5.763282797875727,-0.14608435788670618,0.022492922131423843,-1.314161429707247,14.269142775297427,3.680998601965718
5.306022090314301,-2.2379294482387815,-0.9942985344465779,0.9423417815850771,0.9798089668604933,-0.6078317466549135
3.4595495110456262,1.6395507718024662,1.2486137159442796,-0.7223737867517711,5.098792051265749,-1.270599176988819
9.309069125598972,28.258251556436736,13.284778396488042,1.5715313317649198,31.24635062942211,11.797895644473158
3.380988157719991,10.586537276688093,6.1606194368319125,0.451937087907815,4.323681924202374,0.8486487357618369
1.3305560176260411,2.431226111207766,1.1927045198232884,-0.7512769252340974,0.4802071148746836,-0.9749500254201187
-1.3222998603023843,-2.7098466787630358,-1.1962124281796982,-1.356179793998521,-4.512246701916388,-0.6276203703518988
-2.5888477611606784,-5.146716833792434,-2.3850854219630295,-2.6566511906261256,-7.868072491300947,-2.4885822829208486
-1.6868926915242977,-1.5655068397797085,-0.6200340537492094,-2.2876085904467067,-5.412438501308559,0.13756504046293294
1.2835091298673547,1.948059379846713,1.1555759899634486,2.0148095409771374,0.7507486710592804,-0.7464953831680425
7.667137857449179,4.462597917068821,2.4960110208831128,5.330803048348628,13.714035305229809,-2.127371393207423
14.100392095492378,3.495857620688995,2.0195954196021386,-0.6658620044231576,27.405950974381412,-2.2320890997325167
-0.23524517594035227,11.139861759970149,5.845900030252251,11.97479296890913,-0.03569932717060984,4.676314069248636
0.06852029514360103,-1.915921102016199,-0.8311357478568051,5.429709126963874,3.9677420076781207,-0.7737881083404468
-1.372257722757701,-0.039647423044058216,0.3299876930866062,-1.3880652554968755,-3.586178588988885,-0.5848727741372735
-2.600327612667778,0.448924063589215,0.5616669118936618,11.645640075589016,-3.282565611952524,15.221622312832295
-0.2344903804515227,12.295203205074536,6.397203711362281,6.791274831257046,-0.20437689029459127,2.2098912431983666
-0.23628341441380615,-2.37205403532511,-1.090369356666489,23.744566774653418,-1.5010389489415596,-0.6471560230949541
8.794844487784314,8.370616573703744,4.303265748717013,6.575314531905468,15.230751611634972,-0.7854864141277865
5.196390307855839,6.772657656717389,3.5156164162155066,10.653056327145402,12.084077692404659,7.745280768602541
2.0312792221862477,-0.367852736453414,-0.07177223590304481,4.326857111127169,1.6515401657191489,2.124880422181283
-0.28898263824677545,5.30963837076505,2.7231522758343183,-0.7884535689394103,-1.3316569998384005,4.196028509530701
6.38354796233867,4.042644174238533,1.9560836649973308,0.8437039680489296,20.652450983241298,5.747242506031267
3.5937019293124397,-1.3807889985653035,-0.7186115864626074,-1.2976362940327184,0.41165768400953795,-3.3165128142985902
11.198379683254622,6.483314168655694,3.527547043491918,0.9402984821190681,24.47536797754167,-1.2750003777904828
6.750070056190131,9.687722346056685,4.865700738521611,0.7981343097175311,19.638943872170177,4.683253849446375
-0.7438109816882008,3.1293896544618116,1.8740098337900388,-0.13458469758332786,-3.1638084564613695,-0.7005610156218567
-0.08664568311430682,1.6847448764941673,1.2060346726940137,41.988285569032584,-1.3129192228619508,6.860790298217923
0.6044028419507497,-1.0524916171233956,-0.37881122590511085,13.23956764531648,-2.3815226453793374,4.0112018686448785
5.213486677130231,-1.5581800466495441,-0.6723532617244751,7.794116868886936,1.513927325995247,-1.166306176379879
-0.49264308120887074,-1.4607869133384677,-0.5911241542472606,2.3958434754411,-3.3491456803540167,-0.5502836610651202
-0.11790324608503511,-1.9501824297691805,-0.8651399422270618,2.616846126563104,-4.007898271010694,-1.8814781395666067
0.33812263764834755,4.423298732785574,3.113890870215606,3.270021422103847,-0.5097760162932577,1.2684824393994965
5.784126164925146,0.06503205559623337,0.42924590291342557,-0.9134343901698054,7.105950703562922,2.1621730837191744
2.1747337337390062,5.424971492921409,3.0934142996863003,10.719829332057358,18.200368655406386,18.96946983670494
1.506760814005819,-0.5738785164084379,-0.2654139960807404,1.5528358237104458,8.365905056067056,0.27620736580977434
5.609391841885839,14.865078474015498,7.447836246038302,2.043367935504457,15.65984134843636,3.084506069904532
7.300692385932644,6.041082424779578,3.110349213143113,17.009426610460668,21.612332821062715,-0.16347402989496757
-0.07623682958625883,-0.3803628923042401,-0.11859429491808315,11.821060926912356,0.3532695240859639,0.8706574190160917
0.7651581084618655,-1.3193072156099728,-0.5875377647068484,9.533353809432935,-1.2313083629377037,-0.31554940535250214
-0.4939292165712029,-2.003878298043314,-0.833692743396478,-2.4616487185522673,-1.0264727089172936,0.530714853167677
5.066158205112409,-1.3505313844345999,-0.5853668519979188,4.469940204956245,7.067240183583537,6.867408479663536
5.3736204095073745,-2.5126108820121185,-1.0920109779048226,25.902923005524237,-1.6532452269397286,-0.24142636383494775
8.584729406218766,-2.488307680538211,-1.045784811471523,-0.6356799177319665,18.749240178518807,-2.1650048432675457
-1.6404874448084916,0.05451327720731669,0.2103829862030583,1.5135645111437328,-6.039504969916027,-0.37255957436233045
7.147003098063874,10.7975769099649,5.604376155264426,8.262972757309411,24.167034524217392,5.499780361545555
-0.5589679094889676,16.923443583687273,8.662576376028436,5.21633920144549,-0.0025816369698341115,6.586792827061132
3.792003004409672,-1.389085995423764,-0.5711958277277009,-0.6764751785476522,2.4006749836070203,20.605431220793836
2.196531123377138,-2.5904858539073388,-1.0727023587124924,14.613552615570542,-2.60093189579929,5.912165044064548
4.220449922588435,10.236947746933602,5.411600689710269,10.692991011663715,27.73881371618219,5.9134159214676165
0.6443354599727696,17.425909743479917,8.67703851305327,5.457941551576177,4.86308902152794,2.9622432729510475
1.5274756402551493,1.9221636359341927,1.1180519572844432,3.472943494036495,2.734908766701242,2.639704342668615
4.706570632627391,11.633876177985824,5.883924321042089,-0.11683817623782528,11.26900389529564,3.4581348439140296
0.16351241718092324,-0.32727548165925535,-0.1644317360556686,-1.6525956422071646,6.342873080589095,7.855474324799909
-1.2236573207803993,2.2446682142581205,1.4571274903813856,4.504380947504419,-3.017292336832,1.2477000093441943
0.8381989557025986,0.95882761988103,0.7279692477540424,1.4526988803440624,-0.8359441784575458,-0.768083956065966
2.3947584542945064,5.622986889123689,2.9882538677383206,-1.9412275422476264,6.5199388587552525,-0.3139883181380595
-1.5570175477657122,-0.3780270046409858,-0.0927893474184442,10.089675588273968,-4.17816406800307,-0.4671062146670794
-0.35454904550315225,2.0663971634886615,1.0332150516050516,-0.8200704846531601,-2.355294152425237,-1.9314566019373691
-1.2166581418098235,-1.177727446918074,-0.48914528510664035,0.2572562086078092,-5.98840489391279,-1.3820974467537777
-1.1103702037009995,-1.204985634170811,-0.6433967898167307,-0.776805672114365,-4.963368905527886,-3.075978468384889
-1.1333698390314948,-0.5657443079893939,-0.2095170215359001,2.752724483192731,-3.4450875570468726,-1.714816339745898
1.5839979107606752,-0.2719637103416318,-0.03110130734453871,-0.6212850179979846,-1.4231565272871252,-1.6642658895756435
0.5715265089858828,0.6085287360973498,0.6529933222300557,-0.2943079856452717,-1.4917378705045106,-1.003215848392953
2.823089525305827,4.74931589262093,2.5660382739702925,-1.164356472566106,17.048802959949416,2.0034286121156066
6.71104057857822,-0.8062697093749395,-0.3378124535706807,-1.3466915477792636,9.765676570653044,-0.6442696430914898
1.5948841798301525,-1.4190899005656823,-0.5746946235070034,4.146345885493877,-1.6639488415386046,-1.4441497655863929
0.3626609416924293,1.9345211610190574,1.2011958884603187,-2.520706090620912,8.997597165254565,1.0396260930522674
0.18920377757354856,-1.531706501407895,-0.7495118321448836,-0.47886476028594327,-2.3046175044105204,-1.1783578105436303
-2.3959571967565214,-1.972540748178779,-0.8655645802211143,11.470209083938862,-7.901458171649452,-1.6865722393382923
-0.5438387756656512,18.239358159465638,9.496600969458393,2.0807964491199407,6.414934410261182,7.213965416949388
-0.08548761916651806,12.401805678019311,6.053924832099831,8.630575536643144,5.022513854677093,2.07938358866609
13.448745302957862,-5.358830861699756,-2.626607956135403,-1.4129490777566636,10.546456204983416,-2.7335720494190374
-0.0283411482885519,5.5853960161200416,3.1711590730073187,3.5738236723422503,8.034894888267361,7.398384694003378
4.876965637826659,1.5456618083309186,0.6096366512221018,6.946607787509904,14.167927033876673,3.0913315591168846
-0.14257273558144945,4.781422196552964,2.6331086214307233,5.8028625155512366,0.3622053516618853,5.4437343510000185
1.028586889326683,-0.7414302028157583,-0.2501997478412502,-2.4419424604661226,1.7520373657187909,-0.8951691165286166
2.1128428244950794,-1.3425348489654985,-0.6344770893865023,3.2312439959194403,-0.8006132968831081,0.2632058572094493
0.8550845627743766,-1.193450546400431,-0.6505445524315531,3.625792552318109,1.3378708322141621,10.42758911126194
-1.0211858241324059,2.5297058709694946,1.6129751015206173,9.12166375429422,-2.096062532351232,2.1416691694996493
-0.6823713303405099,-1.115155416316595,-0.38192524714485315,-1.7152246443109325,-2.551275102198413,-0.8092635885521479
-1.0894948059704255,2.334083582132359,1.3232033732055966,-2.1872072763988184,-2.045714971921123,-1.7344965993337955
2.382090811911714,-3.1945405268454805,-1.5147441558583346,20.82455770779917,-0.3941974486080937,2.317905761900729
-0.6887896202032007,-0.636473054240887,-0.23946255010960169,-0.7937164265264092,-1.290142217758183,5.236693294455742
-0.3440446377525668,-0.34474710764628613,-0.05969127055480017,2.872256300308771,-1.4964891735115031,-0.09523485356498927
3.595822141043171,9.701281227644822,4.219502553851203,11.8385585033496,11.057947832746839,8.592576264150553
5.890621889043223,26.72668230072253,13.155507695548838,2.1363012303550173,25.134722910721667,-0.6321461487575988
-0.13513313154264642,0.611808920356012,1.0894310959674052,9.346752407702075,-0.021023619996037836,7.42136759018159
2.283602227224775,1.1847364774660059,1.625117419028207,-1.0875401171277856,7.523739892415002,5.675638604400438
-0.1144951382668832,5.722887868459034,3.261538354345146,-1.130278431557295,-0.5694519882074142,1.1849568971790188
0.940650356116703,-3.78872524302486,-1.6912344008718478,-0.906860096765816,-3.1926133471114735,-2.532644692155744
0.4996362241215356,-0.47304187156950256,-0.1718876200195402,10.616090447317063,-0.41758862743120484,3.2352736679626783
-0.19682342946645182,-0.5599128082002679,-0.16180076305923993,1.1604142402177215,8.257928220954938,12.896653176424966
-0.02163088314979411,-0.9423522776328602,-0.3931547712652907,-1.1472328402465979,-1.6534531087074187,2.523405386499964
1.2062861345343352,-0.49402411531710877,-0.16438718820766277,-1.523980806560553,0.625959151687368,3.8972570121302024
2.9367840330451322,-1.1119790320298943,-0.5006950990553157,-0.6307797641591022,1.8758685936071013,-1.4395213771796047
4.708658670340702,-1.752844088317263,-0.7727228188448786,-0.7336671749364101,5.30273633663901,-1.556559787562525
-0.2799433446556457,-1.2146356584696,-0.4384774331745127,-3.682202934135404,-3.4507246237457174,-2.006155778530789
0.17696918214500013,-0.027793976933832544,-0.05442096973766173,27.2392820500284,7.905542333423879,10.076429983838308
11.391681575999069,13.955944015995103,7.169487217876935,11.935092619443443,31.459773127146974,3.360429290689118
-1.0043357020263297,-0.4258077940643021,-0.15075737223657226,3.4333140934519655,-2.3063137268677756,2.791310575702119
-0.4853274820772395,-0.690614787192243,-0.23617410022208807,6.7871383448897005,-2.943538425554626,0.03758658168018214
0.6480714714012847,-1.1197141793332335,-0.5812786627814533,-0.0015289961103620133,-2.0407739723823966,-2.5731588479522727
6.868165935016325,-0.5674493141786937,-0.17579853266718246,3.708478450724667,13.544938435950085,8.897742838588295
0.6559530329079328,1.58946378616408,1.070738196435312,-2.3991037744918358,4.847135443819431,1.439572080857678
5.7021674165833955,-1.756470435620398,-0.7020003979102193,6.600604660136278,1.6732698788177487,1.3577649318314
5.83998200737425,1.1619724000529263,0.7633788434369665,2.4620157607713953,13.732665789736824,-1.0211042257475709
-0.6003680840136986,-0.7987833667958222,-0.33714616271407155,0.05113090387896324,-1.058769782003061,-3.3961362591334936
-0.31347501499140495,11.999683252966241,6.0647027818086485,5.803229007692407,12.23390420405281,6.701813629118897
1.9154956168064807,11.462424669298569,6.084197533175081,-0.15543285752824004,5.693710672430398,-1.3413795048674164
0.8577931501272851,-0.37046116764533804,-0.1405317204413728,1.360587740606321,-0.16541971796054378,0.5926176050971071
2.269864435329077,-1.3856342074729437,-0.5531210208145151,-2.8475107502952657,1.731575343177882,-0.14491553366409568
-1.4535751869344196,5.62941686602862,3.0106431608240336,6.476644661687399,-2.3393623313155936,3.6360987894308385
-0.1637188296938694,5.1259733701252355,2.688590942838457,16.623193263904614,1.485082240209196,8.969020663169267
-0.1896296374036946,-2.5135579791204763,-1.124022589429935,-1.1925260181007293,-0.09543061877449824,1.124175533353482
-1.7480799308026442,-0.7335691744125655,-0.2958616897964927,-1.3595813051996668,-2.390194349465849,-1.876417241465603
-0.6429098587198352,0.619887274078149,0.7246922076753499,-0.10150233090883704,4.2024411407889914,7.624283775930722
1.8989149729332908,-1.114681596294653,-0.4777959744052631,6.152830550698918,-1.2690815608046906,-0.7608010352946762
-0.36148673865944714,3.7962142050952683,1.9193239533932394,4.881876849573715,0.6780114028373864,4.568282137670522
12.521948637806428,1.7116487581602797,1.1428657700515226,0.921258858507441,24.733987908329247,1.1951174501689534
-1.4829404392987526,0.9364039241623624,0.48421191778499967,14.311888113872483,-4.824100021001026,-1.0932151832753465
7.3763937159143005,-1.424602472154902,-0.5887169440045547,7.55702007812875,-0.01212520160821924,-2.937083508176679
-0.12285695108521787,-1.8167669501517676,-0.8432495495002039,-1.2212028541227162,-2.8873590605647,-1.618377062399619
3.887048565677034,-1.6935399820291257,-0.7740480200513686,0.003973617754168934,1.101514862750982,-0.2687481204886533
4.172121437206802,0.07115292789537431,-0.04637951224240222,3.3935719129213666,7.239956460335779,1.6485685051879675
10.87177973185914,1.0236682530905759,0.8276415362117848,22.64910442286428,9.306132501894266,-0.37844045504549173
5.216080283781775,0.4613801497756091,0.19615961425842626,2.6377082457566914,-3.449846447348633,-1.8980047041405734
-0.4060043824747922,1.0484619301866132,0.9201559173405109,-2.4272153278594537,-1.5552234970075656,-0.4771960140314896
2.449668057272887,3.0141481014121143,1.766725602084145,6.223839473895733,3.9127823910790056,0.6034113883514154
4.422771662728575,-0.06293210421445115,0.4201486049934446,6.708025266775089,6.091414861202317,2.041821434186068
3.1845761583306036,6.468102117928849,3.6289579521867665,-0.1643467549443427,7.524168669719443,7.242232383187688
2.2238687576208704,32.295625325875505,15.740886963898518,11.96626373677988,16.806990947650025,10.775034151133683
-0.16431977597781044,2.7611724334986887,1.9770460801283036,3.4075255240261795,-0.012837013260326269,-0.33758099712213707
3.617824990248419,12.709771591975146,6.210737229030886,9.7265170552896,15.20000195548886,2.569853372623819
-0.23034528370211751,0.06495699492902673,0.10145476987671709,2.09612241373614,-0.6305088897242297,9.973341775240916
-1.2858208172488959,-1.7454744769927428,-0.7778647713995439,-1.9966946765542772,-0.7046011191369165,-1.5391420662865238
4.028446209259484,-1.2487459677405734,-0.5132726066852171,-0.13435950170238403,8.70446318547278,10.547903534064075
0.9123645709037979,0.36245151200797965,0.36861613655185516,-4.057205937849154,-0.857318554123811,1.1905952056560485
-1.0517793824400399,-0.11783641275440469,-0.05601952529098933,-0.6636041611509923,-1.4374140537132782,-0.7938698708408025
0.40314148721103477,1.8142850278426477,1.4642034212463426,2.654590519619494,1.190960507195289,0.6466748389712521
1.1725798751250849,2.3849877698393622,1.0834299587162488,-2.4781124227983815,-0.569804341488277,-0.9151571033281236
-0.037461115459903875,-1.4337653076913652,-0.4857009459752615,-1.4157246999888313,-1.9502867560427473,-0.31032003649228224
0.8806383353889629,8.134073462556655,4.185839304477494,-0.5771240355964473,6.260745840912015,-0.3691669010166797
2.3169354749228153,1.1537120372575997,0.955419436287761,-1.317608446505664,14.940139553997918,9.010971837463163
-0.911076921459423,-0.5527644170303956,-0.2015566167347923,7.194209974794096,-1.9734394128706048,2.0062766712877957
3.4896461934199348,-0.4589062991128545,-0.2889197274487795,14.414151122107045,16.085148346659786,4.7683418477471236
-0.6521839836336047,-0.5671572007420096,-0.22246458629699617,-1.1813090559083215,-2.7910981094033978,-0.22366344064241714
2.1670424207312493,6.347762278047641,3.772062366791809,10.25393704512542,20.13005819759301,11.544343952861452
-0.6071868258378293,9.908564503848856,4.921744343056606,9.10495047695369,-0.4629246155814111,-0.10236551535781864
18.505772467574683,7.738704065799862,3.703102381806761,14.09386657166531,34.21674593033402,0.8425006276578512
1.3926478205338162,4.473168930509604,2.285342442708398,1.6471617295814678,2.785028876232378,4.75507541978941
-3.5806406888654827,-1.806253524611173,-0.8847669830114526,4.716694394234918,-7.572755049578273,14.822206935376201
-1.9377064162861597,-0.2823414548852317,-0.027564728961228458,2.939849446233815,-0.4196523060261537,11.228416236809423
1.6378329511157057,4.432560581050923,2.456057068644082,-0.07114151627013036,-1.3016241312013526,0.7094764719839599
0.316336129428813,10.812733783781388,5.735300090001812,-0.9282892884812745,11.70802441500464,6.618045382103421
-0.09961972280247121,-1.8649880364434421,-0.7960157485856643,2.1930943046104767,-2.075449435268958,7.6032476985592
-0.35738689163356374,11.796128826054247,6.473339339719376,10.675936824354133,2.1669178492618486,9.691994589470996
8.765897550172634,-0.7227197415659082,-0.3312972354896226,5.590896384017217,0.9365249998541054,-0.4110472175547029
-2.183480204490999,-0.35853408646013557,-0.08793766949986588,3.6268918949320454,-3.635463331276887,2.039522168640242
0.3938430821271289,-0.4369705464116459,-0.11752533427209287,-1.735508590345339,4.146093607678137,14.48688773593244
-0.1463324455625048,1.7931491628485943,0.7191152844064596,-3.0177487946654566,-0.6232753371034999,-1.4635745086037497
2.8209177974855972,5.652335703724194,3.0465397821325757,0.378613046436097,8.47067221665908,3.0765855692195627
5.374680105021765,-1.7486628871624768,-0.851946670637587,-1.3856785465384258,2.8630905175916683,-0.9285676036833372
0.2895246315364926,4.003185611862578,2.116803824339611,-3.216990767757095,5.200670095882485,0.3718501005089661
-0.6412997631522714,8.864153380090523,4.046450081630629,2.607486995682329,-0.438358091320948,-0.07376432941170759
-0.22454188905022213,-4.480467565152418,-2.0425784767142288,-4.583196416750318,-3.627816638628591,-2.514116903206152
-0.1564294030911647,10.467591550006627,5.2707499458015485,21.35892139115226,7.552775032998728,8.190048183846006
1.2365885295212167,-2.6020992278153865,-1.2147518356765579,10.869170044858533,1.0288336829326303,-0.8206934828282378
6.850869177419318,8.824214910512046,4.632058725401654,1.8870234195577356,14.576343315211375,-1.571875093405918
1.2512820129574425,-1.3137133870956874,-0.5581907205043918,14.955197476555645,-0.2291006025437403,6.528093758019761
0.7888006301254944,9.957520568069027,4.4175938375458506,2.1690787093522297,6.815512573832336,0.03603785745831467
-0.07075055249371136,-0.6775246709329812,-0.23015122090614926,-3.320072436422465,-3.9248663902296332,-4.60056819233635
-1.7020447163817072,-0.749511678058406,-0.2774823664324255,2.7082125649279734,-3.5431182202524476,2.338880825439377
-0.9016817970661667,-3.0889369308049166,-1.4134847549448155,1.675566653146909,-6.574841928811203,-3.5831586233242896
2.695875245617557,12.240934078921406,6.482827356552988,7.72481954740609,0.7450341139259022,2.8867726712636674
0.7556086250753385,2.7590118540620403,1.878763797280024,-1.7854639823444012,3.289118659937683,1.571674171166364
-0.6879784476149786,11.910272804339007,6.071109972875795,-0.1807293160638055,3.7818768053623515,2.2790269979596527
12.449641470986696,4.807553066071467,2.7092577713098813,15.580737129091624,25.893991714204628,7.749031716564259
-0.27361013967468534,3.666900207053684,1.9655141406209182,5.845265403413635,5.202030892328919,2.7982942973328866
1.4960757346869662,9.168421350816914,3.58866087108949,9.949004729640857,8.249170520444917,10.407660567447099
-0.8899125665238498,-2.0671182885568857,-0.9321708559176751,14.736540736894108,-2.9868355814370484,-0.008948544605406795
4.602991118789233,-0.24379283478945038,-0.08602710304146388,-0.14174565525247634,1.0846295821674534,-2.1357993414561345
-0.5061606363051085,0.9751252848765188,0.5523310788991918,13.38027505791645,-1.1847500580094736,-0.9798554916643571
2.5037778795733043,3.0659967551908394,1.7180060490576496,2.059294553099509,2.2241737036473084,-1.1780031579709052
8.434676955459611,2.224846486207448,1.4720197049743904,7.036795593098201,19.766184102174496,2.288217127717969
-0.5131745804112587,-2.0680605660823708,-0.7794659139264841,-0.7284574356715068,-4.202792046261361,-0.2481636664437653
-0.0026235191640302524,0.24034762735066095,0.09770497615274526,-4.2141667343440306,1.4408716144191085,3.0364717300417965
1.3955851631431244,22.776605498377677,11.346516062936395,20.25174732818768,11.315249336026374,11.790970868762058
-0.033639978471497314,-1.0487345663270908,-0.46247450086716846,-1.0340684963695648,-0.7350268521938986,-0.09924887100420438
0.7714643338745737,7.419258311735697,4.02962327438464,7.809108132846732,8.429371438156265,2.3102779962713997
7.537366618243049,-0.12545632467161724,-0.06706336781641002,-3.07976211530444,15.19811757098134,-1.3371666882323963
-0.3638897458329598,-0.7482860628527609,-0.28219518357292567,23.644025296933208,-2.6700405362697848,4.092054731590022
3.6854050050086595,-0.28560611057849855,-0.01477701121160473,-1.3239255212394707,13.474153914665527,-1.6064342872960506
8.240425980110873,-0.3675284152168774,-0.148996037395121,-0.9159416028009393,-0.07585930952817133,-1.0072512974994392
3.6719751437722508,-0.3770047375709014,-0.1016864219318908,3.5709986612072084,7.262077563249001,-1.0942048087091596
9.572518083732836,-7.886422773236754,-3.72030159639981,-2.661053034222772,-0.8901805473624583,-3.805009771955179
-1.653203887337822,-0.39191997249943533,-0.14759549865614013,1.1536473843021708,-3.989249504251685,-0.18439641186769098
-1.8887199721200707,-0.32947211889804884,-0.0670947369465391,0.5665373924714873,-6.314705046904765,-0.9459425722667838
0.7462513662446647,5.567132847506253,3.3560764392026785,7.072189427543459,9.88704211724372,6.3256659250390115
2.646530884176392,2.5263030401971327,1.3639070694599544,3.9776202353682795,7.142431549256117,0.9319012802866538
3.8742874893354555,0.9386528293416452,0.871325922394622,8.278198303888411,15.426646151796641,5.526488231915676
3.2712986554728234,10.033623070926389,5.134621469586759,6.682351956156424,7.189837600961695,5.077863293586993
0.949987155851859,-0.5644809358977039,-0.2028396134992303,11.531547924965253,4.559497360655122,-0.26344447485323425
-0.5923130213392537,-4.355923191967841,-1.9354838234149605,-1.6233204342663385,-2.938523989550518,-2.473736421591955
-0.5751604861164206,1.754352931418869,0.45851858475658586,1.533784672910194,-0.9880331280609375,4.756810066634374
6.570693633842089,-0.03794415191675907,-0.026147771583080882,1.0487486098494365,7.112934256769326,-0.27035562391525175
-0.11998959254874193,1.8125270669812181,1.3196857170080216,0.3981708939842627,2.3434795435038622,5.216199947371227
3.4629195810553233,9.005177007480816,5.396731805255099,-2.404233456154274,6.062601884133674,-0.479753500700253
10.352839691129006,17.36889795104689,8.271304706280194,31.422597091156657,35.38425914391648,12.013777318405086
27.438191591634382,19.328085545394238,8.856488859069714,-3.3976136867722477,63.429036099305854,12.754050024045359
2.8075247439704984,16.330695518385077,7.90580488439233,12.246937051294758,5.836782430137533,3.74912945643306
9.600273347576561,1.035787056055797,0.1435800074811795,-0.9066490827253365,14.66430454725639,-0.15430200895487844
-1.1216375451935636,-0.6263620734007754,-0.221006641384744,-4.8305196210359185,-3.962226908822567,-1.8692228545221188
2.3006888290189833,9.664276307641556,4.621385879913056,2.7040450290360667,16.14441462069641,12.7611328144629
-0.36604857175343014,-0.6122878545368922,-0.3920836386130769,0.21073782786004314,1.664986907352044,2.4294918362491087
4.3657624781374,2.6636524623598667,1.5022677435187837,4.3073970438531175,13.277381219259016,5.287154427187595
-0.4092458385170538,2.7059282353378884,1.6121908287157674,-0.5398640844807238,-1.2998230025796493,-1.089901446900323
7.3345543321132,-0.690307732169998,-0.24411969601572805,-1.155326261704279,15.333016449933421,-0.10350130268077509
4.467367840839288,-0.6098977339965517,-0.22542119330921517,3.637130577236112,7.580788728941638,1.6561723068012053
-0.30660284059010284,-1.619937331820588,-0.7193209003356995,-2.397467623447044,-1.7097462325040444,0.11995933157373218
-1.4832135052234499,0.9627499255188121,0.9362904659358537,2.543972558323505,-2.976030689425225,0.23760141313398142
0.21575227422808296,0.13256883647540574,-0.01754488356818018,13.257011728833678,-1.378055308710724,-0.8972955142178773
6.237720008023025,8.245762503544046,4.429334928525655,7.195341192269999,1.7391115356679374,-0.7736060498142788
3.891801818833766,-0.6253904855212354,-0.19206101208618495,-1.4869937020903385,2.1317081749057096,-0.395442382000086
-0.25152378976856127,-0.6190353102861432,-0.3239054262497188,-0.5118733255672325,-0.22703054115748947,3.0766271794134363
9.669929634822738,-1.6948246182045474,-0.7339368094839062,-1.1151401497101687,9.701497500088264,-0.6901716187266983
-0.17219115304078778,-0.42394466279133197,-0.06194356026119663,-1.0408588695609395,-1.730909348198313,-1.3569388446728148
0.14963729958472616,7.521932248522619,3.91707732678189,0.6634721899373708,3.021111940923158,-1.856480897948076
3.9921826588679465,7.058620462084567,4.487729080249349,-0.21166842248062145,15.059982506278171,0.9213533937877407
3.0563532265638083,6.49436884163826,3.3829214131858674,1.1150500221805904,5.627166296527346,-0.13715195120432874
-1.8480561366641943,-1.897908571268227,-0.8860865369577571,21.79217313236522,-10.374714687279656,-3.344142777320519
0.6712806526064238,10.258045531852165,5.421992809017615,13.930870348659544,13.283860192300232,7.9839013334459
4.642394248582527,-3.9016504013202096,-1.8146182788328056,-2.5082743640347434,4.746882356821812,-0.6990224217316213
0.5893193277620435,-0.01488816799146886,0.3761556801890438,10.288240668158222,-1.4684907644414054,-1.6159437159324175
2.7796101830601296,7.325922413489287,3.8579847326065395,-0.2500806282884864,12.809410089444842,4.067265557091116
-2.385611971495332,-0.5382500532188949,-0.14293485806484604,9.57747283923214,-5.5535580488468215,1.0342976287753047
-0.22691166242062663,4.69315392164274,3.072641264077728,-0.14697655627174475,1.493862860766325,5.622946456307856
-0.35422127180736646,14.357811044983169,7.237567796152289,4.7003971908396975,-0.8817151373940382,15.646257574182426
-0.06556967077550305,-0.8685805111364373,-0.34042108619806166,-1.5547622286011666,-1.0360326460972415,-0.7405284980619792
-0.3003367883105297,-0.7457307348286141,-0.3078639776834831,4.38940443280928,-3.2024238735668904,-0.639969500362576
0.9174166391548405,11.994377478325747,6.328061279384473,1.3572509655043095,9.573111211435632,4.172268537889528
7.174260341117028,-0.6285028101827244,-0.2354608621566337,5.4038748986575875,2.8694229910044453,0.13324911237100734
-1.3419123842053657,-0.5114680254825708,-0.1051519248090826,9.739690157482238,-5.172011434504997,-0.9156825577216658
10.28999457693474,7.82050769321447,4.164897660155074,-0.15061491155505463,25.941278859314277,2.418827621058071
2.0416685850836434,16.64074992101063,8.201620726913985,-0.8255129689619308,7.772975382249526,3.2445070472673176
5.932163025405868,19.0263103675599,9.910854261944715,-1.1258233246580793,18.15181086497693,9.368848574790102
0.6939241551925982,22.187019517416942,10.380049151085938,6.2908007366662195,12.552467219044502,14.62325953747369
-0.3392478975259817,-1.451502853715035,-0.554400004948064,-1.1237296926844647,8.417471560447915,4.1858084692503645
-1.0466052818394258,-0.6404611024602067,-0.22465185371738114,-0.49908423467987895,-4.020063572040943,-1.133424613509734
-0.2614946515922801,8.030907425042917,3.622162853458555,23.05698669728022,8.615085166517382,11.637058779611417
-0.2745017755450634,6.7073360225303,4.097536635931846,14.877252293308109,8.615270162706311,14.05338747321072
0.09875651571486166,-0.2172881583929625,0.32139024649428544,-2.647545700270899,-2.366934671714947,-0.45659218281645997
0.6097055150861626,6.403386303744498,3.426870865809077,-0.005301978288894005,5.074662087676513,2.289973834595287
0.7136047760031121,6.88704978715471,3.304500468561842,28.622301781454976,-0.624466899010059,8.664387153895978
0.225181795039062,-1.0407623513607918,-0.5599878903799002,10.566796799264488,-0.3386017010057056,4.498486093476344
-0.4675623134843283,1.0271678490449248,0.8255553150652937,-0.9349588014588615,-1.2469205954575753,-0.23446153500812597
-0.17782348126748287,3.4882552430201206,1.2546955315136032,21.225623423908473,3.6594315399138204,-0.07010566475109532
3.9638064535748327,-0.853898587782529,-0.32169757270358956,10.210299662424362,-0.6903135604646073,-1.048496159776876
0.5375655162503592,4.196262975388301,2.4297345860010204,11.281900274812006,3.2183270337040972,1.730233624139559
7.20621925576496,5.009931550935802,2.823950026694616,4.4024216926801225,10.384979341529187,1.3822281231052314
1.046199749257249,-0.7154261870089765,-0.1277855000040125,35.84897930308605,7.121093573766176,-0.6564837893763369
1.189563160850792,15.231135269935695,7.391862197831544,-0.6648186039064774,11.541925012507662,5.896960866204395
-0.5150464893927561,4.69248751312499,2.5676382323765123,3.0565040423495278,3.245397662784673,3.8811804373398617
-0.1631355164021236,6.618199159131132,3.3295715834914663,4.699606085298622,-0.5519873197041223,-0.8956626921009887
1.1187986986668306,5.096493948303507,2.564116472017682,27.418238270878906,0.796689193418472,6.523706693707696
-0.09735151926586086,-1.128022479209821,-0.46352122461323914,-1.5633470192256353,-0.752635443142615,-0.6711146191762254
1.224747740996671,-3.06062229192339,-1.3171233242678686,-0.17351498462721338,-1.3225169191115167,-0.4520036239534626
-0.5099329048188782,12.635546893429503,6.216750890202703,15.454751846493254,-0.5781533690358553,14.196308004279269
0.47195264438023765,3.680975915879088,1.8371942939586692,5.180110787740111,-1.0103436911257944,-0.672153539064357
2.299759790740182,1.979109409875747,1.142895140032412,-1.810095031315087,1.8611913329473517,0.24120939613693482
4.953968488102877,11.50299895218184,5.361814141348816,5.146428385380681,22.46253769175587,15.263245524210275
0.7510869707791076,11.607091281823115,6.328188389423175,-0.06548154061270109,15.1804628086137,1.193970694353406
-0.12163515250906981,-7.275441769261026,-3.4019380520825027,-3.0548633930743563,-4.851057133954346,-5.006919356295761
7.239559381437653,-1.457394428455533,-0.6278623902433076,2.7193037831718256,3.026454777099659,-1.5776836156054461
-0.33878135291541916,7.43470118154319,3.6148932233717557,-1.225238474709095,2.8842010326644383,8.028914959510997
0.4115243733819712,12.697724380593439,6.294186124335075,9.735325230543262,11.551172771680637,14.958802163145997
5.506307403972367,3.6146565365262058,2.009649804509402,20.962572737783873,4.849564451515318,3.10478827674671
4.002285876126734,0.9112709824848928,0.7494561928426532,-0.006752895911150181,2.0282515002254997,0.3864098285798697
-1.482621716098464,2.5558613918184965,1.6749880557910477,3.744317759759822,-2.33593632999027,6.64459390284578
-0.02146083198485831,2.1376217760091154,1.3099610983317298,16.84300255186131,-0.48479551979803326,7.967555593342184
2.251822562945131,3.366683859050369,1.638845711023745,-0.42288054677807524,7.866400674188197,-0.40933359455726
13.895818873617085,6.9384245038038115,3.6384969947316077,4.186285359165024,25.892385159920494,-1.634056733578685
-1.0573078803179718,12.384462256791746,6.043026064015594,7.548228500736351,-0.4552321201894328,1.2276320179273272
-0.12239393496136915,2.1020355097315235,1.2957273912220335,-2.4694137382720682,8.428143391749217,7.796545360514965
7.225406614328487,-2.4944198431556277,-1.1901278153871584,3.2512649317511446,7.837891915185404,-0.6068531941918289
1.1947614049817419,-2.765327244456813,-1.2231629643432116,-2.7375832524922035,-0.7635205280518191,-0.7962384893649104
-0.1613740028009994,8.507570563690406,4.368895552236987,-0.32747367629426366,1.014211823041295,2.647126019575011
-0.045116047341349885,-0.40133118367241727,-0.12784821755495415,-0.026135125589905606,-1.7011751665850108,-0.5135838991324709
-0.33813195634757737,-0.46076176818212194,-0.13972309327046192,2.03615291267956,-1.8672417198217692,-1.5516630186713112
-0.015720546515327373,-4.406884037323585,-2.0005167512111828,-4.476303959765018,-4.544462326182392,-2.280789937321559
4.689925518800094,6.900235814714854,3.5663416762351656,11.40714427857407,9.121019877141155,7.356776689128931
-0.28638598537112453,1.7966553861199461,0.7227205886733808,-0.8560615693107234,-1.8887038974022148,0.8054243105060244
-0.17661105483271256,2.4896176521149025,2.1495833184132653,14.255796113741688,1.8034786156983191,3.2801696890744942
3.2164945830337777,-0.033224585031715194,0.27047039204356227,0.07713510207719754,2.441125692321693,1.9345637270667897
0.023365717211495385,-1.3354111014307817,-0.5889398050038858,-0.0005557254909259291,0.5950541323732742,-0.2731946316761279
0.9245917624210299,2.3913948615016296,1.9434304298837417,5.4837933813139434,7.339991091769958,2.5935886886060677
0.8945065938229231,6.395355499398157,3.27505966035054,16.52106241459066,1.7184275986829975,6.145638610462981
0.8774371274069441,-0.347580296081967,-0.13562697298270696,-1.9219488359610286,-0.22177726122772948,4.357415503282955
3.0834023401069706,-0.6751437115792258,-0.27083301241790336,-3.797381326773557,-0.01643386546745238,-1.812560791282168
-1.3665709130888932,24.157043309397643,11.287997228405002,-0.32515790976352077,-0.8973072893556955,6.189546521481831
1.4427422480264984,1.3264051640871644,1.0084369565278726,9.358692223052731,-0.20025420894009216,-0.21918254910852344
-0.9879138465944328,2.3868836131056046,1.2866014590970882,30.944975979894128,-2.714334901931403,1.7750257419121866
-0.8817670171484594,-1.1361834102158586,-0.5471077351639229,-0.11597270427070581,-1.4708855339297893,-0.4336599435719764
0.8187371506012538,13.17570280602226,6.27111712377456,9.813558501322285,-0.14552222186032318,4.868709910372203
-0.4757799308663868,-2.4429253082021383,-1.1108794575723526,-0.8001942297584963,-3.3156497025262897,-1.661956048047324
11.31871404135096,0.23609731424211772,0.4257279990740865,9.384018271359363,22.295880764834827,2.078840477834712
0.4750947552760958,7.739820999546121,4.0693806274189015,0.956876039201883,-0.1736244654713751,-0.7908793936174677
-0.4678439985011693,13.94031503256096,6.867869037041427,17.908330580699698,-0.310260332289516,7.2187636563276145
10.038290008269618,-0.803688005945757,-0.3506534404924603,14.382342935744047,12.402574023368278,-0.47970094839304966
-0.6604446319088191,10.939263525184364,5.704618290960988,9.116573186413559,-0.1801762154090828,3.4899811387370923
-0.5325371792588722,-0.21877424335883974,-0.05077639402140693,-2.206766438049254,-2.7849101538213423,-2.8066457372850233
10.693695642484109,8.53931786582269,4.275065709088061,6.201740107674759,31.117387040098823,24.81024985433252
2.7089725392069943,-1.4584990389693449,-0.6131935092132181,-2.678140895146308,-2.3353381817828387,-1.1996297880663451
-0.40861759297688177,-0.3297808134084738,-0.1049244867749064,4.7940816043949805,-1.4601994490861259,-2.925585843597005
2.9918013858492305,-1.2228075807879109,-0.4694911516954732,-3.1975406320826973,-0.17498998056852727,-0.4639324070348323
-1.757999457627702,4.214573930676743,2.5099593899735844,0.5951097962943106,-3.491139001296484,-0.3757235471043743
-0.06482482000518397,1.7286979338331139,1.1777981069475045,-5.391516686288801,10.831892494566741,8.543284690888168
4.897520502067535,3.9478488375217395,2.2168151235831437,-0.11288227275968202,6.412564151442362,1.0118017266512012
4.639761139646009,3.9463623329379764,2.079217042015398,7.496977392964531,10.8591758965334,-0.6688706526101864
-0.49042069104706965,23.952698801352525,11.769758742904063,17.907579384750775,6.626427018566083,7.906669149129586
-3.218677971943936,-1.5216261996818798,-0.7657988860334245,-1.0705449420278366,-7.6199864204048,-0.7699395562134783
-0.22086495783402432,5.265598560842479,3.101619873813313,11.4003899798045,0.6898042601349808,4.080898792793198
-0.2874277146445456,2.520917602808965,1.4998229499882885,-0.6454216516952647,-1.631126073558093,-0.315065516913553
7.5686693563062315,3.160088272643028,1.9103871666682852,1.1893988762033836,19.489365617751982,8.241423223714035
1.903065040465067,-0.09133543533286924,-0.012148002325415554,0.13405185201423797,5.701918815077829,0.36156173766665656
-0.09626910561210936,0.20566346996299845,0.4487765639778465,8.7451716347701,1.059049379794478,5.603897189966659
-0.2208907317886225,-0.6068269790658105,-0.2582558364381602,18.185744541351706,-2.4907540299873867,0.7349757211620355
3.4834964820265286,-1.1607167179393683,-0.48050999811237455,-4.288352432580333,0.32763904149510603,0.6551095109689093
-0.09973947839968789,7.194487841798844,3.927337994347617,6.812220866507148,-3.0616396895375546,1.7533671678508034
-0.7959272371375452,0.7531070350506857,0.32524337020978306,-0.28446842122120575,-2.24870911278283,-0.326827724986384
3.323127883870286,9.558707893837948,4.717429980096358,-0.3867256463560596,9.57105988147524,11.73942730483557
-0.3911212257718503,-1.1231902466352546,-0.5734057009387782,-0.6613517383983251,-1.0061719714375517,-0.24421455248357835
0.5399394356475404,-1.5424366626135644,-0.6749472978468539,-0.3786776882847136,-1.259338372932209,2.669364103875862
12.759348222184368,21.369624121466362,11.054162834384313,8.634930222817012,29.279865542829075,3.0651857418646964
3.554177897682078,1.2741832348123594,0.9474633518929092,-1.517262156339685,6.230618624218734,24.34782457663374
-1.7663619202284253,17.438324502911364,8.76335529337057,16.777029375953468,-1.3268286405445608,9.586471629812278
3.9276025688187097,-0.1151885511560147,-0.000724547892107652,-0.9405628739567606,1.4857629845903906,-0.6116446435596403
-1.112606922057553,5.5482436843234275,2.9861551807018603,-4.253228628612866,-3.6898628405136513,-1.8171702973127901
0.06981778094964564,4.3334352636806095,2.04128538982946,2.4343529375688724,3.1558136326860247,3.381287936517129
5.159153861130321,1.9617606555180616,0.94770428333923,35.8915459246326,12.408551322939333,7.159351352247756
5.318926489374569,0.6346765923195954,0.4643584932804059,2.791188804435646,12.044568160273437,6.603496129131661
-0.08769293750500316,-0.9339349746789973,-0.1768977682468151,4.088203342807318,-1.4160869969569199,-0.2987615229050625
-0.30277459907214915,-0.5133420964477251,-0.21240865904750558,-1.846488038022908,-1.2922135619222583,1.3168160542833445
13.657168816679935,-4.791213558127676,-2.0858123110520563,-2.071009535647997,17.04991329472307,-1.7776055779152804
0.7644589783085854,-0.24920145033743585,-0.143888828051383,-1.1586787815041801,-0.6888394307566584,13.055028537554193
5.934683657245475,5.4864505405383435,2.951194345101296,18.887265327173452,16.93579624760132,6.228107198432441
1.1927085126445363,20.53658851829142,10.12487639484722,-0.13284229388362365,27.106991512259384,15.303219165774252
0.1532032626110662,1.4209237160296762,0.7662033462018192,10.492750292371783,9.982301795913905,15.418002236030858
6.498376962860922,2.8629145233871345,2.176264629175003,7.423336440789203,14.386991435939825,4.7724543324487145
-2.2677373865042583,-1.9339508362464244,-0.8317065169674559,0.6752014018209029,-5.829247213690163,-0.4479921772541932
-0.6320250881123087,0.7849090394994058,0.6582918425728288,5.974279033104613,0.40533522576478875,10.636529325459737
-0.45612604527477957,0.11956756195865353,-0.03685152035545132,-3.2734308613436784,2.7323458363575495,-0.6475916492116778
-0.1961780730738849,-2.0086646445267244,-0.8930285300222707,-0.715531099220663,-3.889980500221688,-1.4632733028678486
-0.10847916039046895,-0.19814873571070074,-0.02958863628417867,3.060407505662435,-0.701279298401974,7.515419345584171
4.800193342838982,11.54094888907195,6.194251084000631,9.97379320651365,5.464777204539101,8.26740701074688
-0.5922315584822773,1.8148477867207888,0.8811382004514692,4.380280361368922,-1.0365030651524827,3.396476987886616
-1.2823346535168023,1.146347930009035,0.5443129269361627,8.98128669562291,-3.6214563208903368,-1.3868809970025304
-0.8135896077368964,-1.5821058326159996,-0.6174026205447651,0.35206166371249104,-2.355358532977977,-0.4188576646630988
1.7788359934358609,-0.3775173173901263,-0.14016261505893618,-1.281170718614949,2.355384235699596,-0.4530185853879276
2.33983692206228,5.811357084662404,3.4301969838422064,14.47013602295726,11.529122477250143,14.5358972010492
-0.49349366107244497,3.8745970375018164,2.1509405910027706,-2.2188789627589602,-2.424932137247565,1.0467571290130844
-0.17941707633154574,-0.11815740624168154,0.08884834456769697,-0.05273834550689993,-0.9887084853727267,-0.7342819393396571
-1.6608441188046168,-0.8876815073304526,-0.3397431795315547,-2.3035427573248355,-5.139371467832724,-0.879070899728572
-0.744442887861906,-0.09650401580102844,0.015216942274814405,-1.8893781483305094,13.303645785015952,9.847872288251033
-1.049183849116808,-0.4232029446772253,-0.19277962944927451,23.209404843649633,-1.81800220172333,7.4686618171616255
5.491488603112537,-6.880642646413853,-3.18954496504283,-5.787883431044495,-0.8204466689787253,-3.6491367440282
21.884490945216314,2.8846628871455553,1.2198095729734129,-0.5143504370793993,46.188271581717174,5.704336042476222
0.1374885722182947,-0.1506448051156672,-0.04399195377757801,5.822786837266142,-0.8573516880137442,0.22847841136603997
0.024084881120439938,-0.5270922370232015,-0.1719839480536036,7.427524851894378,-0.13477805763462533,0.30631841824572387
12.814411350407727,0.13505381218230678,-0.11784303157658896,-4.358940189164694,25.43738523563259,-0.8105585018081541
7.145596685836024,7.319845849552653,3.8548813143348895,5.233033326793092,11.735246570824495,-0.0646551226772043
9.407660994207149,13.848587990027298,6.170636202068439,4.740884133511865,22.366611900310808,3.467283864435844
-0.10049663542623383,-0.48158085325787064,-0.2157940332028194,-0.5423161667158045,-0.36169215321342457,-0.8964089727348565
-0.2820683236694694,0.6396330064523474,0.4216385033932458,-0.18531657865678353,-1.0498061927793034,-1.342914298018065
-1.3084295177800056,-0.006810883167036819,0.14877551851722454,-1.620238951644707,-2.503973758948471,-2.619071296699555
-0.046047608712662384,-3.1803065027776496,-1.382253699632317,6.741042303589246,-4.419157884133909,-1.2392654358917286
0.00044110272376862714,-2.5302669840707863,-1.1184712587244834,-0.7297690457575166,-3.8289159937942636,-0.48853862771402085
-0.2571063550847074,-0.6758132106302791,-0.2675006159335744,-3.0432859591576062,-0.21149395953395755,-0.6402059272496985
0.8370615916382832,-0.6617298865853529,-0.19983708578031056,-0.3899641359766411,-0.5500387050880384,-0.5476514661477445
0.5170777667676206,-0.5820282735118992,-0.10956108532187647,4.112415523381036,-1.5451938277976769,-0.07665895064234243
0.5117994563034571,5.272107626380928,2.6068046543822194,10.300833049167009,6.67476533075118,1.201921820373851
6.507508906067152,2.4964214300725676,2.0760471541763232,11.51256952424755,10.81762664797779,-0.3373087727054518
-1.0162403582143655,-0.049725442489026064,0.2393071173246757,10.09195475707283,-1.7067799253012117,3.6579700275419738
-0.343850019259838,-1.0162886623231133,-0.3758503836504469,0.5032244284259564,-0.9783738558738149,0.0434676167840129
2.8419144606256967,3.849153295664521,1.824789014176314,8.29086582538602,2.786938038647178,1.166307576233481
-0.9756838892942246,15.01932013670312,7.403275782279581,15.089416850364595,4.665884417821822,9.903414130148853
7.426985401222244,15.65316303231109,8.32620512017364,13.920789683696828,18.057570467167867,9.509047454230673
5.2738636432149715,-0.42529278436392337,-0.14628287006465693,-1.2474302602143503,12.27484527907821,2.1364429090729766
-0.3759131878845663,-1.0294048560106024,-0.4824896598441794,20.54929148517157,-1.6879668016378908,0.8732196970686079
0.8990212716488049,0.563590919924219,0.8047195777328928,-1.2623901544612839,0.8786511556122946,-1.1878953058534556
0.22044089848109005,3.8545484339125218,2.1167771155009625,4.0914358681110405,-1.431221021205844,-0.20183801990893135
-0.7955644687926915,-0.16174301181834985,-0.01048556600886006,2.455327178467253,-3.941087843323075,-0.28838275896742604
-1.710869864656903,4.715750979719703,2.830450978470955,0.6145172281561491,-2.696598296689744,0.2783701067415649
6.730713439727411,4.031203072951716,2.473816542789772,2.092716302460225,13.20753067232783,0.10011882376282155
-0.4201457589521875,7.873600744886794,3.870159410274464,5.235376173363447,0.9396083637014012,7.700742569967811
2.9714826340442864,-0.13702127455475427,0.07353464966932655,-1.7606339658455274,11.033919368059774,1.6284610529950345
-0.26746755496662267,-1.7235964183923245,-0.7885231340186412,-1.089158953118704,-1.6940249767833089,0.24335804116526993
1.5281007431283016,-2.346429886685188,-1.0778728201067203,-0.21868397341877222,-2.8449299845715235,-1.6124340921653695
4.2310544882799395,-0.1429306770973734,0.08217471182488734,8.438787935504266,10.876901852031722,-0.6548728774339475
3.4384261139322723,0.5488735975535118,0.3036121549353574,-1.1933263512642973,7.107377386374345,-0.7820813853895194
6.087991302971041,-0.47088101867222715,-0.10303929303994296,0.6010161831123048,0.3772189935202211,3.1264628419609846
-0.006984539557085823,15.671990963373219,7.567128827375202,-0.8396612358310489,14.602474637772707,1.7360878803905737
0.028979493856029048,3.3405482604815595,2.2081538888986367,-5.59262666328322,-0.4630801657952421,-1.1349719620602663
1.6512477596376942,2.5554977008367206,1.5496770646382014,-1.3841984471914364,5.3292289007324145,0.8341302191201335
1.0564335362177102,2.663296508774871,1.228513976172149,9.37174781477844,1.4844841264346615,-0.9409759141096414
1.2040112197062949,-0.2532732565625058,-0.17086749647584512,21.42304652444389,1.0874779777375094,12.12522981927403
1.1575998114724317,4.979910552416862,2.5953132883706216,2.6149833063274928,4.998385297733155,11.439584788914402
-2.0845711263078375,5.351274679147559,2.7297429476322996,1.9394435549362607,-2.3247673264200013,-0.0654592620858824
8.582675624917089,7.944357412419076,4.313104359951879,3.3132949705874974,35.293631533317395,19.630679997456078
-0.03887098989609761,6.3621642276496795,3.4389813586540674,5.624554702956084,-0.7513897046355057,-0.12735476310054183
0.24826847166123578,2.2013132842707424,1.6921269601433675,0.36468273954354224,-0.40804946909602163,-1.1327560844976496
1.967193857478119,9.874347041570879,5.211722574155554,30.975202031770717,-0.7745417250964981,5.4849736406085725
1.8125400507449494,-2.1548883030638426,-0.9411474762632696,-0.3167652143024116,0.42573373681307847,-1.300177953167732
-0.03677414626611271,10.32775738090874,5.286833050073002,-0.8777069540376821,14.900059000191154,11.349084972251072
2.3663444982995294,-1.0888614560580725,-0.3963391823447026,-1.4110218214055694,-0.321136008828531,8.770217700267159
-2.877369625403977,-3.6172397342589435,-1.6589206911926742,3.612318831890028,-7.0935505207551985,-2.043593349539282
1.952665698658251,-2.4603660046566413,-1.1121978201321807,1.3343478183897668,-0.6879994543480326,-1.1847977528081006
-1.2327042739439333,-2.957488573163656,-1.4057067434664825,-0.8043866982135676,-3.2914781835212232,-0.2567356860955854
19.89225459797184,13.28441609452501,6.819773870071388,24.678001286260375,43.453570033667575,7.599928596535841
-0.7205412294850236,-2.1616720774943237,-0.8335017957574232,8.60763421488277,7.48727096313228,17.819951324803185
2.0014584281192747,-1.4720422699138374,-0.6471714405695993,2.2734178601547503,-0.39730754883246205,-0.6244856118840559
-0.8534519697394359,-0.6642744909679361,-0.2531437302599377,8.329881502606161,-3.1100887830985893,0.10597405192489406
-0.7603581744727743,13.890306848572797,6.861344196871662,-0.13153958638747368,-0.927143259012259,0.18889837248817898
1.0170832429678476,6.4123355756063605,3.5101472082868614,5.009277679895854,0.4346467179461389,6.015638445381489
4.880474871146514,3.7522277061359697,1.3524300512755407,-1.0085726342175287,7.961460858388427,0.9305568707792113
-2.7734370898399727,-2.078149558203339,-0.9053622061036188,-3.7714142818409857,-6.612073710037042,-0.2650743555223344
-1.934186322821967,-1.417330734314788,-0.624232804339717,3.2689141301541884,-4.384536360002025,-1.4727621068205337
2.046307580439221,-0.08979399600061695,-0.05882197579823423,-0.6230835611755258,-0.1306029874191513,10.667837220850462
0.5732387908569038,1.0154068387045365,0.8245997254667664,0.2625058293883088,6.683042736213135,0.021530344077913766
-0.27369884803616035,-0.6309228578537701,-0.18617705791819886,1.9984609771174147,-1.2486731345817905,3.8216910354351885
8.75305747843084,9.216980809670817,5.035989538256804,8.0307336304471,23.07127566213419,4.602041370127686
7.1506156842224415,-1.2703225242885106,-0.41434532137176705,-1.0990144427857669,-3.9426156120420752,-4.330102220703856
3.490392059882187,-1.5717397682701426,-0.6902477930918242,-0.42509124727275704,-0.16294435981999478,-0.807010765446663
1.8037788916297308,-1.1042401366433223,-0.37407562328542865,-1.8157118045356342,-0.4514372324006626,-0.2223291651397705
0.7336921872297827,1.7605131217376386,1.0308616515528748,3.7007225376656754,-1.283492549106499,7.571559436760876
-2.9668669509319443,-0.7598972818783869,-0.32409833988189835,-2.8761603509347378,-5.595693775995123,-1.068277232156094
0.280547058105809,16.99262326874858,8.286321690628714,11.358425777918198,2.20665801478637,5.7183335608669985
5.230327490244293,-1.044243639534517,-0.44360227370470295,16.342248319114624,2.666575318759622,0.4576009720050184
-0.3747901885012654,-0.5184887359619792,-0.34903904597908336,-0.6716031668745132,-1.8425901608467095,-1.275557953769059
4.714955285360209,-0.9644826951686517,-0.4534951417488395,-0.7372399452151213,0.47549031618760873,7.514878133239709
6.307016751920199,10.70912093082091,5.730414176527301,4.256646629818956,15.025799648159218,-0.3437744502053183
-2.339097140975924,5.0421447982946646,2.5688888743420044,26.428213822356092,-5.122572809191357,6.672121209001116
3.0615444155759546,-0.06820965123621195,0.15930657654102742,-2.8684712136825894,7.067311655293449,1.2224944578530932
-2.5762371467115432,0.8274374776228032,0.8320863117186833,-0.1773264905230399,-4.942604542882776,-0.11774513716641649
3.0603935508831803,-1.0565790273134266,-0.40769637726374497,3.3427652387117988,14.037717225834788,6.824877636479523
18.207258433387548,5.682967957451325,3.2918815955585137,-0.3203198261028315,37.231095494384846,-0.11731888031241007
1.041670571004608,6.720164331414177,3.7968211883426046,-2.2460641536075054,5.395229958679352,6.846471460934545
0.845052279578345,9.492911255339175,5.202625557681148,-2.9434530640905012,8.042958589184783,-1.157135255748166
-0.995705579776764,14.178757701831291,7.027645002894611,8.47371345983875,-1.999608953862644,-3.8632773162288725
1.008425346517939,-0.5100451972467455,-0.2066132463256501,-3.600325216484665,0.022595508028339206,-1.5813540264039487
2.1737677333514744,4.273719378800091,2.3860482840553194,4.5669404497196275,12.088990285916196,9.463735539108363
1.5936889684065711,2.64295677799887,1.651542815751756,15.364623539109818,0.0213845485778279,-0.4792293649895847
6.479868067110094,-1.4476839386594054,-0.6249528795736536,-2.4721899848195514,4.780829962819873,-2.552468962343381
-0.11801780022230735,-0.7888041837571963,-0.4160245827526994,1.583814457471683,-1.675371828132149,-0.4767170757971769
-0.06961661177930223,4.960587484632471,3.055660887589588,36.0280586305741,-0.20628993733988726,4.953375799597682
-0.34606487795365604,-0.04956197668047391,0.07088671255902268,10.352154522657344,-3.722367051406543,-1.145625139504717
6.467376172065538,-0.32056437842442015,-0.033292865345189604,-2.417448067216993,14.103413683761815,-0.29582162836034537
-0.8964773255264356,-0.1753530244329067,-0.03189623964262418,13.861315866583793,-4.349089069244872,-1.2539056324587945
7.614092382838821,-0.019137214752247257,0.22976575878705796,-2.008992770019926,19.42337892499161,2.552125827566046
-0.2526234270688987,0.04867191480616606,0.34615611879507346,-1.5928863052977191,-0.15256116433375871,-0.045331872468178006
2.0267375196880604,-0.5218300109942661,-0.1921314235981889,-0.27629855240818285,-1.9139726808296513,6.002992442509146
11.130158890034565,0.34273271845461434,0.3801363383033851,-1.8170206041048946,16.413960807371133,-0.12121420598226221
-0.7757032126813077,11.702433832331675,5.941989061684436,11.221353061525559,-0.8878825340401097,6.480576243178342
-0.3131652071467787,1.675412568606912,1.1250801741013463,-1.8397420186872357,8.040027906786587,-0.0811404501170006
0.8380167437836477,-0.7227436275250007,-0.32680645779291934,1.9528018469769803,-0.23956860070959635,-1.3600629750520254
1.1535079922968388,8.942770335572412,4.514864049629123,16.123065428415014,5.940635053331369,12.77095844301639
0.45442352100357775,3.9645157347161692,2.5464892507717893,0.149499340520019,-0.14272495145081018,2.320042461191486
-0.48332819541014693,1.379418003218213,0.7322904470090564,6.917820929278547,-1.3135617695150015,11.659664628282288
0.00721300455999907,-2.1812142706288333,-0.973368562373341,-1.3631478730494033,-2.066328263141707,-1.517338238840095
12.270933320430181,8.26252609802674,3.59717347541227,17.53223423057239,35.95319156269562,14.72553677216774
-0.8261564565848007,-0.11460193285607356,0.03554096209825197,-0.2989769674201621,-0.8587141785161685,-0.987823539185772
6.831649958762379,0.07297792172833095,0.14630542208088104,-1.3976593578497076,20.996279224597753,5.734369615526689
-0.09871869126152832,4.8618278382306315,2.649777925297797,29.059937276957623,1.9280098723911947,4.91154492286653
-0.21262348329178346,-1.9845258778686814,-0.908783639766936,2.563712965152085,-2.625058748268821,0.07575199356091866
-0.13589526401378402,-1.952500829508142,-0.779996153394505,-0.4613404997230044,-1.3901466042290855,-0.5145474805731424
0.41146588979015325,-0.8670045076410995,-0.29325560077915086,-0.3702790833201808,0.8264005057273265,6.137970686764065
0.24241453504362598,7.72677861359078,4.108430179276553,18.693336927462408,4.239333562882256,4.587984043182153
-0.35347517215822827,-0.08974417542419688,-0.05355474347979294,-0.026946363595438918,-2.681228642331445,-0.8661069891748593
3.7345068759165256,-1.1238552208035297,-0.316118031722729,-3.0749247974913647,-0.9919018196139673,-2.344867870542259
2.934496141480138,-4.753650643248347,-2.175582505942683,-4.4742280493961415,-1.8408528422961774,-3.0237347817166955
-1.1692959124876423,-1.989993123535864,-0.888213036218129,-1.2328641128136635,-1.2804459711129332,-1.6100478327627266
4.033415542233306,16.728123020477863,8.363967356552157,5.753214223669238,11.747085139070037,12.750340227538622
10.82322493923235,11.726641901716976,5.847298502295495,5.048194477704616,25.66056737478004,11.188569438542338
-2.4053206133195673,-2.7413328420779646,-1.2220557199083926,-0.5825153495361427,-5.444019739999138,-0.6119384304922115
1.1621748023604532,-1.8853772461514382,-0.8579778835425329,5.442964895770333,6.891618702669076,11.929193096805507
1.8354833925997764,-0.16844786088187946,-0.018675957075051854,-1.6022205355321166,6.687517412662594,3.8666875383258663
-0.28050270951770623,-2.8632085496039745,-1.2804337422669159,-2.2158973905879047,-2.138648760995411,-1.5058772253336623
1.7771068979102893,5.6155812538284104,2.9408876869087046,0.06334845088511742,-3.588359592350701,-3.686874732798242
-2.0646560454350937,1.2610040386764156,0.8677617736587774,25.140099077472065,-4.215372638653551,7.171175909079703
-1.7056308930316293,19.309984064530372,9.59411578721163,31.26754767960808,-0.6077259624527098,25.368630960663094
-0.1445373657730567,-1.220673463641626,-0.5441380856243939,0.474676403109602,-2.4112660005580207,-1.2432967613987824
11.364758168119355,9.22529493979313,4.6838471282914504,6.86665428022956,23.9976880651205,2.391288484076086
1.2843206145198272,5.603499605800096,2.922881766757351,2.465069367877528,-0.08659726952697192,2.564553977037944
0.17904297203986574,-0.20879436315191446,-0.04216961824157044,8.095402666362963,-0.09344620574713065,3.683943414273198
-0.595966925878975,-1.1622088546336495,-0.4490309910103567,0.6104731306833878,-2.605552294569277,3.0324628762497268
0.36263611568697934,-0.3509797766105585,-0.03729750140356108,-0.2988228056100419,11.587046566709297,11.727861878684065
9.751981456436488,1.8889953161186388,1.1722408052955813,7.591398463116585,25.202720616101836,-0.08910183444713474
0.231344042066018,2.662705626841347,1.5025730020909942,-0.28307632032620034,-0.09143067889733024,-1.0309274534973805
-0.013777676916389293,-0.980331790070385,-0.38917818852114383,-2.6070255232503543,3.6372181287645575,-1.049611095210736
-0.7864375215294658,1.6368285421487774,1.0708746525773833,-1.037244705712945,-4.1818796458737575,-2.664619074496135
4.24972939005993,3.848493566092931,2.0776736876294715,4.612512274524952,14.359842238504733,0.6835635577336805
0.4691174180820845,-0.7925628144292305,-0.3099892556507029,12.49946155744452,-0.878375760629488,3.689164859333694
11.529489441211005,-0.2496171035722272,-0.02351577581333866,28.504801257479986,20.650927421284404,3.7583039615713796
-0.012589516998201367,2.764851499110242,1.38932152757903,-0.28389801349103355,-0.03945122804522592,-0.2563938260140209
-0.9656267408242988,1.1740527350471819,1.1674871713398218,8.366138901242259,-0.7405817993189818,10.233841746504758
3.9908276017036997,-0.1121557942192175,0.030630836531566952,2.401637073033288,5.356233759730376,-0.6681417474926745
-0.9347380933740281,-0.4699364018925996,-0.1696076688683896,-0.42671385731586914,-3.3139382057398095,-0.6187339123122758
4.090595505409241,8.078190178568242,4.066280905461544,7.639705424858299,19.701702627010533,3.003948150538686
5.3846537178696225,7.56714955889136,3.6061288510140783,7.2519118042779285,31.309742484237653,15.9008294548977
1.1104289821519808,-0.19679141633897268,-0.045746416883432374,-0.8481208003477326,-0.46465920493356183,-3.8096316189246133
-0.42431159849349903,3.380462817251728,1.7782860335429604,2.422320186293199,-0.5288288865068108,5.518974070478349
-0.9148676199572767,-2.2465059475466194,-0.974467082028729,-1.9802244996679925,-1.307830802960799,0.005032920360843907
-0.20349398447277056,-0.5322747008056595,-0.18523446553362888,1.8991696921391823,-1.9497953905588497,8.288937572292491
1.541066495907046,12.023434919155806,6.028074492562298,-0.15220934338969602,10.628640884001516,5.888274954198903
2.1038908775998895,-1.5730148204218481,-0.6600014786810028,-1.4902452484322513,-0.2751556073458872,-2.3698793325878014
1.175840293626539,11.285141147941664,5.511121936735757,4.684621648001464,8.023147265657183,8.465575427708078
-0.20631736566047168,-0.7856559403197738,-0.30463378489803566,-0.5037760718617019,-1.428205201347977,0.07399096852428255
0.20299213852715947,2.8575364271764827,1.4451445255360906,27.734920677795625,3.2470574807944335,7.783388366270912
-0.717933878356713,7.057746451417549,3.731568570328096,-3.642745330171686,7.704517448976104,3.94998580980394
-0.6408107721458853,-0.015853360526671967,0.0779154060318401,10.881050282180968,-0.33461285346284453,10.899803112630257
1.2569309494851997,-2.713842857398059,-1.2040725232183822,-1.6714595864935367,2.645261918701075,1.4160087925437164
0.0005501021001638184,1.2454836013840827,1.018578004312292,4.1287256484496915,-1.0410559827954677,24.802099864783358
-0.9409544867850214,-1.2918942959518214,-0.4921225301532814,16.00828204142146,-1.3044775692909776,4.106075117159854
-0.46630559052642884,3.422181720792037,2.0076810710148765,2.039140359442616,-0.10032175306692899,3.142426226089616
4.590548770387018,1.1148630868883973,1.0325141836216367,-0.27295291260528426,11.4631332589956,13.945399011506337
-0.09599966655785455,-2.184556096825247,-0.9526588340645965,-2.046235287316094,-0.5924247913473871,-0.07704628236172009
6.943526335697381,10.599657150372865,5.10720183311526,2.961432311831781,16.885933447516198,11.753783384733909
-0.26068333968311835,8.502301666424389,4.366717286980473,6.476783862339001,7.083209878145204,8.95153759701046
9.155522228680974,8.668850786210864,4.802038502208815,-2.280497503280908,20.537202982999833,0.2568598060748046
3.9269195191021335,-0.6194949775021087,-0.26064750753091254,10.767587595845045,-1.4256991636405738,-1.7136107654901291
9.498513517531427,-2.1513773047678586,-0.93652898855475,7.433785207473962,6.621214819931615,2.192439339055353
-1.3995130202037247,-3.534406574367954,-1.5906078605735623,-2.3706587745128194,-7.37631135859705,-1.4396778154926897
3.045270296910945,6.553764898724325,3.7271822335297826,17.34802145455332,13.82996047729892,-0.01619883685422945
3.120819497933798,12.25582111599162,5.657459404575154,-2.801833105663096,2.414726521860136,-1.3365239613877584
5.594121384121869,-1.9488501722820104,-0.852291799205185,-0.5465344413104009,10.374251566980798,-1.2485929189368346
-0.23298522661658827,-0.09471511618533357,-0.016321129614403063,-1.62382039335923,-2.3351883135365994,-1.8559102253661681
-1.301986688702254,1.7809082464864718,0.3800053960858846,7.055098536441708,6.578280889356706,11.952525512294942
4.578450241851785,7.7592682161603275,4.0190306729348695,32.17055236814848,17.48525182287466,14.68947504845541
5.12985821418649,5.700861644054081,2.9844549102280786,0.384050687113599,6.4911857550898535,-0.47381766947602916
-0.8555883195884744,-0.5618324072482827,-0.3112759723971206,-0.6787857546698389,-2.715187407082054,-0.20802919796429598
18.04795677997512,-4.085442616172217,-1.9841641433640183,-1.4698130381724854,10.673585462200032,-2.1879596637284893
2.3533653838201953,13.622333040231338,6.77562041604271,8.183395182321439,13.283887156595389,10.650030350576722
5.069946607039611,1.2689511245151037,0.8570918032718643,4.230058262333969,13.668498007319133,4.496110442162557
-0.027162853595515513,-2.345083302830575,-1.0547970817857089,-0.30288084909158997,-1.2253700015884528,2.187665949675714
-0.09948308830822956,-0.3249235996248949,-0.0502456548601459,-1.014973547547285,1.8514208106025802,-0.2767767726005244
-0.88958644456859,-0.6606096583535046,-0.20936335979313292,-0.7546100365292816,-1.8650265990505095,-0.4071234608935873
3.471928948330075,-6.442085954334144,-3.0289597633445755,-1.4145896567045475,-2.580559728289458,-2.118959059761717
4.480929775230599,-0.7545561043778726,-0.6071497862927598,0.48903852707112627,5.26684504888639,-0.09639122990216653
-0.21767367331228962,-0.972964511864792,-0.36970957848202546,13.909508182289084,-1.7710074620385605,-0.06150689446776983
-0.17602804263798905,0.11298950467703195,0.40836228871439456,2.6324492170271423,-1.2371282278965763,6.904044455283467
5.15858906377294,3.3082098375106024,2.8170164281501204,3.8026347113911774,10.967913862501982,7.924874008305246
-0.09594517196122317,-0.7279568916475128,-0.2777064796483983,-1.0809936151725947,-2.15190201228918,-1.4386134019344607
-1.3841317963064421,1.3147190576727061,0.9403324934022067,9.54820139253286,-2.935477468000913,4.276836260159342
2.000368129442734,5.821283999790758,3.1902814137926545,7.817329583504086,5.893460987351261,3.8739246451481533
3.4180541203649915,1.7792020184557584,1.1786276855022684,3.977991245443553,9.369694917863447,1.5450579030688212
1.3607185109109694,-1.2891164871594403,-0.5379951544468758,4.9176196581757985,-1.2964832220571636,-2.089673706896392
-1.1630513638183595,-0.09548349570014036,0.18987582507941725,-0.8152968138479777,-2.515099104870881,3.747346603092904
2.6406844311331987,-0.4897166185112354,-0.1493791525441849,-0.5427523509601043,-0.09902649737342883,-2.295062387870661
-0.2651278136282427,-3.299116276225677,-1.462342794032529,-0.5287609664868705,-3.159986774136321,-2.428771288493339
-1.5913031113485263,10.910181668656618,5.566011580471741,0.43178534295633475,-2.8362329007315,1.9777200640018575
2.308957045244952,4.561321998493462,3.014868142823979,16.4207401391337,7.68556014337255,6.666008512378845
-0.38299491002830893,-2.481155277642863,-1.0328991375089376,-2.6242606678159572,-0.7551821121454468,-0.1740244879912876
0.33513211483447714,3.6192474178809877,1.8730969520491094,2.2101581132252504,-0.053757763757447036,3.5298762711810054
0.7816738723039591,21.157522079095777,10.246036799354227,45.90017281689893,18.231052620397477,27.33457480509282
-0.9479154503666778,-0.9146756477810171,-0.32436508410703396,-1.6337273538150137,-2.362476039830049,-1.4738603482828547
9.970043502810253,12.616459855092842,6.205609945506982,-1.2770129441064995,20.453733590468875,-0.07589752670770156
-1.1083298036509888,-0.35483197830100616,-0.1117597353249416,-0.30797761581801825,-2.085222966809304,-2.27950776067959
1.0251380161968713,9.434222413328174,5.150203749733297,-2.9095415032974414,11.005557555393459,5.264982356433364
-0.24380582847516546,-0.9900157658668625,-0.3887781794903239,4.225935492469127,-1.3183891678853144,-0.7719757040184811
-0.25364820376772446,-7.1114431798951445,-3.2470539853422866,-7.784936365361368,-1.9863284887664485,-3.8925817223370793
1.4458077426834277,-0.7392038573936874,-0.28433483112072516,-2.7133158736166303,4.603736587868992,-0.3731799865882758
14.340867867906864,-1.4033973052007642,-0.5462317795144868,2.4173148573068524,27.310621766482676,0.14941011901052248
-0.774344923517811,-1.868258466194886,-0.8686332913341608,-3.2658196034428957,-3.023924291853421,-0.8904994300177201
-0.6314074546053077,-1.4505228032184239,-0.6605519229849581,-0.9556631822264395,-1.7575161045261098,-1.1476176017208475
0.21616024235075315,3.927682412022863,1.9578000365594592,-1.1031393779441658,6.970635048631508,-0.23767536310176035
-0.08262256498491932,-0.41916815327644336,-0.14712322140588593,3.9457224051300717,-1.2296307353086098,6.627118302846048
-3.2858614333619935,13.190092758886529,6.530997254200607,12.644499090481746,-3.9149460017648203,9.767193228270042
1.3512791163876794,7.773439182607111,4.001673895722561,25.89857197519445,10.188603306241475,4.503411184215093
1.2102664685799598,1.6432355525508968,1.2902521602122974,0.45967016187511833,0.05017810678393131,5.189983299036832
-0.004010974013941815,10.224273312093617,5.0929157206243625,-0.5422791290290759,12.89959896380819,3.245396131163435
-0.7121945458209302,1.287284699673632,1.0043524046579098,-0.035082169524978224,-1.605928222351346,-0.07751169472913984
2.0489296816683837,4.419041794919595,2.540693800490806,9.861061201043224,7.204875464385104,7.38116615513049
15.526592829197051,9.064673778560659,4.806535863227933,-1.590707315413165,33.390445568862496,-0.07865850510843259
-0.13923365034511656,6.972627712775454,3.3173082813145114,12.842735156653568,2.453886669967853,6.148570891349665
-1.5363833153672448,-0.3512842025640497,-0.1265338126271401,-5.371994931529687,-2.4824204327189814,-1.537196300890831
1.9370258338044961,-0.15512454817005494,0.019144764247690627,-0.5056354955000625,7.9863901573558085,2.6510746479447533
-1.8872487312513184,-0.0974335053908608,0.46532255688668556,7.559717570392894,-4.707610938071297,13.034470806306226
-0.39164285600211357,-0.4891473138930768,-0.17395776356683648,-0.08340955789178431,-1.5816799886875013,-0.7437997534509582
-0.45518847246257405,-0.7256386114313123,-0.289767688103668,-3.824098906722935,-0.9068160004127752,-1.2060543167119748
0.5791392425977013,4.567842310375774,3.2429453978455522,-1.0331183922564577,2.98138418183344,2.354555517919742
2.5000373574776087,10.158736379678146,5.619866087346475,10.780818198519915,20.951144645781586,12.989100365751986
-0.614895669769825,1.4991759516428034,0.9640222207886513,8.363810283243314,-3.2512298804164104,3.0553681596437876
2.614837456678217,-1.1596328423373163,-0.49160822934288123,-0.9264142841328362,-1.040985362091155,-1.730939550421271
0.06480241879824666,-0.03668208406408986,-0.0035687190027738017,6.764201294911159,-3.762463731257194,-2.393482288097392
0.6426463719896479,-1.189750456270359,-0.524512032042005,1.229263127424505,-1.2543950289930772,-0.16521866623314785
0.1852836196727612,5.240999670648552,2.9361894116457825,3.6022726030209533,4.921887969642535,3.6690774034242404
0.9562981239490108,7.713651165750306,4.263531976611622,2.552376086663334,14.499437238323702,10.443309519334898
3.5499967168631725,1.3949457274341839,0.6109232768678446,-1.0084231437247355,-0.5072223144235884,-0.07164955537510723
-0.30650203412439525,-2.279285250725145,-0.9399103372690588,4.206302348865422,-2.5109702382148162,-2.0652598026850844
3.6595111421166786,8.299390082074947,4.052559702375193,-0.9706180886818498,11.98543823379314,6.091013554299354
3.274211720685086,8.302645738202155,3.6236458558334346,-3.7994106944058026,4.2991231460225725,-1.0459378977322156
4.041473135373861,8.797037555104884,4.642965445903463,5.009864398022643,16.719179792994428,12.267090675024082
3.801113306659188,-1.0733535896208208,-0.4636208528659431,-1.7472911723214197,4.934454193461264,-2.3943083375613528
-0.5070119265160491,-0.8083524017002868,-0.3483499209327634,0.11105373761237247,-2.1043584815986964,4.3374530650521725
0.938437297828228,2.5161984083378663,1.4952856772256786,1.5205205922944824,-1.1785123982501338,-1.0164699986914678
4.028251397228474,13.16217470477509,6.668065975276054,-1.0787728813161628,15.27970861728381,2.4817852731390104
3.7355229012337974,25.91664416496291,12.666638600470565,20.099641906609012,21.72689396670484,11.888721890467592
7.283106980989765,2.6820401057977437,1.6984703133313275,5.68571060237661,12.452345102202496,4.368973236741516
-0.39590705431084305,-1.0424072178590458,-0.4338586031348127,6.397319544774712,-2.226356146491238,-0.08491459481939874
0.012714973526058992,3.0296221530986522,1.754661600148115,-0.20600976512508146,1.4772665288996836,2.576270514248322
1.8495653887009693,-2.234977174583571,-0.9739465446149271,2.888087309060862,-1.3056690761377834,-1.6265729841143004
4.811831121920439,15.16832771428205,7.582776339063836,19.947079599341595,15.804826850773413,13.20352228188133
1.7276566003795888,-1.3828303277376506,-0.6296436735063058,-0.6444965837841855,-0.8406054635274505,3.0808515126397724
-0.14851349089609242,-2.5582670277577693,-1.239018469116646,-2.1202762842819918,4.253755027302266,5.634338535462305
5.563767903481599,5.7052471195467955,3.0925868965081658,22.256101295696194,-0.6773910223754998,-4.230308116516166
1.5678628198430684,2.7236158022681383,1.4494959072341085,12.435325991473503,3.8030726774887897,7.134632157393423
-0.9630511492208811,0.4780876738646993,0.5087905334497147,11.13634881543991,-2.5731666281386083,5.098059166020131
4.528289962670577,-0.7320600351499515,-0.2850027618456271,25.10563744504019,10.934028394957059,4.686008689647996
-0.06733307946403633,5.107477215463893,2.662604575514956,19.041153125742703,2.5473766208502804,9.844751530562611
0.387044373946912,-0.7669707811279826,-0.2447105378686407,-0.0027340700731908196,-0.8436931456114689,1.5576692745987868
2.1166338754202725,-0.9615059838232378,-0.41006478969932963,-1.3470574450087591,-0.5402586336178425,7.151486752867829
-0.0007008174332995276,-1.5977882868503632,-0.7366933883024283,5.6433914820050175,-2.10155110371574,9.29441198229521
9.718625809829387,-1.992037204676117,-0.9071727219207638,-1.6574759638441894,17.43157143323435,3.7523089486248553
-0.33111898498603337,5.658582621228308,3.0328740528885816,-1.8164270492473502,-1.2504055773245821,0.664178923703552
-0.07165725796813859,2.1302837214772516,0.9730823474064128,0.9099003735840696,0.5924176278863557,-0.009474653348659913
1.2448856630142906,-0.34712109898077403,-0.07722563496455362,-0.7797020567453748,8.410468695677737,-0.361110269289714
-2.1052628268552005,3.0698513202102258,1.6509659980711617,-1.2668108124675674,-6.667372262865129,-2.4164148405796597
0.941639495511276,2.2322838482742955,1.5261121385029366,6.705841894566758,-1.0255755679200935,-1.0992977424651302
-0.038366255290706745,6.010398483514929,3.2517231977538077,13.066074558537828,0.38954290454989315,1.3139451044032517
0.4221911332284341,-0.7284552317187063,-0.23562463599152594,0.49416916385802767,-0.6169317092118256,-1.0948468559397535
-0.1889674982412303,-2.847559928883515,-1.349811879222509,-4.248391537767279,-0.9430471135095498,-0.34993109706306935
5.056559724203917,-1.0251448913103929,-0.4352691233679747,-3.262769659001645,7.1817932512429845,4.743467325567533
-0.6104796500757722,3.4977092377374146,1.7066679716331203,0.8652550626773717,-0.8088534599334718,2.5072412866655958
7.825656355161035,5.760063275974148,3.0898395157764247,7.926261738361747,7.115588112024119,0.4315286412718537
8.438222559929216,4.5596927046657605,2.3945511474897465,18.732382119036167,17.622875127343832,3.655469116707886
-0.26469283860559983,0.30271478964002224,0.48211919473020803,1.5992572155535705,5.352564773312312,1.3698215823780433
-0.34738609999827363,11.418909538199,5.680165658674903,-0.13188202365028956,5.707128500969799,1.8088251143058474
18.567531924674878,2.1151617057318637,1.1042720096949283,11.003111624991252,44.45680775210826,9.224625408068544
-0.45977803121832483,3.1445659534511003,0.6984286610631646,6.593993453796061,-1.1412124621843707,12.183598169434777
1.837372288479575,16.593284868348647,9.102949771158276,12.939663715067352,9.900919707830807,11.024399133405124
-2.0655085469170067,3.0309879395497172,1.3980925173745735,3.314005698981476,-2.828683907831001,11.703377875605144
1.9004962158005514,10.078470010157043,4.956620906444088,-1.1006784314857705,11.83485287334457,4.520531939653716
-0.29749586866101746,19.300770297657213,9.457667699758499,7.3574720247815675,1.1392837780604832,12.16186962062659
-0.5060791091876867,-0.9886380054744722,-0.4710209440568705,17.51961562959525,-2.4835055031299604,-0.6019550878907621
6.383010968792324,-2.103522846134107,-0.8375977222362652,-1.4131982211125727,6.596935819439894,-1.4947617591387194
-0.3676165509149455,2.6342842956098558,1.557160321441493,-0.6289103525432946,-1.6782119892346363,-0.2529109389127681
7.536667106626139,5.310433564485364,3.3447263000145027,0.6724999652063319,17.120232690495868,-0.6875466942860815
-0.6035112145651225,-0.329684119014929,-0.09684943013840669,-0.753799774104452,-1.3122122264741312,-0.18746603295406486
3.377239369782151,11.403547421055608,5.519482318092454,-2.103979826929114,9.765710957743195,2.306456914915712
4.601270896423842,4.662923812770107,2.5413264078590965,10.758769859422888,10.942018207692318,6.412001955873458
-0.7343303244857353,1.7125775083617434,1.2454601149838007,10.641680820922303,-1.621180689709492,9.752256936468541
16.45326439655023,4.725321644550678,3.476053327144191,-0.561644019167326,36.205822888203855,-0.6870789232743754
0.37280666158679515,0.4593110114327427,0.9336410118030526,2.142871391897001,10.803650825183288,-0.4073204580684781
0.8227422120846685,5.0445138187986425,2.9003588628025865,34.15825334490923,1.6385266218316183,5.917049550884045
-1.1903040482545637,-1.8702549926224128,-0.8610057031106179,-2.29717260838224,-2.50394201457583,-1.805018455429069
6.75961365562255,28.131088445872386,13.693869998210623,24.5393591930471,33.22401704660041,18.9182764953023
-0.23365032736207378,3.5293590998970403,1.968419577730464,7.882137173198395,-0.25821069721300793,7.889910071881494
-0.1712639884514524,-1.569187529389878,-0.707172202036516,-1.2233086708621679,-4.064008643628749,-1.5181466609786933
-0.6233332718607996,-3.933691337743239,-1.8593003134212933,-1.4559364870677705,-1.6724395419015652,-0.5341385601512174
-1.6354984612106311,-1.8222795074871656,-0.6335217234560897,-3.6120647050002574,-4.12736929077732,-2.5255091804328784
3.732248657827628,2.583378135828513,1.5204904246196396,20.44179720790355,7.119397045363566,10.437620138641705
7.292040585426732,5.396935666765309,3.0003596722560957,11.56820901932656,15.816833543685242,-0.8472601253370394
-0.26069968543602945,7.231678772354874,3.69297458233287,-3.4862168250788415,-0.3148146198661721,1.6885951810168063
-0.4895246505876468,-0.9535123819316719,-0.38482548260164195,5.579657449423977,-2.195537020847318,9.662517845577888
1.5077783428787943,-0.9456009612665724,-0.36293725624115236,12.557534113619681,-0.39953964285942967,0.7707280909106465
-0.1910878719161797,-1.8403009950790183,-1.1031668016964171,-0.9835091814953387,-0.2699232629880865,-0.6310813175968897
-0.8523032163257125,-1.497591695803626,-0.6107773501266376,0.9151011081551049,-3.147044138196185,-0.11147916439749533
6.071083878200772,12.316338034123062,5.996511092573891,2.628765312285361,24.33642521416147,5.936355232297519
8.941334929625489,-1.2324269729288464,-0.5290122751403677,-1.7444329568748946,14.131837816951908,-0.7412903619642631
0.8067637749824293,5.428159632706467,3.3048715960011177,5.357861307560296,4.841166960687329,2.7285815988195585
-0.1853468866267286,-0.06468648810797398,0.04172480117938826,5.884032845243718,-0.6595036336977659,3.9739254139090425
-0.8984127130687596,2.8533998618987924,1.3434758664910351,-2.3928309528053777,-0.042562403634754414,-0.3429560416213996
1.089963863919507,-2.173497859247663,-0.9430679241720391,-0.334049796275291,-0.3229420020807888,4.352734235627921
2.1829208041414923,-0.7122936515158673,-0.2855364134819488,-0.22210343090383877,2.700608257776319,-0.01559246523938489
6.256826975285789,-0.8220580704628566,-0.2677395276018095,9.617049953981041,6.73992681732533,1.581769058452669
-0.559642861688274,18.335770962984146,9.14247270225809,22.719714683061323,6.26922676820351,12.516780560094332
-1.4659711560384965,7.419121926387698,3.8925337977309646,6.662101117197077,-3.648794378460199,1.6253387051171433
3.365680348293054,43.21748808588751,20.874353380330543,19.874282596555943,28.759482831615102,16.190948815234304
-2.990363288067723,3.9573262106171536,2.182215299510545,8.980973719280161,-4.128337998936661,8.45121647212919
3.737593772600566,1.657847671973466,1.0881136015863007,1.9022301495748155,7.090513432510643,0.7421797112626777
-0.50610044452512,-0.6466350336998732,-0.23359642398160047,20.6862534599641,-0.9178471851108848,9.98885549281033
1.9869275769026402,-1.0780851789578938,-0.4726121038222213,-1.577931803925828,-0.3923413194905083,-1.342973052106618
-1.1319967453760622,-1.5879356455920126,-0.6792356229737984,15.212783830342083,-2.3219910411632125,14.701316503067595
12.393531606458412,7.819304142773384,3.9904547923707194,0.8500991176818891,27.11457921526638,27.732509352260806
-0.10687203445141212,1.2853990919665477,0.5009376492250347,-2.8118213836945904,-0.06300869352911245,-0.16609950448882344
-0.020780655617394662,1.7102976067680475,1.3394446334679366,-1.4243270115344444,-0.43919502775057934,-0.2942068398489885
-0.06372821851156317,-1.1389639000877583,-0.5069320185066106,7.966654359180948,-1.6387648339217404,-0.23756151710174597
-0.35867514007914725,3.9235500919639,2.4313790486075764,12.490414179145633,1.3086892649708821,-0.47695124426088464
6.615426251644063,9.206845816821815,4.843288548597514,1.9059812674142835,29.28611251634683,11.556797065765227
-0.7323956779790777,4.649131777166844,2.8290976801862238,3.650067905351129,0.2626239520417003,0.24256264187919863
3.3777477428545355,12.106184956387413,4.723861241903904,-0.2417646561782042,20.544562965888236,12.54965141837507
1.0625527697215282,12.805981221683028,6.408517689050472,13.740406526449412,5.565216543603727,7.710174058564177
2.02387328763131,33.55781189271767,16.27755875771313,3.4426766195838976,21.479770722503037,14.81804084078349
14.68828907971447,-1.0092561007442917,-0.4805161436599698,-0.5411503458682673,30.135884284767553,5.809525510423654
3.096843621449243,0.8458603180405821,0.6848975263175117,16.916103584816273,8.24831928362942,-0.27408510582686607
2.582598539017348,-0.2639400395985222,-0.06587677517771673,-0.6429579581422472,2.12144292916411,-0.6723751360047946
4.514185244900581,9.161251074349261,4.570057882998611,-2.858931639450381,12.724373288756638,-1.4553406171734504
5.368600706214157,16.883636950331557,8.26588392225358,20.038096311844726,19.400084120881225,10.161376010357136
2.8330190112854954,1.0635924008967415,0.7753497459091635,-1.4156034230713603,5.649613808340155,-0.5930965221103047
1.9065412712828782,27.034933240445778,13.087519891953967,3.949593532429833,24.465278298193024,11.239383028317869
1.9464957544819872,2.872669062050164,1.640812563274179,4.7435374827402015,6.4234928047110555,0.7418335080950459
4.22332518925771,-0.5620048797697055,-0.1958150535702445,9.52668279955913,11.160269334703852,5.739386704261075
-2.1032497482881367,-2.3458046193332907,-1.0433807167506959,6.654039137937051,-1.6316492021121793,15.35752327488322
2.370193267955901,-0.8130723271755692,-0.2885714229960996,-4.470053833992597,1.7954878259279212,-0.011933344722837448
-0.7869429834590266,-0.045389442020965315,0.22745750192190334,9.439816013863295,-1.0723966369085438,5.492810506316524
7.669447520580417,-0.6925525326589357,-0.23611746171151848,6.34155275645598,11.770892369819501,3.2574107276698907
8.22479954174244,19.870956440748483,9.700821517142233,8.381685806223606,19.13670805497593,7.814701899866827
-0.9827603419721479,-2.203738278209854,-0.9683347466746016,-2.430709317385474,-5.7732665088970005,-1.4188584819708474
-0.20934326370381698,0.9147057629926352,0.6712592124262569,-0.060697709595178485,-1.8443254080467417,-0.31071793745097187
0.9819219893956356,2.1634180925567663,1.30454898536844,-0.1980723666333593,4.967313767373788,0.5136583710968975
-0.48503283566046385,6.001941002246357,2.983133255705774,-0.9764846437580176,4.516330456730702,7.003772242543316
1.1901892254856274,3.609944332852542,2.1063089998083764,6.823402085814913,5.7435258795302735,-0.29807725846478533
-1.104282372093558,-0.3179597517114161,-0.09711535722362702,-1.8877651907154325,-2.606877587643016,-2.3261900395521833
10.03686695608391,5.398354655036641,2.280706855609618,0.9044986672610014,26.71380612975359,11.354305279060798
2.4984019273285067,-0.21382794573267028,-0.08472930905982823,-0.6957955021796789,-0.11500775045618922,-0.17025394444645678
2.086033203123234,-0.708727751908148,-0.24399897487982064,-1.7936075572273915,-0.5536566778213136,-0.5830005395544656
-1.6838442197724963,1.6618104795747377,1.3410399243731814,8.922876576245898,-4.6364681591441155,-0.47751747294857605
1.4853444111478713,5.356335243489938,3.202962600969701,2.4685348986060798,7.858152936250001,5.592491119397515
0.1378566315687334,7.8991958178466914,3.8556873580410636,10.88435660466092,8.496589416759923,11.46278125225631
-0.4178945891019158,-1.0117058374001,-0.40695064656146,-0.06088550203812831,-1.3055481418030013,-2.3009962351431166
2.5415730378755663,7.081033677893821,3.4189446558951975,-0.6286143914005038,-0.6382800463709473,-0.8848637384096554
-0.7419051065662305,-0.1009481701185935,-0.05178077107936268,0.8208600963477687,-0.22383096773487365,1.558258252831808
0.21243635672281225,4.7040825542044615,2.5962974279188127,6.992938884154315,2.7755334158449285,3.233247796288394
2.6279923213943848,10.820569382427022,5.6157944571038465,6.72304572591165,0.18186803741104413,-0.17398787534981608
9.2339294598285,2.8536100287083497,1.345040581460038,1.6408550820908854,20.326434718890376,2.5435823714424046
-0.43874031741267444,-0.27282624973810493,-0.021147523001312885,-0.9575968986089276,1.2942155815182417,5.951413064246931
-0.4919676650787995,8.742347866319312,4.401467366034423,9.674953871597825,-0.3090403644621499,0.45369162141226466
-0.23644387210725198,0.5973953917320138,1.1066613792621192,-3.634168606131234,-2.186838021734577,1.3568522703054378
-0.33271038495634897,9.109558584946692,4.412014384019514,-1.1700817688773335,-0.5705290338381512,4.336532426684991
1.8046438879094107,5.579097677030422,2.9991706807534855,-2.1726025374847437,4.3961991955567195,-0.7320388866717134
0.9252570125776751,-0.22965305953775933,-0.10925400690183973,-2.768888174088032,12.385876452180883,7.815126339564285
3.3459666654056655,-0.04015329965452896,-0.03455038789069822,2.324061094035538,9.388956825139235,8.409552753623933
-1.6820598164566147,-3.152464184618507,-1.3970978668055218,-0.9649812009759066,-5.427203733606451,-8.190562050024944
0.6357044460092711,-0.6874338261862497,-0.20111853440820782,10.806928827649298,3.1697210484484057,6.8173207372622
12.552090498213689,2.8875644108776046,1.4059868532681843,16.37899885338615,12.53583443258956,6.964619776618858
-0.26926339817389144,-0.3879709407230523,-0.12484435177544358,-2.75578418169032,-2.408392998736822,-3.1513444007117517
9.379126547348422,17.03764391784075,7.836061494933643,6.252347961330022,31.10123069938757,10.751802601883954
0.5395009000031947,1.7074439612475345,0.7494072513378318,1.6168409871131475,3.673582816147622,-0.9685142675211795
23.073851891008086,14.38446768687479,7.171932201665098,9.803046656484433,46.64756010332015,6.913023391088647
-0.6466783313393475,6.677850303404872,3.638535763996083,-0.4712594380494366,-0.3942874081608221,5.872796275025225
3.4584167989030874,6.560225438690284,3.1732387588162836,-0.21482414129243563,4.682629451392596,-0.7972238861149594
4.369940832537187,4.0257385319422445,2.6163577019839783,13.507033424154,13.280084529738778,14.377092173467314
-1.0253630491122396,-2.0910452987477597,-0.9309773427473437,-6.645720802637406,-4.455151801594087,-1.5381040095026837
-1.427565415637515,1.9764197173657165,1.2122378717787543,10.084106498819658,-1.0423593334737888,15.2811974513779
1.886858982771328,5.90614429533078,2.898755544836544,-0.3095757798039225,8.994396348023725,5.113246186546958
-2.487304187645375,-1.4838525631666482,-0.6379578889767092,12.69244890481633,-4.576375589696723,-0.9467940936498199
-0.994570173476292,4.674946029016312,3.697170022227223,3.174685157495033,-2.7998255155082674,3.1910555860689795
-0.8074643421521497,-0.5716380251572684,-0.21187668423010325,-0.49776783685764947,-2.0810981579819035,0.888932690791763
-0.10637463221352955,12.36445056779535,5.952589439510292,21.579382005301827,-2.2403430525464296,8.444913328352097
0.5560079915592577,4.52352587817807,2.6886435188047666,16.785551185737248,-0.39953156229963094,5.503655126703725
3.504486665897831,-0.21774500535848668,-0.10607083503993207,1.2921600578525718,8.591010661487074,-1.323398837909234
-0.0517889277789573,0.33033030674316444,0.1604316424709304,6.782861528902529,-0.8971925076654046,-0.501441523455011
1.1715025828762144,20.08107806497027,9.867580916037555,6.9074658376212765,11.012260383703188,6.357303695202762
3.9786332057119136,17.947204424361658,9.026941633969736,5.066242593716415,18.591110867816212,13.186170470122
-3.146065730720593,6.612499666511088,3.3459538708238123,3.080443347101575,-5.458916889638363,3.0245309111999887
1.3207634369279178,1.8943320737349278,1.3695640680564312,1.5806634708090632,9.839784416400851,4.2910514700904505
-2.1749594275480795,5.424044459476024,3.1301923926620914,-1.0457798581891802,-2.8006968597306026,3.005075152904369
2.506845747557348,9.60739672194246,4.959064634504349,2.1467079242514746,10.357416243068243,-0.1691849487987374
1.057385247029397,0.972688863704162,0.8392131798959942,1.4727894167325537,-0.34417175418787427,0.023449140320175088
0.8710283526537024,0.447412471160041,0.5149629410100054,-0.8873607555253482,1.0106195285999755,-2.160756339492726
8.868469106759028,1.9949972292943703,1.1388262188278024,5.575050540742224,16.652269859135142,1.8952949913970971
8.587849771292047,-0.7627578630371189,-0.2521704350326838,-4.135396081407393,4.270236472751886,-2.2852211014038586
-0.04194559041490318,-1.2677081950908498,-0.6791215807890758,1.7602993735107366,-2.1378124923689295,-0.361149161367708
2.5801405211562383,3.524066160724244,2.035172752136738,12.170719577566205,10.84787934048517,13.752318063877851
2.4889571523300686,12.869797235886564,6.447559161735793,1.1090592252011855,10.546230119344195,9.42852310424982
2.1818188023197695,4.889330040487525,2.5476229067844587,25.926570575800397,7.28328291727815,6.044187063552167
-1.9874170181832114,7.1033227581668505,3.6689795175097566,8.087960389598544,-2.6589162675346483,0.9293666182119277
0.9427600097940507,12.787178292715026,6.62702046361596,15.565581860911157,10.206376775887612,17.057157384188166
-1.2053562763852814,-0.9973462081439085,-0.5226882811769417,6.211637724524149,-2.698499964733075,2.6265171315079057
1.0733939495719624,1.2163200309914741,1.092950144338662,-2.002728181939066,0.4506832623566044,-0.6468345999016862
0.6764332952529449,-1.3068325977868083,-0.6398718091586888,2.3324891082274792,-2.1283669765766686,1.9967170603503972
-0.3388085710370502,9.718731022568841,5.005804143812704,15.65686375918761,-1.5455077758376852,-1.491296387921109
1.0312246911317944,1.7051989533888765,1.1141218507868398,2.670725614069802,-0.7919749661947645,2.6958960061432222
0.33430397369402587,-0.5992480280821999,-0.18959660597617278,8.371669412867227,-1.7957388082436,0.4345828703922737
0.4626287208555655,-1.7145152148666563,-0.7090923181392509,-2.40677947517227,-1.6667047634819327,2.054154855495434
0.14148517138760175,-1.7174483942681729,-0.7865973486631973,17.684087710765056,2.320212156985964,5.944560447320547
0.10778877259119524,-0.17469328078025304,-0.035799922259695686,-0.1317544059429349,-1.6305059726696642,4.9430275146008515
-0.1884193772718827,-0.2957064150471602,-0.08780711860224431,5.301860879747461,-0.32144903448318707,1.9253054872962458
0.8531266390612834,4.099475860490526,2.5571642192570967,-1.0858119861930207,2.346878284383044,-0.1733202102448586
1.1971422842463306,4.608533160947802,2.822611282810135,10.283217257728957,8.037200075792468,7.966739716934443
5.321043714464885,0.39867326062387837,0.49929729202010653,-0.036997180892505414,14.732745007504711,-1.3120464763001283
-0.09493801372385519,3.958025777241458,2.436065995546005,10.353449637877974,-0.5391491653756176,2.846134189211554
4.128054088071045,-1.557061617606252,-0.7500812636519607,-1.8603387555189455,-0.06423460265526708,-0.522023314603729
0.3659427877339969,4.777525027972313,2.9469086641046722,-0.6361836776924167,0.6739634848139989,-1.4917512357840343
-2.2194033723211137,-2.506792111224936,-1.1299343451284647,-0.47961254146226245,-7.881126911888884,-1.2233344054235726
-0.05287439698525423,-0.47802166728067824,-0.17169166291980373,0.01598520959727623,6.391134484453234,-1.1461225212354587
0.4447022728662332,13.808456577604794,6.12478366613541,4.166173110000523,-0.5555726959056634,2.2090742395702025
-0.07781841441748338,-1.0939930574669439,-0.456837558628157,-2.4393851224589955,-1.6328868278394268,-1.7108856589936825
3.7278423123859765,9.740330557929974,5.072437250939533,13.314997564508957,18.786237689449578,10.792418495267702
-0.15837914379966156,-2.66664777352187,-1.2082426049414756,9.776587238604199,-2.1431512448899857,-1.6378344260691495
1.0693306652499432,4.8485806827067,2.6648991833543665,7.606514746488643,-0.4718998050280746,0.9627383547287903
4.049850960171107,2.128995453539965,1.488261958003266,-1.7211012744540974,4.667732173826949,-0.5572947727990674
4.831545178571652,6.568800817505061,3.4543401168636025,10.004814151525775,13.57531303026149,8.02698153244325
-2.0156422718159974,-0.23198369220311693,-0.12988162740069997,7.001080750951855,-3.608216441310041,7.193086419416365
0.8888130736253684,0.9558156904698423,1.1439316264973787,-0.9952795543105281,-0.9769508310717248,-0.8163675917724769
14.561306025155497,20.69948707060885,10.388180907015157,10.148862795924837,37.50797175525125,21.63478370375315
0.7191073524455377,-1.4064336871423373,-0.5975160861485808,2.87911151854962,-0.5926144573818102,-1.1337681117439484
-0.04680213021737237,-1.0810679100641425,-0.4233090845840317,18.12602614225568,0.4145581760728183,-0.13599064964762234
6.666609379236054,7.678865674767438,4.022758842217669,8.749824554578147,11.718304225629344,9.926412668023833
2.603380625039321,-0.8625750956315086,-0.3376418998321324,11.568188868465866,-0.030277850591482736,-0.10669382472595489
-0.21922001358835386,-0.2851724482647652,-0.07841395596364052,1.567642149610882,-0.9562760546891211,-1.1201781888881805
2.3591366397471143,-0.837728889088806,-0.37297190752787285,1.135360542966287,-1.1232310350481653,-0.07389845804593058
0.5561945233034945,-0.28440978234984327,-0.07192234195969165,-4.231991133298183,-1.634421533501766,-1.128249821911921
-1.4462011396964203,-1.1078888345375375,-0.5477374286756976,-1.3460168040895044,-2.7336370729883748,1.413502665678767
-0.10185313859598591,-1.5501242770877512,-0.7229552542298809,-1.9000092404049278,-0.6363344736847613,-0.24431119811714033
-0.7391033093374253,-0.7530183263154636,-0.3037058632963252,-0.10741194224632573,9.19263171190115,4.747929760634997
-0.052203465124760796,-0.11339179219782397,0.14569450959431834,8.530128266561558,-0.416550574039045,8.329637711449312
-0.9348535956174955,5.490408901294807,2.7705276344037624,5.1784811922200795,-0.49003814070311125,6.701478445168928
-0.09356452417049664,5.079898385970228,2.7396376523805794,4.741641777071732,1.2442537450711733,-0.23833190689925657
-0.7480889267426939,-0.6577464846869103,-0.2572063401390909,-1.6901805528083682,-2.5478945113107936,-1.082883796188782
-0.17901018763048918,-0.17934345549540745,-0.027091663222778364,-0.6861882944491319,-0.22498262283511422,-0.7045372355506956
-0.23935278044454514,5.307028127847558,2.995860204154825,16.023580823361396,4.610912481392467,8.02783167863893
4.450102119694876,-0.09970578728594333,0.10875948249342915,-2.724124285598541,4.908033098141214,-1.0530685047178527
11.137779068568499,4.593599594158689,2.532940681100725,2.723474094715174,23.100749194757476,3.536009959245172
-0.7466073882922866,-1.4862369512558045,-0.5721336096072975,0.0006273452725487072,-2.5886822794222772,8.227615555953204
10.835057185131475,-1.1708156123625946,-0.5564570424117786,-0.2098768036645891,14.938460152201838,-0.32604303043267346
8.326141990002492,3.981418401957452,2.203923323897101,24.15822330455577,25.897801569488713,6.691226486525657
-1.3748767981920178,0.4163445290381945,0.4978863593326318,0.45668936689675593,-3.1474377425427913,6.54641889009729
3.230950700660779,-2.464288192858782,-1.1152596640546701,-2.029709461606387,-0.9540749156463768,-0.6376675502490161
7.912285285826452,0.2846072717481085,0.26024920256590073,12.092659429496104,19.841998049411345,10.68123127805341
1.8984998180242323,-5.102589203151234,-2.3683383081805167,-3.70885590902447,-1.3868417291292978,-4.149362278136876
-1.2688451106187248,-2.0865753744438953,-0.9365658953759817,0.9683310963696992,-5.124410096259763,-0.7631778694561213
10.9522084961693,1.9851191498275318,1.5777483549783509,-0.3021151469774425,18.17276430861197,-0.20332534846153527
-0.022426743858957023,1.1780738152664085,0.9157223613022177,12.327296382495883,-0.2096745482024713,3.711389242306306
2.447227473500596,7.1560378056952265,3.6947841782885584,8.611118366751638,13.702744852882395,7.633195839682376
0.9301922892528144,4.30094118865821,2.4046556197095805,-0.4097371979614753,3.96980650949571,2.14871062528466
15.29855963272132,4.6777642784467925,2.795669435820419,10.823554943896301,29.555832610283268,0.5540706398268153
-0.3277639868530463,18.647651612544742,9.032975413391194,22.160223918036372,1.5067304747066432,17.6652882581258
0.7808890720179902,0.2946379730514603,0.2801973573100774,-1.6498345511604757,-0.09109962016822391,2.985356533742893
3.735229182138636,-0.01352134782221588,0.29641115095541287,1.5900245272108804,3.737101942336991,0.06691509926645156
2.36335237528791,10.131364811145364,5.080763545503607,4.588223400697008,13.500763735051034,5.24955931425799
-0.041182564420455425,-0.9461455397123505,-0.4563064913936183,-2.654943550405848,-0.3141891993000428,-0.5816030391977013
-1.090361133911147,0.119104960661913,0.21128158618362575,6.680030406374245,-4.316375558070756,-1.2734994631893508
4.550179503782338,4.386253613295599,2.22939818936761,1.0238751876754852,10.454397865238912,4.976508786617551
7.461682648635102,4.376375908835193,2.711829750467352,-0.48391556266334046,32.28335797104314,16.230477634328317
2.511232739822419,8.954616561990006,4.7065157894975505,-1.2260892015742506,5.759167598525201,-0.6189933868526908
2.529821733266603,-0.4658823772622094,-0.18448930094148058,3.428461953887112,-0.21850741218849867,0.4472306070917812
-0.8297491659268055,5.235524350927226,2.654845306361751,6.675508492730817,-0.37881844078454574,6.937844025492071
5.466925858937593,1.7314897404114715,1.1802691267642929,-1.3869915320719626,8.976137220157714,-0.9177693962668713
1.7408413372364393,4.847161194740035,2.41035019484728,-0.06010439624135455,2.7678572505083325,2.7056935899384964
-3.751999255190039,2.5946368806816213,1.5197798094101262,1.5904296097321065,-6.4604385415937475,5.773615093062131
2.8413803976322063,1.6772340174339067,0.6096970411218622,-0.532048800646197,0.4051650694902931,1.5714126342842807
3.140218748511063,6.178505283794416,3.2428825324929194,6.893233063139952,6.459975656952138,-0.3770404069271766
6.181512304371421,14.598523119587288,7.245984383958562,2.3637488333616417,25.698014797400415,12.656678552593052
8.852593560572542,7.577152401238651,3.980951627929368,-3.1555452247560076,23.562679138194923,4.466103094020093
1.0715640608196053,6.390578764882664,3.4325270718172813,26.71449336708998,6.195858159411038,3.8440057093293616
-0.0069299590361104006,-0.07614858445189272,-0.027061147782317097,-0.16312041483570192,-1.2682070788768165,-1.1808496582773487
-1.7069212719013327,5.383274412130029,3.00936602874045,8.432414965167043,-1.732926111133663,5.944495086828762
-0.8118503126496615,5.574830378631353,3.820143253080342,-0.7635215266274621,-0.07634272394452533,7.655427092127917
-1.8051407069123269,-2.153992558577693,-0.9126457378871488,-0.5295663787805939,-4.827548756173021,-2.0923318748691133
2.771446636643957,-1.1270093743416478,-0.4881346022218657,-1.2964914707114008,7.493713703315411,-0.19289020215267724
2.2383690426840137,5.894902804739505,3.2591210544346882,7.255009501968626,3.0772724543687158,-3.641907574471914
-0.09893104677642098,0.30324969228842164,0.26973640722152054,-2.1017926941413583,1.8493656665600815,-0.48979925706730454
0.46038072623839477,16.14791250926838,7.96721471836759,5.978068896262426,-0.0022932664484419663,-1.9339798019520502
1.2552340835258518,-1.5843322994482016,-0.6806874139573651,-1.6451610983630058,-0.935703141893506,-0.754961114309192
3.6510847996412332,-1.9091810411154733,-0.7418186087741145,-0.14292094316927492,-1.3047871282639862,-1.3117914212855628
-0.24657358663800602,7.839809175934638,4.232999476847061,-1.209595268537102,-0.502983083517459,4.789832473483689
-0.6103811240043729,-0.5821728728917966,-0.22667075660607142,-0.2582274727891353,-0.8483455551523044,-0.49273219403592744
4.527137979902016,-0.48197960408947504,-0.15916788432373918,10.544212131742832,6.672456744026523,2.10618875592064
-1.2615404631383371,5.069295052895702,2.644075242560259,10.939636682492825,-0.39331673302005,19.54623697042291
3.205925505134318,39.77053003697054,19.332578085762243,24.80062509150393,19.84750535712838,18.091700661745676
1.8327192440095026,17.810844716488518,8.824073973909003,-1.992255597725292,21.243162960875637,2.086923434049149
4.905337048215722,1.8905957592322054,0.6351910605972696,-0.7886848992596978,1.0963599299344913,-0.4860199256113106
0.7169196882166926,-0.05009138391048049,0.6486741019651213,-0.2571480208173845,3.118084791579998,-1.0536376953299909
6.620591457754944,3.9452519649704914,2.229247336138162,6.851837656011775,7.200855150754182,4.867450952870156
0.38322323579096745,2.1881157649201746,1.371383884786237,6.9552280239593935,1.1013809369748089,-0.03218704973378568
1.89182298152537,11.827334364345708,5.867254737878135,-0.9322460994230595,13.321597158401431,-0.4204086040221864
-0.2084244058706792,1.6752964327966713,1.1892493968753608,7.83229848358273,-4.948032986252706,-3.0102560625178723
-0.08642551000723411,6.694759703938901,3.147212576958897,1.5436081870136475,3.4776994766012836,15.566770098438111
-0.6915022773839126,1.1281848423792473,0.6076189755546565,2.9866791145055265,-1.6199340980527872,3.0819760653958124
1.4154725309842962,-1.010206758778052,-0.4062093311575754,-0.537228680266065,-1.4815028733123632,-0.2383486793894365
4.730524105478266,3.61671519956651,1.8228154723109613,11.118682929804953,5.152066938046384,1.5138369635096143
2.0450349290855123,9.716784369945648,5.020222887081762,16.553089084633942,11.556568996791112,8.852292486665172
-0.8593673338034679,28.676865400815338,13.703439631375549,38.72475323201871,22.823694343264087,14.867511872048397
6.3997771518269655,4.418488766339882,2.2484732996742967,6.9517176255040365,16.136374413557206,-0.19584195033219998
2.6470705644542867,3.0533470995798675,1.9530198802196295,4.82415723701506,2.434164602443505,-0.38790347464817915
1.1535580675721961,5.2505275079674165,2.9074199723933103,8.58266340149646,6.047949617945544,10.553647647439801
-0.2562643460155949,-0.9743905479070737,-0.42340105415800705,-1.072452543216253,-3.038343975499348,-1.690629513725104
3.5074126621092097,8.792311956582585,4.452768040799637,51.749568752765875,9.374564831828039,17.86352582156742
7.58184595492946,7.972306756608244,3.6450229396495675,0.6584345245103286,20.25459604232572,2.8654752635964353
7.857748575018005,7.592213340865014,4.0376231449415325,13.278381398289438,33.909512859814,12.03833656770273
6.248133051524188,-0.34962238593944783,-0.03752543885646118,-1.0110793163010203,18.593987848891448,-0.3168868769840938
-0.2820258628080142,-0.6314098544419162,-0.14380458878215455,1.5390098829375332,-1.4228197951230874,6.990989485965995
0.8053378846009459,-0.07263150883197121,0.05246895777990945,3.87865676664251,4.166804688659254,6.416871592779056
-0.7224909085759148,-0.8588149618558414,-0.3516869166581512,-0.8888925859009886,-2.9005783816980175,-0.8698375790218495
-0.1973559256048037,4.2452833275113475,2.799507619730814,6.913358002388035,-0.4095124783324587,1.2622601263974937
-0.1632864544463872,-1.185069869954828,-0.513847624192877,7.577877869852888,2.7226090517809944,-1.145029153772039
6.525674845801108,-4.503455900373458,-2.127028908168001,-0.4994159785645984,-0.612382894386422,-2.1766839737860137
-0.21446508997030375,-2.383612096045514,-1.0842579437957984,-0.20481638023198043,-1.5990142093661301,2.7180606496950164
2.149348606704139,-4.4099132627457065,-2.0214619567406316,-0.24871619115584617,-4.8575576460253025,-0.9935785811780193
3.112442464270752,0.3772849369271293,0.5022396261018836,1.486859572551425,5.038639234801683,-0.36066510316455713
0.11157333701237726,5.271326632579151,2.8191934764979854,12.095234917097365,-0.3304316517973259,1.4079801418697295
-0.5319943767096261,5.104294559920174,2.686629379200197,-0.21058979347650994,4.327836433064767,11.041819248972791
5.290600891924991,-1.2240756262487436,-0.5074332005424836,-2.0725208051720148,8.708688178697562,4.672355515720593
1.022997064717831,-1.4437637450574252,-0.6024938383630565,8.605355046151178,0.599907056507184,2.7712169406131544
-0.49356867114304404,-0.25366396279901426,-0.08295539206933387,9.253386410771578,-1.865332387143489,-0.4893766482362839
-0.7568549092735369,0.2051642487656955,0.6337762521373076,-0.924364990032551,-1.2596477257139278,-1.033388783939407
2.169279459473723,1.101641522760363,0.7935516591165666,-0.5752122268229949,3.5930604242488338,-1.387519415279885
17.239806347841533,15.003758781215042,6.935772936831649,2.7051638452407674,43.92284500544884,6.554454164948744
4.39285787499053,7.925416881806856,3.7724531599866924,3.5434978519614937,9.75385112480221,2.9574855087456324
0.9292394929703759,-0.6785479845289915,-0.28147664598515,-0.14620538008387027,-0.44397038484226026,-1.0585857349156222
0.11254238942940054,9.166225021219764,4.472362704103931,6.554710431161866,-0.9788901221652891,-1.1612883464571973
-0.8190253270198176,-0.3531168128673965,-0.11286101734319498,-1.192863384743469,-2.586266791664737,-0.6121985999537973
8.725855489758722,0.3364752945207676,0.9350609492091251,-1.5591289965329116,22.675958480226377,5.324467521235152
4.478221759106425,13.792000372353737,6.757144174007443,-3.3260164222168678,12.103281140099808,-0.3190356169048587
9.296728361690151,-0.8701681356852318,-0.32300811250050804,-1.7834020259634842,3.948566280169986,-1.7560747196118598
-1.1449219078127812,-0.48305740753166604,-0.13246640525849807,4.922332645567926,-3.1285959090843214,2.663739383790932
-1.2891639828299766,-0.7257867198370196,-0.27235572914751477,3.2557784918295187,-2.6934884490956623,4.480307892649046
10.648162160243778,-1.678320847280132,-0.756854642741621,-0.9311155093901147,2.604202510946372,-1.6630668788041783
-0.902088044834485,-0.2770023129259306,-0.09283393399609424,10.028828684141246,-2.5095974423657865,-0.40804378478847547
0.5790623664538859,2.962055298250592,1.8117584650473446,6.9835945944507865,2.1794608313174377,3.5485807095545256
1.278994725668805,6.186901421207321,3.314251606046897,-1.4596016947368435,0.6441736380833789,-0.5560325454674823
-3.389811595748445,-3.1684516944292938,-1.372766190584149,12.130979909660002,-8.797211752832455,-1.1853699998010778
-0.017878043456950522,1.2650206673755324,1.3383393366447827,-0.6157372347222911,0.08042659894174187,-0.04123290688872108
1.1446693152805627,-0.21146832851677272,0.2779606182352965,-0.5237939301477669,2.1582082022036047,2.7460582920582395
3.1577099730632616,-0.9749354259165689,-0.39157101170011244,-0.03925754128598927,4.498273730482015,9.495762453579168
2.3390389957388367,-0.5503563925392804,-0.18173581049053278,3.491438102342162,0.028857313983028487,1.7395960723049748
5.027276113293879,3.8369606271230356,2.074957155260536,-2.771857876257638,8.223834978795926,3.1053320236242206
1.7684352130009013,4.1850537035026125,2.262874906181624,20.85303859478,3.432451090045746,1.1072774928015916
0.7041756601224182,-1.1382622011354497,-0.4461947168750916,3.2344596853215775,2.8644855008296557,0.5584059000532946
-0.4692071511696865,1.4502886562831199,0.2511826621549596,7.0948388093579275,1.6789908796159505,-0.17929934765051023
5.4458431647869,2.764796891360431,1.4283647745108645,-0.061142837894763914,10.238516185952406,-0.5173430804825173
-0.8248172538669248,-2.3083471425751436,-0.9387307380028569,2.378280251373395,-2.6922325465555463,-0.3780554277849951
-1.0733683249287351,6.011179617332023,3.248936545176346,9.218232017232364,-2.338300355901833,-0.44740203797709893
0.2122336249716199,1.2838303285188712,1.1085128169444842,4.143256531423836,-0.14266197632031827,1.8827468403210321
-0.4595148120841616,2.750559634780724,1.6481788187228228,5.5071159488866535,-0.6581912263199264,8.660215099804601
0.5803263945452508,22.313879655207973,11.048974462055424,-0.199066808747097,8.380977607084631,-0.9654304797436102
3.3208710335467684,-0.1157165716448384,-0.028811003926667134,-2.9191014610776764,-0.01072873470317206,-1.7755014631073622
0.3562811294515392,2.9560207671483876,1.5213518520146525,9.161520102592537,-0.5772209498732316,1.5895154418344775
1.0699040126168136,-0.1538161456286212,0.14478553876869193,6.828838797335745,-1.2941635939572516,-0.7019925735820398
-1.5932605576537375,-0.09668793106031147,0.33599337850084426,3.2179708247552243,-4.461929848527131,-0.5214188787175408
-1.0477055857082331,0.12202303973271611,0.25890512188447556,-2.559253310754427,-2.2819076699613983,3.5792573486219323
1.7968662552777834,9.952181506756418,4.894209477613057,21.690926142843,6.476821971087245,4.091354319475711
4.6882697563655755,26.752832476747486,13.027053622441855,-1.0938652399190603,18.047583646516685,8.090027430580102
-0.17743886872049455,-1.5596165135899451,-0.6959529206017679,-2.3519510317227317,-1.911815156483543,-0.5190615910900126
3.555579108569381,-6.872923863667075,-3.3088115734328207,-4.160000664095082,-2.43579646681226,-3.5742759841771257
-0.18360294450371703,-0.16294250905882768,-0.022730704110382097,-0.905861380389368,2.3315564229374384,3.080164106529674
-1.7565250143207418,-1.2708120876054534,-0.5281443495605249,-1.6466698427720878,-4.7402950635054415,-2.3344695575734464
11.576642901040303,2.0551963638249195,1.4052576751189638,-1.8971886732184329,21.75732966621415,0.6192844546921519
-1.3074187078159232,-1.2549941013262023,-0.5708417269423975,1.058993075577649,-4.100539548327147,2.3198414340773796
1.4132852837364507,-0.0825560480913379,-0.021296077488500622,-0.9611378799043493,1.9861784038505594,-0.08500550348791487
3.0887055152169127,0.5649052573271733,0.6740985117851275,2.7955223847603685,12.05478282731428,2.6697506892553857
2.1122028594500044,2.4240808181493527,1.690881652737702,-0.07955659666506626,13.785484061025171,16.38607236796899
2.1563389968807614,-0.8635309027316644,-0.4243333062429681,11.408326983834561,-1.256148699152659,-0.8792399139375746
4.957382156999416,2.874682958557647,1.5663503859673842,-1.3216703503889746,10.018974319353244,13.33877342096967
13.6436898467551,16.072549034504213,7.155820831034724,40.55057304226196,24.219794100172155,0.004854744300770597
0.6693300314000619,1.7197407753671494,1.0249946536114896,11.718052852073424,-1.9148501624362275,3.886769446106613
-0.8712276962798662,4.61808970491114,2.361164176618805,0.9900398017600246,-0.2404146848135371,2.041071644575618
1.0831365123676777,6.961507248480181,3.633748820378517,1.4197477444443363,19.69868240982539,11.129636023030399
-0.08317917237170103,-0.07339586462975359,0.7884606251373897,-2.4211665587989497,-1.1352917567830496,-0.5471058127252378
-0.05964640898418692,7.245766896528065,3.571931681474062,18.714797301351066,8.657145528770654,1.502326935980863
10.160336586659371,3.479875630216436,2.0846753528730577,0.6143371246585249,23.184501532028843,-0.19345883972246553
-0.6526500030715333,5.364950649979166,2.6354286851447095,-0.3441595329618935,-0.9176918579568879,2.8570981094174908
-1.710027431201458,-0.3226922803939618,0.20866352990770637,1.0722106955574193,-3.3362037181011135,-0.459877955379729
-0.03629663293594576,4.13206103267439,2.297418992320125,6.468105994660338,-0.45922606575115144,-1.3043876661382778
1.9112647678340373,-0.5307923891990552,-0.20916929661723316,9.522581716876351,-0.11618585017195844,-0.6253005709785934
4.912890563350823,-1.212788002842796,-0.3225283512489899,-2.1567281885278096,8.367217919908416,9.430049062495538
0.9164300476134903,-4.156837982570443,-1.92849681879283,-2.22870877434007,-2.9532648873493756,-1.3153143676750618
-0.588054754123421,12.139581745847103,6.100514794129146,10.533598885034147,-0.06957592364471443,7.076740942549425
4.506488926270317,-0.1967255699713862,0.23815504932937676,1.6824802012523874,6.821164008292656,-0.7494697445570818
0.6028287912786855,12.484002773290205,6.096264259080118,-1.3399098018654645,-0.030055705919338285,0.5700901683075253
6.385337377066388,2.260706474315378,1.2370932031941637,8.443698866575954,23.003381501133198,8.990189752357606
5.940683746142085,0.7718689889191884,0.6667437553236005,-0.3836683789522121,8.604272407781885,1.4331922765872376
2.1595825834473574,-1.0841713617661115,-0.464329318889705,-1.2503312298660982,9.290978652524656,2.68193563743779
0.6071621862461518,0.6630544228818896,-0.009625976250583035,0.31845339696761926,3.1376066798491733,-0.7534519958746309
2.540626743283459,-2.2139743813697503,-0.9042882279738818,-0.9922132901024874,-2.142467419551239,-0.02068228194074169
3.138016932120342,6.060126697681265,3.218296826687513,5.291490568109002,11.983262226623582,-0.10655923025839759
-0.4052423004751157,-1.705755678260178,-0.7433743987135504,4.132992968732892,-0.7164535749556484,-0.9963111163427535
2.3786449027315517,1.7695974436431627,1.2246268429470322,-0.1937265378793081,19.00239911800589,5.327136564014479
3.606022945370581,-0.9650303179636768,-0.38536906553557587,-2.2067972880799656,0.5427929021271399,-0.9863824526342404
2.514205705284221,2.6807018746087894,1.2965934698635446,8.046087479303404,6.362968145913272,5.5387377478075726
9.125330263484535,8.236810880401812,3.697324141183509,17.33242967946726,17.599603024123642,5.540313033750767
-0.4696896904812022,-1.7343979426817482,-0.7580311657808292,-1.874054223483845,-1.6570337384340217,4.780751445696569
-0.2431894967136886,-0.3724561981538339,-0.1574367153795107,-1.6296547144189795,0.6497699669611849,-0.2137638481929404
1.600278332232557,-1.4427348337101036,-0.5893959915893883,-0.9495857981805381,-1.3467733210141677,-1.093633612999891
-1.150131597713399,7.22190894047232,2.7763619469901837,15.7105235327796,-0.7325035117023915,6.384445564246351
-0.7309876315423671,-3.0139538803285166,-1.4024857071064076,-1.989152950984343,-3.9198026002611663,-1.9074688060146034
5.320086969785793,-1.6926475917358497,-0.7592640126727774,0.9009874481023337,15.091735740839429,-1.668699445143596
-0.3662809904144131,-2.1616636372973064,-0.9690333490553824,-2.7103618555834625,-2.9601190720482213,-2.6931786529113304
-1.6378256974858105,-2.845600927917035,-1.389217546517357,-0.05358964826704602,-4.810233885901154,0.24463833629324816
-0.1468185646805191,-1.8422291595490652,-0.7695368999474653,-7.480092912683363,-4.389089186242802,-3.551281411530269
0.7309340014728414,5.816688638270276,2.458866286666071,5.133271151934173,2.125227311029522,-0.6866184278775109
-0.7301538186728745,-0.9249880641934038,-0.3856492733717448,3.296541474109051,-2.0028981769600835,-0.9747670417544511
3.2521736252290143,5.836967670933111,3.1794914783776864,19.452861558031337,0.898752712255596,13.125716289357142
1.0119323703333465,5.912246414184803,2.621187711112767,23.828052977904495,6.703894145644588,3.5726525507114735
-0.4459478094278609,-4.579607862076841,-2.0762678951433853,-2.694129646144104,-2.85422942639464,-1.8078121000201381
7.912751137614796,1.2640767820307963,0.5401092247732264,15.946072315413424,18.78390750608486,12.340823302011929
-0.2864808804463274,-0.23770578137188006,-0.09785011382871543,5.329946440791669,-0.6389481831959768,0.3401889913420138
-0.8159797241301366,13.787502838380151,6.681914568149989,22.810892251261798,0.740917818562582,0.3681178830439776
-0.05564600948212437,0.6455602748227367,0.6024046967603899,13.191755054555065,1.3486177912833024,9.849158039786081
1.1898975103154956,1.5589440247769268,1.117902270265629,-1.0639426507758492,1.5960149632756218,0.19331971478688825
-0.05178235494805086,-2.6000651526367515,-1.326243511936382,-2.0157244390636833,-1.4864240782716887,-0.9893247192641592
7.349356183642501,11.257343043446753,5.667134930573189,-4.140214313163503,13.746749916038716,-0.3827707895725293
6.601176458225331,5.902306807937925,1.8474289991074029,2.8309051068349893,9.13177802216921,-0.4031471011874592
-0.3141414482293483,-0.5685704415579295,-0.21962438075029955,4.087863416908254,2.9979000451213103,5.1242011413197215
1.1508190855928322,16.14050817274122,7.7649685059641955,7.174784802217195,-0.051229030942396975,6.501206259895726
0.3975193950100361,9.189766939386939,4.711585069963003,6.210829244049791,6.345438520041275,-0.36623852878675434
-0.11943557711127642,6.275494347470373,3.645688016383651,15.726820798824614,-1.0863945293516937,7.179315838895071
9.13821732348608,14.43076533642647,7.974683680466385,6.328017793273246,19.558219171386963,10.382224085375418
8.416617126626875,-3.8518813899344533,-1.7648260886035194,-2.9045746125078367,3.6701727451941544,-1.1817680391972736
8.507295407786556,12.453845101956807,6.309598982309866,5.318256441559888,18.57735543813135,1.5917563083317166
-0.33957940232430955,0.27549393965050895,0.31063892451747627,-2.1818196826372542,9.028237387302207,4.309470655140705
14.457273075332298,0.6750707225758747,0.7236653908191097,5.3917165873143755,29.554894779933427,-1.2378677042900583
-0.18491258415905182,10.865015856241726,5.324712533748896,3.6747529167685196,-0.8757284835151267,6.44766952095699
1.3891822486595238,-0.08831307362878305,0.10313382719732966,0.4914930476785848,3.8600547330743984,6.206320126814981
-1.7133136669051294,-1.1125011060159788,-0.5013563887748655,-3.8173310216651632,-3.8306780292135865,-0.9094722693077139
-0.09579954632125434,4.41643419467808,1.3526186956964195,7.049933306992007,4.29643787882723,2.9909519537283087
1.614303413398418,4.445504971124897,2.439913044175082,-1.5284063920691124,3.075284955466413,-0.0070823695394823145
0.5092838152690837,8.214639726790828,3.8492932558383357,-2.9194560004170107,3.744948454776774,2.172868300023855
-0.1558978346001586,8.09954163881171,4.071877641439453,9.44110286180656,23.22020358343398,3.656718952723195
-0.061775847590301684,-1.3459888597771454,-0.6066027513512644,3.525791418606307,-1.3202963617007881,9.295375560244748
6.4024625565147915,-0.8411365613406447,-0.315690189737094,21.420216326993284,2.3232621929403683,9.445099986965417
0.5078278800641702,7.48816917065812,3.9589871737668614,3.020920141316367,9.073655378010697,-0.1440368805398279
1.5934365146850524,5.054991827599618,2.7329585353000603,3.3968638964695606,2.334215185548214,2.6059501432739163
-2.2987875031923126,-0.5618393949394602,-0.18261548455081306,4.4521432970232455,-7.193423023051,-1.4112268797310095
2.6728557383662253,19.333202432108607,9.701238734409,8.4714380776173,26.657097561106355,23.065872613373223
-0.35758045461976207,-1.389841461082219,-0.5576035414005961,-4.495383679854216,-1.7630945199167412,-2.691346772388067
2.3335788941474678,20.082574168222504,9.80405150396793,2.6859516350540287,22.812496515792684,12.185860198594089
5.463765882456192,0.43418976946476673,-0.02354661264627238,9.979868811202353,8.601792402556567,2.40955301985405
9.626778316319628,2.000319995487317,1.083170808584692,-0.5272252693186544,23.138702707540567,1.985598492897126
1.4274626113314237,1.6486662145344995,1.1988698488638843,-0.3230349299107385,5.456816105080021,1.0569038583302781
7.12869638915094,0.38953850505384086,-0.07716548867676705,-1.5791562181329057,8.654001711914649,-2.572504764652673
0.9351856473850807,2.6642687455899194,1.565780231484668,12.983709341741257,5.417976059325353,5.595802368188528
0.9624033187751796,-2.0017372359526138,-0.8829553904615356,-1.2758608896069876,-1.5611504314443851,-0.782435864376053
4.149951295895538,6.511172556462579,3.44136305960557,-0.08834763106427404,6.0011276202913,-0.5312662607755415
14.193493542057514,15.97570721385142,8.15753475446457,3.2477309733275472,39.1640831819321,6.566068162872595
-1.0254902616182031,-2.2205112361550037,-0.9785728034309008,-0.11282028049008469,-4.620168959039672,-0.5857567398064703
0.4653792690760091,-1.7438000388607184,-0.6836845131162081,-0.7875366973193414,-2.424550526763698,-1.6720709263191116
-0.32971037479160675,-0.14435276585525056,0.3530078161249932,-0.5642342862351999,-0.9308233273636035,2.170509013313738
-0.5439716267119085,1.3078952001084763,0.5884685480070645,3.1310824287664545,-2.45644898709477,-0.6869342231412846
-0.017576030144486787,5.520068198747987,2.7446064473503666,19.506351176210583,-0.16209954691931933,7.971696847278437
-1.097489068284729,-0.7837785389613763,-0.35710047130606015,-0.4950711301576572,2.4974115678256155,12.911777913781886
6.804237771668653,21.18319653195041,10.464265267137321,24.566360476733117,31.514930301431246,17.184225435555508
6.6488355639628764,-0.47058576360412796,-0.1629478534993033,-0.019495069744241002,17.188770664898932,2.749589825531097
5.343258201763133,-0.1965685247239115,-0.24807824030521652,2.7238186553706023,4.154652425245908,-2.188227494790094
0.10728174357816789,6.154809674044127,3.410974730311111,10.893665702974388,6.748520816933677,6.029383286834008
6.358142451849705,-0.3027077855471805,-0.0528906846874718,-0.36578059759022324,14.611696844184857,3.8570979872746145
2.1914267994870427,5.157821436367573,2.721209182167233,-6.541415971768565,10.018122664231063,-0.09531812944514623
3.2083118987667554,6.905936116183244,3.738433364471181,-0.5881887098602102,12.694976991962738,2.0279824923975673
-0.05381672285009827,-0.6242361600247108,-0.24606831596689488,-0.43615239002012596,0.6335105850458078,-0.22582641816630852
3.6853622844619736,2.6061633390022765,1.6071924060521994,-1.6937508678447841,-2.271333534077758,-4.4915571892936965
3.7654900387234242,-0.28005647049254495,-0.06359990454496488,-0.11749217111221971,2.091398642235877,-2.708762213529192
4.891967026109824,1.219412415160524,0.797511587948972,0.22603080620787974,10.294609138556085,-1.4428824861826866
7.0022533958374416,0.7776272713279302,0.30898997089443375,-1.3083169717751295,10.448845844857063,-0.26028205630076273
-0.1613995711089976,3.154819928761192,1.4365184907067672,-0.23792664132650324,3.23001991177922,-0.6431229013440446
0.5664972165529973,-0.03129546705682018,0.6196012044959422,-1.124232395599652,4.966907723885411,4.101526126735715
-1.1395899763811885,-2.0683648555426113,-0.8974540397718519,11.184337794864293,-4.145348084989929,10.675286382903833
0.5055986156413056,6.113320017286105,3.061519618193171,2.490260373770003,-0.510213362355663,-0.9196572232580622
7.737837143111977,-1.1615388237572148,-0.4830412908285346,-0.26841933034364573,12.863745618777303,0.13313483380843727
-0.7103582014277383,5.272105790173884,2.4802812899822078,13.091154380844696,3.5213852074234993,12.963435395321248
1.2217273133229596,5.26564459768398,2.7342570383049973,-0.32275654157023126,-1.6242339654891325,-1.784433245384869
-0.9230373134269869,0.5188267287877645,0.7361240174934855,0.7379638755197455,-1.3646828979742849,-0.7034449755575392
-1.510005273520079,-1.4803299595818027,-0.6772951317185822,7.09786257267209,-3.116259328121121,-0.6663691832038231
7.567957558157224,1.933249698547415,1.0355911178312782,6.310844008155582,19.00908573125188,3.8798246272458803
0.041141732925476626,13.367295412973228,6.812097538170902,3.998107645354449,-0.24436633693182008,9.319751965122
8.560005072210787,7.059969913411105,3.7842283434303488,-5.064190067025958,19.51176049550349,6.519974297408116
6.356409060690611,-0.5442332022695452,-0.3466815596480943,-1.1619248727120655,23.525557614558284,11.789085864943736
3.5354448543526535,22.799337743349668,11.113281962092548,-2.101828340807474,24.556169369840337,11.761808998985662
0.30161719827456046,-1.0241907252800924,-0.5236848799051909,-3.2914852075289147,-0.9297575067874668,-1.8520764164867707
5.550178384088642,13.826757053768096,7.104136795432254,14.224470712974083,23.492902373909235,6.792470453113557
3.3753392216899165,-0.5538462757489474,-0.20095349734184778,-2.7249959717601318,4.860938634106781,-0.23759758982330453
7.68867982254336,5.170179470130452,2.6996451243894306,2.736379771775259,25.292799164470726,8.04795109815167
3.9220073664532027,4.876597614515248,2.6926649981553585,-0.11723181040101704,4.225947388310528,-0.8679782862107454
-0.32636651067536926,-0.5090439617301457,-0.17737920543879257,-0.7032056415557073,5.086189483340183,-0.8487171278291575
-0.14083004763517076,-0.029478852867527095,0.14805640618064636,-0.6524891613305611,-1.6617177086810022,-0.19273170754802949
-6.669165345031809,-2.8633595080225724,-1.3268767566626591,-0.8555870837145115,-12.817762021511193,-0.9894587652443629
-1.013916012001428,12.09123967907295,5.894551420883937,31.16408093999537,-1.8808492301433046,10.783112476808482
4.221700306056848,31.200687060342133,15.309094678168627,4.398009151298455,14.49893277145543,14.216887337594441
-0.6143020624950177,-0.8675692230722909,-0.3941015730942614,4.930637409825154,-2.850341970974748,-0.2594430663057452
12.429548104106873,-1.1132753864815474,-0.38622139634699454,-2.8079451657034546,22.860179426472687,-1.1262075689813913
0.48074185089810617,6.7019338233422046,3.4549600780165313,-2.275818783812436,8.429169773888265,-0.9820133810765461
2.2398699482119024,0.02838280242456015,0.4946667938980312,11.725136677842462,14.291616512224557,14.490255457365361
1.3927078214806923,1.9115454528424296,0.9174352503731857,8.110541190289265,-0.87170893507455,5.84659920015345
1.794960282556199,-1.9565873527392885,-0.815996744493544,0.26773287999681483,-1.7001349252770828,-1.7600069965515694
10.831178038448384,13.046143814379885,6.747237342402051,1.9885542182576192,15.572922033154361,-0.11938297285362816
5.706491853972832,4.264183098398704,1.7760027690465565,-0.7593897813810762,5.852716762420359,8.170908130901086
-0.20960335003276273,0.24507844804877282,0.3334320411004645,3.084685282957116,0.3168577095502541,1.8615527396183755
-1.3381377461879413,1.173322368950208,0.6503591966119596,11.869186164283326,-3.8350638790712597,-1.663439972780336
-0.10081691023926087,1.9903649791758915,1.1507252364080567,-0.4644843873029878,-0.6733472855560486,2.1272350648478513
1.6246266215120841,6.455538414903665,3.6631156970414005,6.492864176246595,-0.2262198315934506,3.6771067582747836
3.8035162094633783,2.439609174871108,1.2263162376098036,3.54032225559242,13.978364066391023,5.8229190294895945
4.767063121545187,-0.07799741712592623,0.5372034581602457,-1.610401306280001,6.279763500733546,-0.01625074582833652
8.13523703773882,14.383275000365407,7.392217222469127,8.267869852193325,9.128795277995795,-1.8432164290428217
4.402583316305041,-0.927261561784102,-0.36194656287126686,-1.195224780447031,3.605684177444231,2.4009030705080665
1.9687608553236533,0.3839344507750627,0.1304625487157191,-5.540724365052835,8.368009044124188,-1.2833214815966532
-0.30738512727000067,-4.782812019504617,-2.193067077905099,-3.2166414750260515,-2.023061784904774,-0.8254650568783269
-0.13198754205975713,2.3621613058796953,2.1980702263188028,9.878481467584676,-0.19020918261146263,3.5909113890604942
1.7025625790019623,4.708999096543981,2.440211551268749,2.263478662729103,5.7425997311293,7.36363102925236
4.748829060870692,7.859498901993764,3.962773759760981,17.895338325141662,18.76046702876054,16.190932363193905
0.852966312533491,12.752387417539321,6.5656106357842114,-0.0660633201809984,9.527119340817801,5.673192013791988
0.23869910123376792,3.354317394056964,2.0513562026098535,14.53110357481168,7.174299841951767,5.533056209291656
4.878044132087356,1.8916873341649163,1.2887463741671628,4.632174239383476,25.31788718837225,30.045439464904135
-0.442088206643775,-0.04960948439841204,0.2942846738025024,0.08249532231559975,-1.4656899955481053,-0.9227808778302657
4.76796916492835,-0.07689729165190876,0.45906442525658503,6.6940141081854305,2.343855058886866,0.6707477412959182
-0.2031604818062178,5.998664470168512,3.4824083664995635,-1.7794257952956642,-0.21062315628331804,6.0476221125697975
2.785570153700948,2.464822150263348,1.4022365732754873,1.207270650718464,18.261751778803177,-0.9683743621771399
5.592926273543274,-2.3940776743568417,-1.0803026106392886,-1.752536139588475,13.420055441385912,-0.4197882319415147
2.5936596771778015,6.217548063418607,3.0710426492481884,4.235022495818221,-0.18373316004344267,3.44711122075619
1.474627645015794,4.047113448140479,2.246262270130334,1.9241343499394865,-0.3098944560729616,8.239310430480169
8.556961280882796,11.295888235123115,5.522185888312365,6.2234579842022555,3.639164136191513,-0.40123366984698805
2.1840774234927625,22.938189645821804,11.197379172655982,8.397116735783161,22.296723652369277,23.913458844093668
13.52207028374166,-0.8034901609799889,-0.29643009801402304,2.072588538711771,22.369327226854203,0.37559646899257865
0.7989255117489311,-0.4404021014018012,-0.08760231369688856,-2.4668741388149202,5.851419343624905,6.841898059004015
0.12461938289702412,9.164661321210508,4.715400065954303,4.293141388186722,-0.9110062084083221,0.5681602477048378
8.113905925861225,11.388068833054707,5.71070316420184,10.331159673472207,23.32858071475775,2.435945948470673
8.096354223811318,-0.5333722792359105,-0.20455851325564534,0.5874171071167573,12.59667176260378,0.5942897888067327
8.638521376163624,12.875097818686944,6.573172019266407,2.4451053669100533,18.929113213949133,6.104957729679225
0.464311136924535,-3.6647488634325343,-1.6136643163018176,1.9756343841561883,-1.9055148531468469,-0.30706667753178507
5.351064768312694,25.123795675005162,12.367405784776953,-0.37978622830146463,5.998994658070542,-0.033378554133753284
-0.46383140507570747,-0.17308367260065433,0.06526358297307544,-3.3764036676397695,-3.8148256546187924,-1.7962041364157646
-0.797941485113139,6.64290170146817,3.0772099892744555,19.882465289646248,-2.324397309436358,4.623548160124274
0.19538352276856008,28.97929408343011,14.345654958378013,-2.77168074992535,7.212197372828973,4.523619691701937
4.092379094109928,2.0284839465878797,1.7561448442070213,9.263363746601009,5.659459157335741,1.736612335445113
4.08377173501637,7.6207460328440195,4.081135447310087,1.4247699919020749,13.196972038644711,8.355124689711518
2.8385874627000867,6.6206030886368055,3.2906453891232403,1.3901994829170121,5.568954439247122,3.081877756282278
-0.16200205600227113,-0.36241534718339347,-0.13021518822434214,-0.43006487273575367,-0.6016586909415835,5.713721306362599
4.241928454727354,19.54018754073176,9.744616966016828,5.617989619273503,25.893463020089047,11.437493548324374
-0.7892444299034695,-1.2979776857163177,-0.5661514583119549,-0.9536500532438584,-2.1974581293890583,11.543606689845976
10.851191917574592,3.779123651737819,2.286423199684025,-0.7885477366009616,23.67594945447153,-1.1077903099917126
0.9212764318878542,4.388227879614261,2.427192113339242,-1.7966899013797317,1.167342683852287,-0.5210968208379481
-0.11424409775052778,2.3548773278988415,1.5750571189598284,-2.240741920407138,-0.6893940016888953,-0.3412131742456667
0.843512928929742,8.663664957248761,4.347079077128102,-2.321281471356213,-0.20936751657462846,1.4467879229900253
3.8806860421902947,-2.195347196295836,-0.9993986394337869,-1.6685659677080489,-0.17250532695057397,-2.020797037518735
3.050381361050026,7.6840672864589585,4.17825875323933,0.5612727812162306,11.047611779056867,5.43920879427808
-0.6136994242490588,-0.29759414639734655,0.16764701923814979,-0.7379335064919799,-1.4851008260421235,-2.0710518510955973
-3.1975052324216175,-0.26161141975264884,-0.08022231274746282,-0.454238552558493,-8.872346619011148,-0.1689458603441455
-2.829745997177307,-0.4372625577641303,-0.15169033470024554,-0.0930988435411857,-4.820559548599281,-0.0029868889643049016
2.038921243242033,9.503049526658883,5.143540041661914,11.50786015079653,6.424970948605726,13.583275532973945
2.6143064883226956,15.34809303086857,7.572212294222599,-1.5576606987210275,12.879924328711775,10.256644164975066
-0.09825948683987717,5.645017778588289,2.6564426472117204,0.27155757905125827,-0.31581116789291275,12.83647226760624
-1.7046290031038234,-3.341483774429685,-1.4745033958195775,-0.5608695786675284,-7.694396455368931,-1.5244048928612517
0.8271861400458433,-2.922876981761302,-1.3336844700106314,-2.737738920383992,-2.1114629210925253,-1.9906603059193124
0.7607584057073037,1.0511772622191544,1.1681236390636989,15.001095450145787,0.965680372360046,5.487811466364968
3.9756176815504043,-0.28663624438577867,-0.05837975891372944,16.22895346592832,-0.16747887442359172,-1.979472507626371
4.288350434432419,0.6059369377318405,0.9578377095205881,-3.434736603423108,9.670717306854677,-0.3006046272719904
-1.879714976031586,-1.694591044642242,-0.6858280540205964,-1.0497092847438372,-1.911544532673206,8.653994025124351
1.9248090722052527,-1.3102805745229045,-0.5875489832503635,12.285455360717593,-0.03978439246984631,1.0570385209242588
-1.2770344051806966,-2.2955725528622692,-1.0382870212513713,-0.4122097901760654,-5.296482175069709,11.799588797619561
10.210752165264024,1.527363281870436,0.6039165807249348,-0.14795427946057443,27.109482051014535,-0.42785089024278466
-0.5367249617079909,-0.20671874972062546,0.28390672713692566,6.6851106109666425,-1.2529468824149268,3.225640075648884
-1.7659130108951757,8.73588089867268,4.598839985055976,3.936727356759085,-3.110759656162482,15.852504586080746
-0.3220337631012567,6.019364865657466,3.189970733696153,12.707948354248101,-0.9249768675180919,-0.9610965170719983
6.585843743091985,15.87137920644164,7.897289366374596,18.87073707365869,23.980186204693272,11.577789036673058
0.5745964822348796,14.114697842934618,6.968495607117553,7.91831932661056,7.30018084405102,6.602709348064868
4.669794203913176,3.25823135621483,1.9258359502548124,10.92352144182951,-1.7111406693885307,-2.1922250207224026
-1.9575128527742884,-0.4881392496578698,-0.1829308592054647,9.78818635863016,-3.1350209064363526,4.127436859020429
-0.08545538586768604,-2.0046484108018148,-1.0026108405403964,-2.827498748224579,-1.0267376962896617,12.371496893896227
-0.9900700014181176,-1.280544056344372,-0.6809291834602343,-0.6584969268344166,-2.8911834012529916,-1.3614593224799587
7.86229016427794,-0.38341804225611154,-0.1282129050073828,-0.7324027324633408,8.586899307612137,2.6436103468822836
0.03348613439391668,13.780058905856952,6.786524993330079,14.636603587666013,7.788070683695232,3.431794125631602
1.3045470507829955,2.6416450580234203,2.0158143236687587,0.10060072304400258,2.782781705722994,12.914871567344436
-0.09444974818630453,-0.378570814346361,-0.06147034877804469,-0.8561867128901464,-0.39961653628611676,7.221665568458015
4.1209914132973156,4.866930681366335,2.7714537024230217,-1.4455415202635171,11.960686484198876,2.7175655901324456
-0.4747920650455939,0.27604604302193636,0.20925120767471062,-3.8701640114047593,-0.9905879039866229,-0.10814048153232597
0.7806649801902625,-1.3048578580909378,-0.5387028974636338,-0.42640127589171206,-2.4891713136455382,-3.3766924158769855
1.9344876133550621,-0.11690716120089942,0.08465071114410028,-1.380116797480669,-0.33296963526129864,-2.154534338796732
2.703756860156089,0.16987727820442056,0.37697384172392545,-0.11743239773963153,6.783542474676961,5.458733437188334
-0.33032349182253895,2.7641060785558866,1.6351214371854699,6.183509142097545,0.9912681465914068,7.075021961936488
4.437085754942502,-0.0552600951729036,0.18827980030049174,9.009470067736315,6.7362453902488495,3.8362346871110784
3.361124497545105,0.02614881330101948,0.17873782589717263,1.409257406605566,6.659226286737626,2.432009275210607
0.0901653755296582,2.3013115447015,1.8252130663494055,3.7881452454957634,5.112112835636986,3.8988658322851295
-0.5001202231043843,-0.7236732099671837,-0.3124386469475442,-2.1333655726666145,-1.3620859949703705,-0.5333468908689971
-0.4848570884787819,-0.31750674462436346,-0.06783464211714936,6.404584071339797,-0.9524158267638365,-0.042627503516546185
-0.37807808278596533,-0.21194794403091022,-0.005584556375103667,2.8394280045527287,-0.04823498749761095,8.33250435274815
-0.2192672428195823,5.774320499611563,3.0762166399926176,10.400670768009338,-1.4851395926306543,-1.7860343088376585
3.875730293716119,1.9882526314655462,1.009149238022154,-0.4198767863857944,16.182150355944984,6.823829769965507
3.7458870264272948,4.3498088520016855,2.2237225123803173,5.980235305026348,13.793871792937743,4.048726850692798
-0.22401842953905937,-0.31853688771760313,-0.16213507257292786,1.0580175026939362,-1.2414251569679005,0.8670351381196517
-0.13411633630696396,-0.03588151181593829,0.19907652381049518,-1.041442929704109,-0.12006318167390202,2.338232679378029
-0.4680745409727205,3.2198832026934396,2.456427675297205,5.780385257394302,-1.009913423604542,7.070329101800603
8.509199791412975,-0.4932765471255944,-0.23866028576502019,-1.3551857912062804,19.888090063917968,-1.5034394716603394
2.153595725005692,6.204050388868753,3.7404465321821365,10.664419360450738,25.10968950815176,23.831554187192296
3.2371898597063895,-2.8005291828913133,-1.2836395663221865,-2.9354283134673307,4.32043999314817,-2.948739963727649
1.5166928938390676,-0.9227297931753008,-0.2956888915432024,-0.04786993964098958,-0.08486209392296062,3.95410948983423
-0.8749503219579721,-1.5275501677874594,-0.6192348601781559,-2.2920950803619915,-2.2406519814070722,1.9955369285909703
-0.8344704222091514,3.2605721646180688,1.9136412327993646,20.23207414943476,-0.6161310202487873,13.011396662051562
-0.8074016687972597,-1.3813260637912546,-0.5538858830501294,-1.178063293323797,-4.463130302187376,-2.301033405390656
-0.061323296704543,5.575370740175919,3.1923154072764666,8.512180452127533,-0.7380127095496407,3.6762177232280067
-0.1101775482652636,-0.24646137517096323,-0.04871615629793229,11.676532063209955,5.247175131103283,3.352794078973795
3.9250886442950383,1.2105195926239172,0.8453074556824158,12.766617734295043,15.402377072235415,-0.1916925068562149
0.5191730901446342,8.246607037796608,4.090663591990097,-0.9640450474274079,7.825896270533901,7.316190872111802
6.59224643838667,-0.03114356438836763,0.2824325591932015,22.762680406091352,5.588480521183658,17.651540331391587
2.816640575089882,-2.428109228502173,-1.0918203927613161,-1.3847793918634093,-0.6138639564260285,-0.9472529679919902
2.648870293233336,1.33020075760972,0.9409813869030259,5.518636915252422,4.540271192854077,-2.0744721617436475
0.17915328209209258,5.927064786648365,2.994644744911114,-1.0556712302214235,3.69619068386847,2.166375230257488
2.417387788456856,-2.506736172544381,-1.048898778110219,1.5557654506358927,-4.43676657196791,-0.3952659316303281
0.5703653249545929,-1.4532070420627805,-0.6617133304573245,3.5246389412320935,-1.1721624503130823,0.8782802244800083
-2.166653140668124,-0.10943338877336217,-0.01737403560312385,-1.0336440004755911,-6.7225592388180395,-1.8508975132751955
3.4512791098020745,15.481861538577963,7.387718982070506,8.343670061185446,11.785421177968463,12.595273059482665
5.729657854465996,1.542741706201074,1.1472678126307525,0.11744510583731815,8.317962333557738,-0.13194901496975017
0.23981894172294937,15.360560985678978,7.2607997448568335,-0.1330747594090885,7.231205322276159,3.4735853509161796
-0.28154922716863084,6.383466598302468,3.259997822661327,6.493483173996621,9.193811501331917,17.603902365734676
-0.22918196978302668,0.5466954174761284,0.6121523270795359,-1.698458836627285,1.3882098349157923,8.32292494001627
0.35172617280145885,0.6017605558723766,0.6047913507569118,1.5852889001761343,-0.0613418871125542,-1.5112560200453944
4.75340574038062,-1.6161355312217016,-0.6482046370755252,4.816020995557593,11.055508730091123,-0.12033372534708282
-0.37348063611996407,7.778780574305531,4.002606532393328,14.447452851239424,-0.36849801266603976,2.211319922938907
-4.345744706685514,-3.7840087553870543,-1.7276087916157907,-0.7949215312879899,-8.49739658966345,21.748635083142414
-0.5057103822448042,6.917207068134118,2.7941127202491276,5.4590814931091005,-1.119167370484152,-0.5618444388881448
1.4063613731854194,-3.4973768345270906,-1.6075092088603886,-3.5927966379024117,2.4727005103037634,0.8848364017058863
12.856633459391576,-3.299998144108196,-1.3829830995727912,-1.768677455872447,6.757395877405209,-1.016131426662041
0.6073010029615775,-1.0169397434565626,-0.3856690041909128,3.802672806729599,-1.1604839425435773,-2.7538828271269638
-1.8206884468586624,18.832997476828567,9.437120920799265,14.66736067018268,-0.3136155889051576,13.236891579164592
1.4505972367859994,4.04981863390499,2.343042314131686,-0.9264919100021912,4.607640159011451,4.94105727229484
-1.1448561671923922,8.875378689013207,4.95602777529735,-5.915550624580475,-1.4789073200345941,-1.3381588676951854
0.7549412061180343,1.3239813037604995,0.8983295448704838,1.7752644388431162,0.10442776657820607,1.9166159531457712
0.5707316770480171,0.9411789167642337,0.8431590055469333,-0.466693774410207,0.6755440601970588,-0.37540947356701043
1.1208128154915542,-1.1747044172179348,-0.4339605561485919,-2.86022182516409,-2.0882616778504866,-2.2859377539581085
0.8070830341126582,-1.7215835727055186,-0.7413222492315961,-1.176513100366274,3.446905029297254,-0.9376814624394845
-5.773406550742512,-1.3435731443316778,-0.586159081365817,-0.09245516072999199,-10.06692764036019,-0.4517007109700606
6.99379818549408,-0.16840627051127133,-0.02650883550138299,7.591755255709205,13.990780702178442,7.4449944205397856
3.642536651334731,1.4347733194063523,1.1514205973467102,21.389849893944607,7.056591226334938,9.233989629004366
-2.7128950420230193,-0.5200096123250433,-0.2069059227043915,-1.4706828039622097,-6.278500740280256,2.566288811940746
1.990336210370518,25.29605301860777,12.311056792302654,21.534449530454555,7.060819233378373,5.806396832871909
-0.30423977577632993,7.313632873533441,3.9957796736725673,-0.6854785135783029,1.974164209227249,13.74860344441379
11.198822616772237,34.1514920857103,15.713671860502922,12.369461361172808,43.321566583009,6.05388176991244
-0.22635179335868358,17.153992699850253,8.135707381653695,8.366897667466993,9.2858752249955,8.657510608469478
-0.5512795531630605,4.1590961200853815,2.0708592741322986,0.9323784959101006,-1.1887739025102195,-0.7356214546569803
5.445907061865628,4.425058585883907,2.2601191324462384,-0.9162009603116703,2.2489437837110042,0.6358118696008084
7.645267296265197,9.83948019443718,5.449272773099174,1.3430550814920292,26.23072328744415,6.9249703564823895
0.13853238161946702,1.4578292248366043,0.6830567170117661,0.9431690034837282,4.273221295100426,-0.2768880419356919
3.7846573823831546,-0.2484892419086344,-0.07433715819630433,-2.170343296669928,9.444592445286506,-0.05995000060630762
-0.7601310356904993,-1.9793356940390379,-0.8253011459780227,3.1795681964711067,-3.140388410480521,0.30609272473684185
-2.458707712063225,-3.1208732197549485,-1.3984118674063053,-0.5139613480397014,-7.472843719798688,-2.0175899127380967
11.129050744608692,7.440943486348324,4.1159472419681755,23.604825128178636,23.929056745343598,7.917603150690123
3.0010512901420787,11.703834436161761,5.787258111352705,12.673061575898599,8.388696277478527,-0.955291600331767
-0.05025744669746138,-1.9711276525938233,-0.9255152684827643,1.1085067293429847,-0.7492135564284403,4.123002337499847
-1.5489520779091293,-3.120216300166044,-1.4761963040300285,-0.6735090561621613,-4.427793787882757,8.079267187535486
-0.27854234732165445,5.283307634018452,2.6936833100231077,-0.5776613812001109,-0.39164531482106657,6.248273655751375
2.2651810037787232,0.8085383996387854,0.6438123805362027,1.4987672215357928,-1.0392191352233415,-0.7145098921074597
11.244953870230688,10.75734647405101,5.31241672381426,11.042334939715868,19.601553604596138,-0.08895901624913805
-0.8162787830754255,-0.13788730545594782,0.362638479239335,40.69795753202388,-1.5889629762671884,6.322757541139455
-0.11685652414410064,8.437968933811,4.462825348849263,5.045965111647934,1.392397135157831,2.9939940372804106
-0.4063839685223236,-0.827881912591164,-0.49176160740536184,-0.05331379603835527,2.2033672190950755,-0.9967577128592423
-1.2080513227736502,2.0048284457400176,1.5606114878620652,3.9127419513973747,1.0815244121067036,-0.8062475711200294
3.3621331663395457,1.787161696634802,1.0571158047384266,-1.463151659621718,6.944780888614217,2.7563290631809663
-0.39590097936866087,5.152501283406821,3.1428949830307857,2.4061483887747244,-1.0251111482991042,-1.5685625286642526
-0.3074243035890496,-0.7014045007837035,-0.17721693588547907,-1.189341474462583,-0.392325632246062,-1.5223367481475552
1.9985641999560977,-2.2574653184373457,-1.0002046442268342,5.13316102229635,-0.06417564238887555,-0.8580184008968909
-0.9495406085887549,-0.3189606369749354,0.3384281399686347,0.37573222481038043,-1.8890623834355194,3.93484466625433
11.199287570565899,12.761909514929613,6.388388158640659,1.5137037304574217,23.412997298430497,-0.1237939627243026
-0.24006354264482732,-0.4919755237424453,-0.13492899284866708,-1.4847326313767635,-1.7266945891012613,-0.44005108504114593
-0.29827297330206526,-0.03754281516790299,1.3018175439154704,4.823640607157208,-0.030672384929751217,2.2109072629409505
1.0319334470918609,-0.7747595924820985,-0.26670771587565745,2.895730350152464,4.881215259906046,-2.0376562251146693
0.933786774974025,-0.23701535520830908,-0.014960714890022153,0.20933478434831942,-0.04604598283027866,-0.14537143224835922
1.1776680599045903,-0.9931211514640842,-0.4010624179321032,-0.7810527959479956,-0.2456805903241083,-0.4545666990493647
2.2032499032574497,5.528310485455004,2.8751195286244466,6.55669972413349,9.673935282791186,3.9739858567039574
-0.04114087589962481,4.963390194053594,3.118645585021035,2.3572690492738473,0.48373770655680504,5.36110645749242
0.49111636243923656,5.550477058368023,3.005826072291095,7.351485330409932,7.349037229943679,5.263399277888174
3.134495201458922,-0.17801872472325683,-0.062154593876441046,4.10962070609285,-1.030732784966799,-1.0768095581719421
2.543038149786214,0.18513199343681924,0.38915456912406066,-0.1489915257503538,10.127257605248737,6.616989403625947
1.705610709570923,4.002859817707057,2.5886912618216433,-0.31943187546267476,-0.1449277695064116,-0.7301405863588306
-2.4140960698399283,-2.477997180669677,-1.1042802086080918,-1.087845658930289,-5.9965042273367395,-2.380505082120968
-1.0834487284419763,-0.12080642083779412,-0.03683621670255175,2.4387139709475414,-3.4115749903220607,1.8017812441582308
3.9466835097558377,2.8426333364223386,1.6808023544535218,1.3190942879999383,0.24857237065067606,-3.5254272721353552
-0.435440282536419,-0.001996991384273761,0.21441697690340294,3.0143706871867444,-0.44241929991139406,1.5817959021634063
2.9068988820589894,9.905659371038746,5.712954445681961,15.266551689458847,17.194935677081446,12.033633015670771
4.326635797747533,-2.50060010060775,-0.8868619317328371,-9.825946837173479,1.6412900224422455,-1.632012743834912
2.2557853319071253,-3.332210727405179,-1.5063452511284,-2.5183745905980706,-0.7976645867200205,-0.3093743108300748
-0.15962041444148145,1.9573597678368282,1.4535865746457328,0.19087254560794964,-0.8352987620799249,-0.44444314980418015
-0.11016802543543923,-1.0561254974510326,-0.4585443290691316,1.9727302806615903,-1.4815552795114189,-0.5897466823121225
1.9170613395943217,-1.2722798277564857,-0.47260049016659,4.895918642173696,3.0102913176747395,1.634364207074656
-0.2891829557698143,2.6761596066675244,1.8669928777976348,-4.690729311384043,-1.893637090565714,-2.8865288000361513
-0.044291460560892504,3.487190922970451,2.016921317474914,11.004788790724323,1.8289765820107915,2.759964740563503
7.962716410093789,6.680705220271097,3.49949223051654,11.42013632201143,8.179587434377416,-0.5444467025463258
1.2620219683516478,6.343617827020287,3.3324153220537927,3.0343619034732825,3.3840972388333497,-1.5352026200671105
-0.9100627404817341,4.5662704121737585,2.383855037640111,7.098741051069917,-3.1945623471625257,-0.3449921465496773
10.454407807183678,-0.3671906215324491,-0.10741684576344022,-0.762279671736295,2.2612684117451427,-3.608988020515009
5.527335431102415,7.202213087675419,3.581751049165069,19.983599252386693,12.45848769714511,5.71445310851657
-0.649078535574838,-0.06689855930989981,0.2724432603679671,-0.5066588511846976,-1.5704825810533132,-0.022393712236393328
1.3636310716086122,-0.3328234726996591,-0.12398998657150156,-0.713692168266403,3.8371388170179634,9.914611566537003
-1.541026980046919,6.706068946469492,3.531361457591598,24.82435953601828,-1.6332702719965253,18.739992067176672
2.645058563823423,-0.8230970071510374,-0.4225976638777657,-0.5429653617582885,5.017823380051344,-1.8099189949271306
-0.2378848026883209,7.384190573536101,3.776160529259084,-3.325864382703435,8.858333480365626,4.149744312081634
0.7720027664032707,-0.5410327438179751,-0.18001081983926825,14.778554769035068,-0.6295348000110366,-0.1260391574312388
-0.5847827350368412,-1.8141185322090057,-0.7875424647469051,-1.0320479492255592,-1.6684658527493548,-0.28359475866369505
-0.7211703464285938,-0.13841588779513903,-0.04394012894341324,2.1433116865462796,-2.0111340246472977,-0.7041882656830339
19.89751965260213,1.1264854649749059,0.8620672962897982,-0.06429011625165097,39.10648578303373,-0.11655974846626825
1.632925525404284,-1.074998531617595,-0.4086485278751706,2.132159118617115,7.952691153275177,4.571365733277393
-0.19533969152608444,1.4230131709442637,1.0443283374310026,0.9778315850600491,-1.848496188001946,6.810759783934993
14.874364909140178,-1.2436432348203201,-0.5514969304892716,-0.3431263575244842,32.69889103762515,2.357541997788269
2.1021790265614193,1.2797949931467771,0.9055519158413584,1.5371633979736972,1.9358245266184637,14.022014788259794
7.8675599585349545,4.191676588719852,2.34579083907295,-0.02169599313405617,15.18750747620196,2.39958439859066
-0.6515726734368823,-1.9675338641180187,-0.9109994635444318,-0.5101504159836632,-2.0739595653556955,-1.0686820434884108
-0.060580972801985045,-0.746481182973714,-0.2807685154889001,-5.324687324349565,-2.1575276300144974,-1.6093271849242523
2.023563475711656,7.755664659922337,4.190862542775294,11.819879423346928,-0.5256498922646274,1.659773037414991
-0.6170577156571847,4.5832357477374215,2.358889101847523,11.967642464966302,-1.1650623224352488,3.461132850611217
3.690023495515274,-0.5267933766397893,-0.2126259097050853,0.05296018593400398,-0.19419755904662475,-2.8563911627323066
-0.1672130406902777,2.6992492068473117,2.053622490932498,-2.380545948042589,8.042674653358013,-1.3036661043894597
6.950267786746185,4.776369109731975,2.6817604166813402,4.152211314305131,13.330444349203317,-0.09609012875594553
-0.6881405255665684,2.232460403449354,1.0809905803025375,1.4951670497336012,1.1697079896694667,6.202071236548494
-0.5420035593353195,8.293807052889388,4.143943853560199,5.242354994848445,-2.6911445624981045,-1.3299581913372038
5.761713728427007,0.8763313478364326,0.9279507036433771,2.944802197972307,13.343168903990266,4.945583832313666
2.829447624209929,6.599785973647017,3.3299891455315525,12.937313475175975,9.86456972110997,8.957576316381212
1.293937797582736,1.5604816100767749,0.8212906994956692,-0.3301698229616402,-0.3234354654224163,-0.7509897108389524
2.7287843911198877,-0.9326684132190034,-0.3553653678298456,-5.604538509458857,0.9925373975771034,-2.4580418980450043
0.7058229718861414,2.990322644937964,1.8437951493570122,-1.8093974766436187,0.8259972837001269,-0.10210408194718915
3.113730999582015,0.8936305004501071,1.547329443078692,1.778832539972064,11.969723253843675,19.928294789116464
6.761247688402265,1.1665793386147545,0.9112149694730247,1.206417666059715,5.743798585228364,-2.7320770761235043
-0.2975086071368342,-0.18823062094096688,0.0008830754450506184,3.0328942868862345,-1.94598022328668,0.7602701770628573
1.6542879936432688,-0.040860767469469074,0.20751095238769002,-0.5049484195780947,-1.4519429537542956,-0.5846240913769319
0.9571174077529079,12.270128153767963,6.169993302303972,4.144016113780227,-0.5141911102841089,5.179766584888377
-0.35507420521538613,5.755014137295172,3.07203614349876,-3.0987015039234613,-0.10710257728322417,-0.9781749332129253
-1.4686019316679548,-0.30136123517300145,-0.07212601168764284,20.90995224708509,-4.169935742031575,-0.519718320726957
0.9527512789048707,0.4817862084814558,0.5667631227830512,-0.6052168727360275,16.74561468671201,15.644134616538667
-0.2778113577738445,-3.172753114674503,-1.3994705621655723,0.6501870400336119,-4.489610278651702,-1.7273293683813593
1.3827873924128973,2.7580869884531354,1.2066916199678366,26.332198248067705,4.740731207130385,14.687984503087263
2.9108741892698484,2.754319304635203,1.5985879330197397,5.526875457214676,4.361991719115963,-0.05272977040448077
-2.9555013974776827,-3.6701741892692645,-1.7159622780226753,-3.376547952128798,-9.136991015237014,2.3352108327911543
2.1940329338505524,16.966628523640633,8.295817538247492,23.636915197781043,2.617053974690117,11.780437604735347
-0.012406363506026509,0.8316719899300762,0.6925567672250058,8.83285587652142,1.1230739537899095,-1.1387021214131474
10.123873588711062,4.503371855657881,2.170075074680731,2.045333366899908,21.18423823782524,0.5338566209495688
-0.3017092334316772,9.83734609723033,4.958431136852016,-1.2904316430485148,-3.2887949977297755,-2.312524082725379
1.8256272429912426,15.629434368765665,7.357642613044386,10.075950566675495,14.891249691187856,11.032247208000907
0.33578890276502554,6.918779692670504,3.586273696073569,28.838246527115306,-1.6437578928527317,-0.3343466892059009
2.7264520137923247,5.828637263699112,2.6089321661439717,0.4077680225139745,2.865993818298378,-0.004783327387595082
0.7889829468450169,-0.511871122631708,-0.3273453685308133,-2.6791823648131468,0.16991019883477337,-1.0693330783139774
2.4520049850304426,-2.0534852640813908,-0.906139328980109,8.04436163995801,-0.4176919422195308,-1.4250397202340142
11.815576887116388,-0.8811546271526778,-0.3006285159336004,-0.05833781000656777,22.067610529528032,10.308888558051542
2.695407764176746,6.241689413506485,3.38121148765044,-2.079154537792141,11.840333937430383,1.0452367781536376
0.33420578274580676,-0.9063612434564808,-0.35221544034548063,-5.246027334366213,-1.313026022381417,-0.5145266024534733
-0.5801529287987144,-1.5186856673657112,-0.6238750492487325,-0.637581168424736,-1.1036181176056727,-0.7681758739039829
4.777491644616429,5.297802002917557,2.4087688236068647,0.37134348731641714,11.240681829664165,-1.1321731454070405
-0.17636491543208282,-0.2922627664505712,-0.1808573188028739,22.69219570801856,-2.805871857260061,1.8438675387163683
0.4554234176978604,-0.16251312752216343,0.4417787273841052,-1.1800266758072244,8.455701489090552,-0.13968860278266285
1.4177513937367894,-2.2225810146378806,-1.006394636106003,-3.3168188096143476,4.951280279882672,0.6979305074801775
10.52689179098579,4.093461373692471,2.169771645344759,-0.07889291424445806,29.77825306445501,1.0761929674662343
-0.32560514038229793,-0.8731107229509022,-0.37351757060224255,9.893281660257962,-1.5539669781402097,0.8945324995687408
0.9305897754360547,6.292117626157772,3.4827510261824375,2.8546948551622657,11.424522426061445,5.703926085731505
1.6591207243892845,4.460123713028468,2.646324379013255,-4.254668232509872,6.094759381430576,-1.090433436554916
-0.681573659844856,-1.0951580088244506,-0.45905226430702584,-2.0857957651421777,-2.0105627682196956,3.8961574503245755
9.214804470572224,9.449495807365366,5.351128704662575,11.950388671818617,15.146611649433046,-0.25142944198293365
6.914010612586989,7.162998377528667,4.374997662232832,-0.6342112295853269,4.207424975811382,-0.9245099086185539
18.67351600151338,18.646640820410457,9.112422194043127,13.23604352012032,48.76840045112235,13.20981708273691
0.8762487024589801,-1.0632892601532686,-0.35787683431193973,-2.681435780389739,-1.1105744819959913,-2.6542735528798485
-0.33839052653298163,-2.479255567022026,-1.124525110489275,-0.30701891855498065,-0.3085201666313263,-0.7162233712756818
0.9741374626324181,-0.25746849152079454,-0.05836262823369005,6.146925501880657,-3.0171454511590907,-3.6187623101797786
0.1906410015180554,-4.028542378381229,-1.8339104022245962,-3.275164214187512,-0.44137267076432246,-1.7488995017242566
2.3267564451693596,-0.1485776863094725,-0.017369091347509857,-0.7540876493227886,-1.6717949575748556,0.35107826343899334
11.2990303688486,-0.3091716569249598,-0.07392948794212105,3.3565687034667153,19.267376632784977,-0.24247301302660068
3.885828708768755,1.244078600972034,0.6535991689728101,5.32516134802824,4.439875653459668,-0.7645732825742639
-0.14193687489712956,-0.31007637173706437,-0.1220073570032496,-2.1732873417913896,-0.6410754947104467,-0.05115223176513966
-0.8690494694766269,4.615080335234394,2.551358771256756,3.321760516055538,-2.521506527656647,1.1054985466318938
-1.3968999825971045,-8.715446769732528,-4.06910379233453,-4.6079108385439485,-7.502033047761422,-3.7837669126595346
-0.7029659895572039,18.779415738640377,9.169437891626817,32.45007516136568,2.410926047004686,18.207233548155973
1.3009353686139982,-0.6767044315333864,-0.36978582775921504,5.372482761153233,-0.7644039106436248,-0.9646422410568154
3.1843565713276867,-0.2696579536958188,-0.03957526679764756,24.02056769842749,9.411327505254961,16.083750186563268
2.7961481014329133,9.074528971270238,4.799631184692659,3.989126906669333,26.06640865784458,19.421545532662307
4.74138370346353,23.321143802915707,11.392680800484234,13.154409061238415,21.54214285933239,17.22932404422732
0.5628385754915615,0.8469728594734165,0.6780575112723446,2.254620460023445,-1.7826339109723877,-2.5139525238176508
1.5141154747006769,-0.5989802097709154,-0.2321058936501495,7.759802341442191,-0.7238984991562809,10.075974871126922
-1.7428442649662779,3.0120508815260973,1.9763902717073143,12.785462278198441,-4.590979319213574,-0.24079742931279655
-0.2551944970106163,17.66664859817235,8.893435519617448,-1.3662867715258653,-1.2322477780503942,-0.4721013649177662
0.7956000572700299,6.859044781834203,3.627745570449287,8.187644438294996,8.762935964768452,-1.6448937339591216
4.978844102696999,-0.11831107030117426,-0.13885514906988003,19.932696586950907,-1.0249680195276059,-1.287116357729478
4.124291448904489,-0.221958442228666,-0.01648145556402374,1.2981954589726568,3.6915037706192035,0.08494811521919321
0.8213287854128695,-0.3340323772976233,-0.07896500519069381,7.075088939005092,-0.39733269714109287,8.165987062938163
2.3437198294295674,-0.13743013580846,-0.04765933646823502,-2.995049876250066,5.086230490519999,-0.003010444775240995
1.2961000197248755,8.334152007215707,4.334807496398948,5.017378742944891,6.034184118174225,-0.4648071955707835
-0.6389596461468234,-6.46187006221016,-3.0400033884742808,-3.365643291769879,-3.799783877681511,-2.696086323323506
1.818424442377137,7.65923187027289,4.590301487986771,3.253528165854929,-0.9081271369578062,-0.32693455878856276
0.4074692468036658,-0.26774158312381513,-0.09250724118647874,6.764661177252182,8.245831567121789,15.6968632729352
-3.531989282065093,-0.019585948085994388,0.3008135662869644,3.23549033395829,-5.559457556960735,4.907767545064426
-2.876327584710909,-0.21357603578954587,-0.031613518597038204,-0.10351741116528063,-3.380405650467665,2.0967966924935904
4.300081836691223,10.237158238443177,5.653364560469273,-1.2047307438974113,8.577426668006092,-0.4237126073540983
11.636770696756095,11.699923233120725,5.917624998518207,5.475644771681753,31.40283971179639,0.6628338000553056
-1.3911370139401085,2.7458722289954025,2.0880097585856094,4.352684238494419,-2.692431917628812,-0.7920963582229383
-0.2117094593173221,-3.5186395237357533,-1.661303182896874,-1.6315266914935447,-0.5102324232582612,0.6852382679520065
2.01636076441418,-0.2763824972328161,-0.0652502477315118,0.3725051589522199,-0.35914306674828594,-0.6880892718570077
3.4994825317992735,8.007957951106544,4.258243925927755,-2.126798460927527,8.050129377705083,4.469151102351727
2.995355384090013,-0.34418447364294436,-0.07629459168605274,8.006476335954845,-6.156439199185293e-05,-0.013605742388593245
1.3017559009113289,2.245862471125852,1.8662208440402241,-1.1650574335973736,-0.09356923627268794,-0.12956962257313484
-0.021678785306940253,14.515460362821582,7.2197428501550425,0.06566212480258615,9.183524769259412,7.385000097407792
6.372467648707804,4.882098577874906,2.559668253479309,2.3713250131865413,14.139221988153064,2.300202845515436
-0.29704098934521467,-1.8146034218376006,-0.870518175446137,-2.115790935183215,-1.3915708774001598,-0.6302428231791265
2.216314536249408,9.880888694123994,4.809900262840471,2.6725541116550233,4.795489792860702,20.756848499537234
-1.2500057435999292,12.223353648448768,6.128330217361417,7.230595964210183,-0.73280486120782,10.07535085904151
2.2133115625544986,5.961907149185314,2.88944443017378,-0.5520448054135804,3.248909751045772,-0.3894841321704505
3.592558928456638,6.152035034439724,3.295232323938138,14.283213812725123,-0.9286006450639439,-0.7604951662500069
0.13339195520745784,-0.7511424563424917,-0.39722713841953833,-4.494440611228701,-1.3010161894615893,-2.827323954310774
9.486888124070774,6.002502417555703,3.147314176124829,5.233442072492686,20.84089712902052,3.478437195587852
-0.028993153349923362,-0.35939385398275436,-0.09467578797127457,-0.40014783176586555,-0.6634765551735959,-0.11719415867261014
-0.8488781265891338,-1.8503479281138475,-0.7936822065927361,1.1069774064707587,-3.224767033787621,0.24445875610479728
-1.2455666859078205,-1.3710568004531023,-0.5458904293029992,-1.8937397289307378,-2.495149533717961,-1.35165183491733
1.077049340841202,0.16080835032231572,-2.9311323395364576e-05,-0.151085347529675,1.0562527787625942,4.191292952050485
2.224950832631846,-3.8985679066090704,-1.8587544928323938,-2.0478947249190336,-0.724642479604142,-2.054203951027186
8.7991497845959,-0.13906238344340618,-0.0658108219055437,0.2239265812255984,16.619996810600398,4.017657716703024
1.9466512251699144,7.102315408126833,3.5152911888760925,4.090766142942353,3.9964590469139525,2.417205481557943
-1.0709071501038034,-1.4346401020859685,-0.5347510544252473,0.5793775002400965,-2.5213379829330775,2.286339187197111
-2.1411744506918047,-1.3642180713534013,-0.5592756509365261,16.263764173814256,-4.715163017791286,10.162695512362655
5.392890651103921,2.150671232093533,1.3573080222210785,5.219758288931253,9.946739760962275,2.0291130671359614
1.5652670603542074,26.96610479610844,12.800892203319066,34.327394834635314,6.888134763045954,11.866542075707478
-0.4760932331874173,-1.362967064125923,-0.5131299255675655,-2.0239166695025492,-0.881984779983268,2.3727036856777137
-0.7233401690474897,0.4080784509989841,0.45164600775255614,4.711440376224248,-2.4156697405097365,-0.35243071185122465
2.578925098783243,-1.2289902007178646,-0.43793027714740873,-3.0712822267109274,-1.2047562569355392,-1.1333537143741121
-1.5137344698582602,-0.19451699038912101,-0.0468136208738984,-1.1619345311640144,-4.357703035583692,-0.8961569219107117
-0.995047942830213,-0.519471288487701,-0.13567918787237554,-1.857143869993789,1.320523924500654,-0.6496478242631372
-0.554271432622737,-0.7234533133170191,-0.30190793705807795,4.0565260232320695,-3.0078257254235172,-0.6163477282830702
-0.6708015960191231,-0.5572142002844827,-0.29033936548852707,16.088277509763937,-1.4181861123151447,0.19861719435063574
-0.41755433735112146,-4.482243113709841,-2.0763651529543536,-1.0574284010866681,-4.188148106289763,-1.9570230634659547
-0.15529833655941988,-0.18965789905774932,-0.012461750985009547,-0.19977200704488812,-0.096260656362822,13.465978271291588
2.5682227931725903,6.280849393027452,3.2144085526299873,7.108780371518913,15.066737330214593,11.436246029046053
0.6881336053195759,23.014070767311573,11.222761866044861,-1.4449867983308309,6.437907335012786,6.497049120805798
-0.026021157812123177,-1.7267109575380275,-0.7014223344046935,-1.2218802487582507,-1.4855691308535883,10.161481088115233
-0.4299316901803891,-0.5762015595098982,-0.20617728277743766,-1.2413584353238987,-0.6345893019130568,-0.7498633744332359
-2.4042159311820304,5.446799331132244,2.811260191812505,14.859201796649192,-4.486900136242572,2.484133458925648
-1.0828193680789973,1.5088501468817117,1.058598712464501,-3.5052765534891286,-2.457017886330709,-1.304675266823337
15.980429008154736,9.104658205681831,4.3845459648111405,8.199927801476237,28.2141831090801,2.2266577443241564
-1.4701599551530737,-2.001721275700091,-0.9011707911049633,-4.52056056285869,-4.73168440412054,-4.7727532575482945
12.977035061241239,-2.563113869673525,-1.183843772816316,-1.1648537071715686,20.011859779942117,-1.267332495311213
3.6079867569632764,6.004820000415848,3.3738642370504217,-1.1916544059177558,10.445131608304859,7.200802852092343
1.463756646383466,7.333115077564323,3.7461689214678007,3.984427471068411,0.8582282357997981,-0.6335340378888414
-0.23652529960847352,-0.21234073249689286,-0.17635153622470023,-1.291038644447471,-0.1128497274323782,-0.5663442796471204
-0.06606156007775699,4.697552434378501,2.707560885080412,4.3352741398107035,2.033848307214782,2.224735398496512
8.128155371476417,10.006410712116429,4.696884100050207,29.69875764201712,27.615630882157447,15.213530582637587
-0.10618291448779363,-0.07300457965743477,0.18982612821952422,-6.605743173383988,-2.199795349954223,-2.5872995707074997
1.1085920937970708,-0.36145473059401606,-0.19264222840640347,-0.25510999686887537,12.88063196534794,9.10772271245157
0.9097115426901253,10.916378705297284,5.473967577930484,5.640345508601061,14.163412713146629,6.82864299253387
-0.9170936062793118,-0.15854748244009945,0.13485519930846745,-0.1607138551656065,-0.7545041893670791,2.8425759027571056
1.7662562581138828,20.04843609589042,9.783571644099531,9.431770885627675,8.804137868896275,5.557214103063393
0.044885308900735166,1.0601547804995506,0.5338559264913969,10.941646105698222,6.594525208192829,5.722273999011034
1.5801172017845102,1.3402720379208284,0.8054621661459656,0.4041439923378017,-0.18367945131643246,3.405687830942722
-0.5155907359463108,-0.6066316226611377,-0.29993290160045155,17.49063340549804,-0.7474490348946121,3.990463939854023
-0.5551188904650431,2.72859429384791,1.8601728796846169,-1.8725841993532457,-0.23846598573200117,1.124527566081715
-1.523742187848539,0.45098299055971947,-0.007882204932470672,-0.1584587494748683,-3.5502272165787456,0.7962106335017126
3.5278438463307733,2.9170038089136603,2.065280947659529,-0.007524214525139317,7.6466431519064235,1.109597848947904
-0.7061492027177065,0.8026144353905014,1.0636419612242756,-2.3139642091693196,-0.5971620650623924,-1.1388945720452517
0.14856441068162118,-0.04532150346501003,-0.00928513996656848,-1.5493905017604774,-3.321817884919068,-2.1654470780625314
8.749066436082455,-0.7160111552002166,-0.25358152216846425,13.738945244796296,16.26904267694409,-1.5464141353789405
0.33962261650162506,15.584382583769218,7.305682985013549,-1.5089519960272955,14.027107947834924,7.989983936908483
0.900081602424831,1.5547332391312052,0.9371536662800004,4.4798444185418,-1.077069447718143,-2.2533228682103092
-0.3503065356381337,1.4491247376008425,1.2754712765223628,-0.01438328303562948,-0.2541407988689171,2.201100526465964
-0.2458920353849944,0.12334856588870102,0.28034137902841777,-4.155660441995879,-0.30902784982189957,-0.046419381859431265
-3.3084005581888007,-1.4601783622776754,-0.6779147434707449,-0.07141797661874087,-7.776118233280032,4.976189670261205
2.7595865669125326,1.517361537831396,0.8397270600862538,6.147418858212186,9.705395034610726,6.628473682101043
-0.004499866363497818,-0.03384496490709828,-0.13769121227819991,-1.4007618620905964,5.04839016193161,-0.36641866900305575
2.626227590305785,-0.06990820749073941,0.6823479829120264,-0.9359991329646631,2.696787470863393,-1.3528180379603936
-1.10566470717824,-0.07917144449186686,-0.009382209027529731,-3.4694380510295013,-1.973504528389172,-1.035444986155201
1.0762248528600347,-0.3894529606902373,-0.22774902591120663,-0.6429071631194314,-0.5376218934317402,2.9116685765019783
5.58602428383397,7.632546665344392,3.961823738277121,15.337846549428471,11.850340457106784,7.476029475644915
-1.6461610654877683,13.976605535832173,6.882046114458393,-0.6919387685171463,-1.9235701489475705,4.163892096704739
1.566132842789897,4.712315694811387,2.725134826582949,20.331978980566273,6.318742118793371,5.1448649859242215
-0.05093650077208794,2.985345120491591,1.8841113969746786,5.049020367130832,-1.1848720692810242,-0.3978992248580919
7.467414633259296,6.3280121578353,3.3833267084016643,7.975835667806316,10.922817141613676,7.719683855231019
-0.03906662115891573,0.19609948094786495,0.7899138764556812,1.093632381764365,1.497269260756794,-0.8486038396881469
-1.1731380000560383,-1.778327767974047,-0.7702292851773722,-0.7749488444734122,-2.4703488674564795,-4.307533354370008
-0.26553136713889286,-1.9640842023555696,-0.7889319245001618,-3.266711581476759,-5.618010758134009,-3.248867385706957
5.291626708950205,9.721207525125722,4.325959110515916,4.212012680563103,4.113770409772587,-0.4442693347947868
-0.09469393639009437,-0.586694560540138,-0.2143388404940145,-3.8717073156559794,-1.0009432236663123,-1.0902052454278681
5.861782966996466,1.4538013268525196,0.907216280326141,10.051980169726663,19.985345320630763,5.21274277691744
3.332861640200088,11.567159175080741,5.718678989997746,-2.7662350248711083,9.247006361883596,-0.05442772004657446
10.752793591379785,7.039891917449098,3.7605940530684068,7.288886925859817,28.712865472417676,11.983952667482562
-0.2460878100150922,0.5891841119933766,0.1294850332724637,-0.9376339754648684,-0.22631920581136225,-1.699102401653666
3.444075992824783,-3.171981791585532,-1.4154155992249073,-1.5741296431309268,-2.046129273149744,-1.7306930810578416
0.27213201858118813,6.047963253037028,3.3478768285695284,2.034107892391294,2.9221842157882145,-0.022008350588991733
3.541246106605729,9.296453489694025,4.55776493731036,14.855211563027723,6.096358648071701,2.190646218133038
1.0400231311056183,3.5949285925749606,2.2379806542310066,6.60477393759985,2.9861679260753777,3.0995861239190097
-0.6408616601982088,4.5773728986034685,2.52594918838102,3.584820686315915,-0.5093508067868341,9.865184857317306
-1.4236568184516354,-2.9430954372563174,-1.4251505542495395,-0.47832284797098057,-5.161549012527623,-0.4081431562664207
-0.683271187925138,-1.3062646311899337,-0.5333212746145037,-0.21413739722306746,-2.284677872562785,-0.8088937618859009
4.252541308705442,0.7514585551960655,0.7363286339955023,20.626435313577144,6.014265787639056,-1.6285420689964814
2.6815245885202184,-0.23502168736061996,-0.10295796480545848,2.6496265897924864,-0.21983020145692303,3.596251141513804
3.938660091138826,6.879473058105542,3.5817273985331797,3.1081625809751827,2.4483925053533273,1.382422246480853
-0.1808289111957545,2.983784424181062,1.7022991489846773,6.820797318041724,-1.2251436286932833,6.32578436194482
3.629739710557173,4.956091741263514,2.493931783272782,1.562997991633105,14.58220611098931,-0.4199410500927366
-0.18485161481871493,3.6072934307912874,2.006083757971935,8.004368006570601,3.4192295768093666,11.500137783088554
-0.33067424428742836,-0.6240234219706339,-0.16854808554428163,8.856520772159442,-0.9376729407660236,1.6395547485818702
5.507134223968357,3.23312735854503,1.5835519494160692,18.223424328702144,4.727534616497455,6.612243319877803
4.714717162028664,8.791749848138497,4.262370713137251,11.054858847780732,21.327260623885035,15.661798141628495
-2.8435399043291434,-0.07742988238594924,-0.024989645544283935,3.9281669516868316,-6.488926708727374,-1.6185963390490816
1.813796096233535,-1.2813322295077927,-0.6472764935961817,-1.6503212786037107,4.813622181118034,2.193348231292771
-0.7976318858270464,2.147039118925369,1.4441359084302678,12.403275744633856,-1.1000985152687315,7.3152774187130705
-0.8505563696292722,-0.029250383022507622,0.40177957823624993,-1.715783021478046,0.6911014516327151,12.471214970584066
-0.5594806596578554,-0.5318259151384908,-0.20562724482327732,1.1158586680681628,-2.6279716256768424,-0.0700160461370507
13.351288472095248,8.043569147222538,3.977532073963845,10.923026586312238,25.152382182763905,7.550253914563099
0.6706755402029978,2.5722086801298554,1.5939122062899875,18.853901497905532,15.65002448440909,15.869561000543806
-0.013388479776017915,-1.3916487902309238,-0.5738959978273473,5.486499515977834,-0.8881453178432235,4.081306045264258
-0.5797113343308974,-2.232786550509519,-0.9904241151840945,-3.9273902354424823,-2.1687881795952193,-1.7462866885062274
-0.38556791049424327,-0.8512318272769321,-0.3435679172616333,15.771708656476473,-3.154081404698782,0.5164998299440782
-0.12503895698195486,0.2485097163460252,0.2858952146682647,2.5675180508664277,-0.16315873223663407,8.820842080256524
7.881381854993765,0.4697352108922818,0.40537524391917923,15.353742118242954,13.359578337722251,1.5972757902421122
2.619508829095891,6.432066015768647,3.273734027375059,8.683575223110003,14.269785001326317,9.69753670707877
-0.18652534085499536,1.1102163926515858,1.0446184999244317,-1.5091140559869116,-1.198605306708706,-1.168457076611668
8.666187165720226,-0.9911524999535996,-0.3391844129658268,1.7621172871655646,15.613033107449905,-0.34977692599792265
13.735191883086154,0.5490508056422722,1.1409768345421,0.3489218861434177,17.93482200564361,-0.9941262033805984
0.42146348406389395,-0.24909372435467408,-0.01581880418439636,-2.861761286994537,1.4891056034927082,-0.619760135529856
-0.07330187832261319,-0.763995408742097,-0.3168020397554887,1.3864558758940384,-0.9250831018481298,-1.5889250977411358
0.4019682394171591,11.754840790475441,5.754545278140355,15.510942696402696,6.398824531648401,9.85392103557945
15.621088015924869,11.16427468267191,5.540509856076457,6.655916665495601,21.756364879294857,-1.1331791483585938
1.4678217237093871,-1.4346374970229787,-0.5679200176346068,-2.77638811915504,-0.8518250142426512,-1.7729425305878128
0.8379592086621679,-0.6021467185215486,-0.22486579943160026,3.8820908281108215,0.02402999298335895,4.5793910509432285
-0.1183012556094869,-0.10186383453055299,0.8596807976661216,17.947450657679106,-0.6750988694755506,5.533664419966475
4.877038795772276,2.810975211048022,1.705922856806823,4.209929971414942,-0.5295400524559494,15.376216119737316
4.134240685399375,-0.16528290697464645,-0.028395832441560256,-2.065741394667795,1.971584551542246,-1.564518599823704
11.517880443531501,-0.18242148196385724,-0.02225780676792546,-1.407573839428189,24.540564247364163,2.451730365258821
1.5279762767320753,1.6494207216027026,1.456529072337434,2.7177104572152766,1.7874275478037354,4.966439384240767
7.348852155185128,0.21263068662501883,0.584692376882025,2.5853277068040517,20.9260097831132,4.942612657036198
0.8349027378091405,9.791794739022832,4.899674123763291,0.7303109559516762,-1.6292492090041304,-0.5320773645410869
-0.058945723322924165,-0.08351838137803472,0.0204778982628,6.763183343685062,17.39778160423572,12.584947982366414
-4.990830823069018,-1.2078043288979128,-0.45689545415488886,-0.7795407732155969,-9.825458889112264,-0.05540676286891575
-0.6727505416242027,24.380873105142854,11.951108357080106,-0.09891125134641175,6.270896629081681,14.330576869134868
7.218242095673035,-2.4797149891064687,-1.0990570637417485,7.139921572203819,-0.9613560255334751,-2.6598183102398227
-0.27450291725080694,-1.4410696684620528,-0.5603007657063269,-2.3026839940477797,-0.5265787574128329,-2.1546230986852555
2.6662479619732973,16.782083213193562,8.45015265163821,9.173769135175075,16.414681207844904,21.600510904852086
14.477928407318387,-2.042572271197606,-0.9706023917472479,-0.3918991363384828,23.205266580443574,-1.6332199735662876
3.5909512146233036,2.422040254137429,1.5349749603254956,-0.07378302632206295,5.324523652434663,-0.13719199455855421
-1.5614111428070512,11.794063046293402,5.982174402415396,1.8136699024597573,-1.0740671617785162,5.371295084644003
-0.05821572391972665,-0.925549749644209,-0.490478688499614,-0.9243193572677031,-0.8191932596185119,-0.5792448021770433
1.9947076420684378,6.248711614829875,3.372406044453118,-1.4395357733549132,6.8445941886893085,1.2010173535737312
-0.023944057884145265,4.344015826524199,2.232526225039278,5.084926781508398,3.1921576523594664,1.1567729370049296
0.08737255819536782,-0.45754958556209857,-0.3110058070993028,10.12307572536592,-0.174410184974848,-0.3336747477168085
4.474435696286554,3.952778263417042,2.755552956635638,-1.384511609989962,11.474773950673521,4.486265443198755
11.026070816695874,3.909917834711771,2.1507894351033308,-0.46050063308625105,27.515770981236592,8.07780731370482
-2.388936158948409,-1.5073556142779645,-0.6026475161027105,-0.5374248056474079,-5.61290303471366,-0.591772009008141
0.21247084641349667,-0.2763191700630378,-0.08091367635564968,10.549544608223343,-0.7531837372400793,4.7231238148553185
-0.15810733898115448,3.3413030011476916,1.7278936573211396,-0.5470544981744372,1.2299687741896363,2.6602468414980542
-0.23822621746947395,12.064386061366427,5.582207382612754,-0.7161881343887795,4.911859221028174,11.406023004647535
-0.4161640158495919,13.404594821065212,6.833356611170979,9.037061337259658,7.8185739293182674,8.518271660101737
8.223102749940667,3.2625222079850036,1.7517397139467021,-2.0993252590039484,6.7365275561162585,-0.8577027537294097
-1.6153771513792177,-3.1525222545023883,-1.3513064220820645,-0.847145763381659,-6.006193771960106,-1.811391426059103
4.06160103067947,-0.44424267079599106,-0.1468618076466778,-1.3718802484031725,-0.4181371336840233,-0.1262936236139582
8.112639486817518,-0.012974508535832242,0.4817626397435547,14.430443719442419,20.274190503320114,8.770598449498218
-0.3321661888505651,1.493483677388364,1.843484568086903,-4.925747742775489,-1.1295121553864904,-1.736617635094058
5.623935169513304,-0.37406261587910533,-0.1524026600261176,1.0712471420345988,3.5820827159842272,-0.6869648276069946
0.6213830129663833,0.38487024109306356,0.7676918089246285,0.9577658727938004,-2.3613828908113392,0.8752632218922014
-0.3270424319794598,-1.2307854425466933,-0.5161917381584068,-1.3805362696755414,-2.553091753624898,1.8668976320959016
1.1762792870509884,0.65472977698877,0.07551651878188181,-4.130607376069198,5.20166218733194,2.224009959255158
0.8168545910047713,-2.734324906654498,-1.2689927087252826,-0.9765524824059792,-1.2683932394683,-1.5689410340877095
-2.580097253615098,-0.32438749069323536,-0.09937554967827743,-3.549125218353886,-6.181494598619385,8.855890618583222
1.1110013013197448,-0.4665645950421553,-0.11300094191181986,2.0276009115758358,0.5604996098430498,2.285708991407354
3.6619216583590743,3.3425890331275165,1.7586169135216274,6.332642575527072,-0.6648899103691377,0.8835238792848039
-0.3850394977494406,-0.36275134029381423,-0.11766674303020137,-1.7560529607043358,-1.5001607278517906,-0.38817321625277806
1.2857854543426739,-0.42831188656013963,-0.1836983733459038,10.892435976342282,2.539157228098517,2.8810661898379504
5.112543910003872,-0.31445172701385166,-0.08100295633043775,-0.3280004308897684,17.63511269913784,-3.340141367816263
11.055864619808482,9.03732928871849,4.626482202069999,-3.7255345126102792,23.485536500761448,2.161020540172129
2.7900706117738965,0.1461164546167109,0.806156787052543,-1.2956863920524648,-0.20200969928884405,-0.0934365885603346
-0.18840227528509362,2.0781577579236576,1.2356065351727685,7.891942189268077,2.7489597545584306,7.7806473431199175
-2.4787859706018294,-1.5257485181302142,-0.7232694404808475,-1.6877390263899341,-7.1074790797296306,-1.731788375928787
0.8288895235364547,7.325548678152086,3.8076363281098655,3.509416829282218,2.567352124422095,5.057608370241445
1.6908801144738075,-0.9293466999828693,-0.409831068244354,8.66396772686543,-0.7141825802466862,-0.7667699247093842
-1.8723810071840365,-1.9851779511810586,-0.8880682989696531,-0.16986462111544967,-5.086140526032598,8.072686683293416
0.39863215927047985,-1.4221242159298022,-0.5235196877883382,0.06977842680791702,-2.02679817880238,-1.2333029025256166
5.028829767564367,1.7302817767163772,1.2097200022593455,-1.0008303522833992,16.182807110468552,2.8590345512593602
2.072898934353552,2.0103384596661966,1.3516974805157342,-2.33717030891228,6.177875489872825,-0.06155201725816411
1.3653845933002589,10.535131504199208,5.532849198557583,11.703336695458397,5.703877991696382,-1.3119963706832118
-0.33981055210718825,-0.39844594105608516,-0.11079320177927131,-0.8769435668730522,-0.37507473036264377,4.482952451713859
-2.5936719084780138,-1.071220562346305,-0.4746634580511603,6.391836882026871,-6.23922411979509,-0.8468926499574073
-1.0244383091714306,-0.6323926540517575,-0.375906896099603,7.495905933434465,-2.3780667271200016,0.5847998327777544
2.002770453385482,6.737812733750201,3.523794847938881,-0.9918002796860969,7.97724307338397,3.927883507448861
-0.580743052950073,-0.05831289981643731,0.5600199362901169,-0.7568200436407522,5.263615778637759,13.77666005570398
7.413214316935614,15.312371582220194,7.639585808726,-1.148959401512183,17.922622995321912,3.2985654825100053
1.0476302166124454,3.394610593493392,1.9498003130554487,13.765545115155666,-0.9348469636691713,4.792151159761717
-3.1857198147282184,19.233931264064935,9.427620584065652,17.012062183385282,-3.969035312808444,12.12367295066948
-0.1282908318784479,2.7470581603538067,1.7778262938980733,1.7476695316828477,-0.7948919517124727,-0.1407623152288176
6.214294216240103,4.000334295785279,2.013238013577211,4.0328437761404885,15.241780832321947,9.062183451659086
0.07547566814327833,6.9852329188898645,3.7867228877736414,7.517722279818139,10.796401053967777,2.5983524809757386
12.362104143463384,8.014451236620037,3.9908848712145253,7.831264956069815,1.075027995529223,-3.9587951994437556
7.691500491894852,0.6755550437395318,0.425979851678385,-1.1643549603625738,17.29759830046743,3.251363033535804
-0.0033239546514264753,0.8510582551376398,0.7156020360455018,2.4821906778749194,-0.011709742225346709,9.82021669639138
2.0836902782015407,4.888808860269507,2.4595349778210474,-1.3203252464910809,11.899644974851723,6.515797810065347
-0.8304201545151749,6.634468345130631,3.524960217937401,7.362457240963446,0.5611101804816873,10.777544885597111
4.4264022632612905,2.6483511013279353,1.6883610939062748,1.0201217654255028,6.611549499292566,3.6817840877555588
5.860118842655375,4.200719626283766,2.1872588789285876,-1.017251758269956,8.10636059100119,-0.11858617784697958
-0.5590987348104152,9.584568973919247,4.7712769452499195,0.18463262303323247,-0.0368628386893813,6.0691250451025365
-0.18823419919371293,-0.6849352531345037,-0.31782893209057167,14.450500581951083,-2.2417774564778603,11.089420709761322
8.489260618213065,1.9236557746846978,1.3254352359728159,6.1724314924733035,20.553890803991298,11.014673589615633
-0.7424868033787025,3.2528129683956157,1.7012942050084496,19.70043615017064,-0.6994441943255469,8.442601447182753
-0.14067115076744865,-2.3528362615598355,-1.0528089686440845,-0.519579477524538,-2.0518637183130397,7.074963742143131
-0.32737321321451096,-0.0846284018113597,0.2805433124730051,-1.4297491251501848,-2.074298296416982,-0.3174217659172668
3.0722889191932543,7.5753766374816855,4.210419071142082,-1.772027297055914,6.08386136339325,2.050977987533666
-1.038978709796763,1.5794110805323203,0.7256341262179384,-1.0498773385170752,-0.7190697086683097,-0.4007575187105415
1.4660712839336347,-0.3653661332844489,-0.13875566047736584,1.0831008156711484,11.9128436404361,0.6395034749539507
-0.690912326106473,16.268426822800233,8.07773854959978,16.093024446085643,5.021370953863493,15.670839472282157
-0.45072455788096166,14.273041652355657,7.269044344413083,-0.08342893645021246,-0.803876003910403,-0.04590474478264875
-0.5505075695442282,2.9788753133872845,1.6142065643058545,0.5845346754655611,-1.1784956011402987,5.917889231874047
1.3432636245047767,-0.2439772344330951,-0.0377641076365163,-0.2383450861822395,-0.7321864692479574,-0.5396703290623496
-0.43421025991718665,-0.4276403616759818,0.048601536358570785,1.8873242004037294,-0.6570585658191179,6.138275490043566
-0.018591032039401423,1.6424401777776545,1.2913936665529837,17.729892562528637,-1.429767570019325,0.8443153367571633
-0.8137393734009862,-1.3438190942419925,-0.6184093436840479,-1.519575385240984,-2.5479730837373373,-0.8740524364177237
5.566532373044648,-1.4287070005764526,-0.6565717387357406,2.5477950323524183,15.481762356570147,3.9676801970787805
2.1770413073019235,-0.3215849539781873,-0.11947981814453207,17.227829987210814,3.7813769493005545,7.91204773709874
-0.4559893299629906,5.067947222791392,2.800845680098297,10.68598826697692,-0.5317267616982745,6.000256207630151
-0.7459610419517363,1.61004726137863,1.1138976355042907,9.159239281602124,-1.2084337676810903,5.809815524004115
-2.9086147433866336,-1.2514028612759849,-0.5303589276620116,0.9409974587015446,-7.871499123911626,-1.8196913671311077
-0.45780416016803704,-0.9695590672584452,-0.35385458251117835,-1.617681616742047,-1.691732529051224,2.1399469808648437
-0.28508157514762983,-0.5726178214691219,-0.17522511837409915,2.5206736974909645,-0.3949600451616414,7.295400927843371
0.9403075477943661,-1.772049756720727,-0.8844133001794257,-1.8283640253675029,-1.1880106755972073,-0.50069002405715
4.075479462396023,6.665369316566945,3.6808489283615593,-0.3627133911095808,11.252442450297053,-0.4344183883644062
4.525763563859485,-0.7659314377611437,-0.28645399925141746,-0.07220880209277536,17.94888258516579,4.917746426787571
13.857985683377265,3.1807390444642274,1.8597831076043392,3.6956482904553907,28.76984054573804,3.011576250045307
-0.8400341533295461,-0.7164601941955924,-0.2805254208659064,-1.2369047214067153,-3.641354710182622,-1.9264428912957385
1.0506974729980771,-0.9293470865264194,-0.42721118632496424,-0.3647110219279832,-0.027668425672719987,-0.4592309983511763
5.925242079209735,-0.2699495393398664,-0.14153899033381628,-1.0904161181439787,4.315688418172123,-1.0204597048875965
0.14396205124324402,-0.6721293542031613,-0.2601266030061368,7.882643008178729,0.307044129794144,6.764073153044486
5.030323372784762,3.590779116290031,2.112380508993636,1.8111978437380636,12.154409191900799,-0.08622241658406882
-2.4127297273413584,5.023487103005277,2.684261555312641,8.118569861273288,-3.6752477350063915,-0.944023587201596
-0.504619868982159,3.510149841462798,1.7388040547520778,2.0249006827778806,-0.210479671530367,8.732283697816284
-0.9383121251512314,8.261944199576126,4.142899951060194,14.723354211953291,-1.030930718169506,6.510103161981705
2.0700990705770543,3.200707755073661,1.8898787192775164,-1.7667600825650382,3.1144082464327236,-0.3506664014992858
5.1182820164138745,-3.801166823008798,-1.6853085569523547,5.7811091004578135,-0.11326698846003154,17.45987084136024
0.5911504385001332,8.448185423569571,4.703611066187737,-1.6010520297592212,2.0245879423420363,-0.016088330536995966
-2.6992726923931127,-2.980790557887394,-1.3196466823444375,-0.567370771192638,-8.785225984712516,-3.9354828918806835
7.500124915464084,29.578595697295416,14.226951104755019,7.176181995008543,27.20912092267329,19.665129311003476
9.804190905549257,-0.003855223880124692,0.06704035090792781,22.567942452680878,18.079243924877446,8.83556035114954
0.7918610291888213,2.0011187158639823,1.3290337428140695,6.884344606815695,1.3752084672092075,5.643673163518765
-0.6178002586697628,-1.423056686360892,-0.5566167583577554,-0.8802738671203368,-4.252132736602332,-0.5978099024913964
1.6367695477742943,-0.5627130427746111,-0.22890156729027208,0.27712900649576755,0.7898805635751814,-0.2342318247079127
2.890595724170975,2.1036908743609977,1.3400681210407723,-0.8169653451899326,5.833636216662452,5.727191857897569
-0.6227549369414866,-0.5447833801409611,-0.19060161945582932,-0.3813343122747859,-1.505913969923031,6.713080672681029
-0.24378977252523593,14.67583624573039,7.44610148256116,0.3377981103865594,0.7120854253332417,6.115184612422046
-0.6146610871019063,-0.7595284578148979,-0.2785050158057966,6.340104975959271,-1.959736013210823,-0.18287429597474777
3.7960313786905155,-0.6609751143716214,-0.25920031561120555,-1.170280876117787,-0.6031230767160717,-1.4947424095376691
0.31721679076146153,8.48911776857022,4.487244401750472,35.78241247826265,12.362816789536847,12.622817588079318
-0.227814354141582,-1.0630185125747313,-0.47498513582394,0.5624098170267509,5.208098422964312,2.0489776734684204
0.7978025262633757,-0.24568713234950243,-0.07966477919657072,-3.5345530725159886,1.2367349523267175,6.111399259647497
3.1364783381217824,2.0922068944822607,1.35625921735239,-0.7425293413633368,7.428890852194535,1.473346553541884
1.1818328761525514,-2.5481269326333127,-1.158688433575946,-0.43129982698359337,0.4639715053674025,-1.5581165908915322
-0.32244935941695485,14.148085524644742,7.239161099704896,19.90536030232853,2.321708263979066,8.781987289828166
-1.3767061114462218,-1.4299879064483114,-0.6189537384423645,13.126233698865843,-5.1029702285509835,-0.8880920395065752
3.4179089915093472,7.765332868268748,3.6663069150949164,36.02881360019861,13.277023712746715,9.403328209797511
-0.5557285858727573,-1.3764163131881475,-0.5478404832399252,-0.3102130055731689,-2.2884527307798193,2.1312543302934186
-2.218106537994647,-1.4386665996147538,-0.637544293891007,6.478417412916451,-5.61784176718631,-0.40266475970826776
-1.221849448994321,4.707233259791321,2.6439969510730754,-1.6960491881894957,-2.4699175376223863,-0.5805944356682602
-0.5290332870416483,-0.5605144544052464,-0.2988651643506449,8.342633697451546,-1.3367702688499234,-0.3635705995535832
-0.28444192028571424,1.7128441165329247,1.0991654191207465,-1.8252641353615748,-0.2693840952315233,2.718112855635117
-0.7011495924585582,-2.2121806888356965,-0.9794489407880915,9.102535610015341,-2.527675974149393,4.0160559195653605
2.0150779386757973,7.047766026463863,3.6772166491936753,15.454059399629283,2.044487237139718,9.817702174906046
6.237552578733557,-0.24723285619439272,-0.1118468077209037,-0.6071541232841802,18.022158151013134,9.913934822588164
0.08509187610263735,-0.2692582282470462,0.04960904692985724,8.217474982995665,-3.018289414881811,-1.3623206492187332
0.8449196904406713,13.280803457263112,6.370106038274996,12.432247162908126,14.316492270459708,12.257382731345206
-0.29171194383583354,-1.1303632775185146,-0.5213293231604585,-0.5060066935776361,-1.5624211125583294,15.503481305979784
-0.5044423554633947,2.695729855482348,1.8262312112879007,-0.07802168239132352,-2.628527608651236,-0.8274931343951256
1.2211423668075843,-4.413329740686968,-2.0466764958659627,-4.379764923656441,-1.5148480731202396,-3.918203752897007
0.46862072525391624,15.410960515229778,7.80171799010854,17.817692286223846,13.08492265834215,10.623168543274126
-1.8870383030567055,-0.10218013322758981,-0.10965576717485459,-0.37583321278940046,-3.4859092820762996,7.582054537349565
-0.47517256131803765,2.482495804806045,1.7249603810278917,4.19907496398064,-3.331639530904452,-0.5880967950731304
0.8687314207398852,-0.0681771693125888,0.13459114414974838,1.203316709675339,3.2838123371776473,1.1884139794034203
9.055748295671032,3.8967510031287214,2.167587370508348,-0.486499827761784,28.170826729736515,-0.5011239474960458
1.2170554632707555,-3.713199895334706,-1.7145374428012492,-2.4477012317258957,-0.5723510085135416,-2.7979168885078396
-0.6975694014343179,10.192404184745879,5.0642078686411,11.828365434171053,-0.2438706792366083,10.058590866591665
-0.6661603058349015,22.21641004954307,10.723368962824877,25.92672067239668,-0.42124230650238936,17.568453014657536
5.537487294185906,1.4860844715968118,1.2403744249988051,3.6779915231447893,19.802636302756273,3.822414678015103
7.188405020221585,5.666003411443122,3.089799082084574,12.91622304578792,15.542758626703787,6.593567704982733
15.521414699393574,12.203804366101432,6.3822238666851785,6.506843057881048,35.13380375954806,8.482885565252857
3.513755123403615,-1.5951865937543375,-0.8389073123252976,11.909372658848154,-0.31719383443661714,-1.6390837734261432
-0.8918806344024324,1.6126693697237346,1.1866637815699783,-1.7668596887569272,-2.2527971984998545,-1.3769159742758774
-1.1694549978756752,6.027439682964501,3.322459210089854,8.225920417066032,-0.844681699965247,1.968483672314579
1.2307870274246235,-0.4977411140017294,-0.238330177926231,0.9978555712695466,-0.6055425844410576,-1.5659240638914436
-0.4525169770339881,15.915623030797198,7.868547794956983,9.271655450900635,-0.15023909028778676,-0.4707342838433306
14.039935560510246,-4.223982287472061,-2.011782395948579,-1.9221685959110848,16.970159115283177,-0.9093472863396412
0.04074017470821456,-1.3082699137815388,-0.5241493944359047,-1.518708757636226,-0.24768544800888295,-1.8920853203274757
-0.17331029819921176,-2.1419622262401354,-0.9741064864633349,-3.060098583079632,2.867252219868717,4.537623257788437
-0.5691718217641188,-1.0071326953737016,-0.49721569226194984,0.36093979123758124,-3.197672770689654,-1.4946975093999075
-0.3671345285439542,-0.8372553878275815,-0.35455163291326297,3.9440565523399442,8.888700093094185,15.072852734814946
-0.35849841152851014,2.981676036311314,1.8763641223193148,5.2963105954990235,-0.16328735779812326,4.117325345607915
0.4415851147293787,-0.5206583556854836,-0.2178915831338272,21.900196397020576,-0.49467028004861063,6.100241986432534
4.177278017759974,0.8182784502159949,0.9790655285531594,-2.822587057259341,14.001646993544757,1.334759196923716
-1.1213898373124793,2.90498409002208,1.6908636994703132,13.265580424640335,-2.972060987467257,-0.17087090379487188
-1.6740639148773717,-0.3623234686411011,-0.1410843474966201,-1.095572857868874,-4.481780181649685,-0.5142146552969102
0.3034023059859275,1.4598242033306388,1.216324439640294,-1.7878134986677232,2.510343126900026,-0.04477816924703511
1.9121601757311455,18.813704154951676,9.203566626898537,13.892999582863592,6.682544341022144,5.65675842696022
0.8118539051683727,-0.16823553307843397,-0.09884668320182066,-3.0350626778626584,-1.1594566931328953,-1.5743241592682207
0.5257424576001253,21.448243102673164,10.197127563972582,7.57044715995653,1.754875967323735,0.6958708811308452
1.6022519371914958,-2.9953958797474436,-1.370705760857064,-5.4188886289460205,-1.5397803497153832,-3.2020805289345313
-0.6043513045070132,1.4500209207699233,1.01132816943612,-1.8971528964355013,-2.287491305098459,-0.5694800230991552
-0.3755014871641605,16.992756862141402,8.385403690160903,38.847686037468044,16.74840528965984,15.991152979606087
1.6207620810395111,-0.564488024393352,-0.18834078176475902,-1.542736768254792,-1.5593450727091678,-0.6788766160815035
-2.9294880302175326,2.1614654306504106,1.3348908747422585,2.0497815866021103,-4.20375101963323,9.788086306991051
-0.9028615904661598,-1.0925415136118821,-0.4572386856210029,-2.1816781404135965,-3.0782338342315607,-1.0837990448191117
-0.4273015298568666,1.6639082114418362,0.8675344067046533,-0.543562450965983,-0.036920008607763656,2.901398673722955
-1.5816557024342592,-0.9039517171830007,-0.32465808614065433,-2.1364576026762285,-2.0842077759201176,8.466232683233365
4.221905012884612,-1.8827630192075917,-0.8105854196230322,-0.7934095226102788,9.890720198119082,-0.606181658057473
2.849267928430913,-0.7004053337881355,-0.2599966409025424,-0.33751558522800384,10.080798722366989,0.7748371448544124
3.3557124745844282,3.7133179462909434,1.8900889679549215,8.339890977324186,-1.4465422970752069,-0.9292989983275635
-2.7998383730482446,-2.194718881647133,-1.0197901275525916,-0.6808951959165758,-6.12331767620599,-0.6211176362827642
9.267339918904346,2.0538071315915456,1.3588191893977966,6.276833327353646,11.061207468442625,1.0250896606842086
2.4972990725632567,2.849879338630715,1.7472214355436013,0.09250435931930101,11.58061915226934,10.812810047714443
-0.9184338799462042,8.104146398514303,4.291276116681644,14.255935577664772,-2.3160874330949794,-1.3049003310801695
2.450109413151476,-0.6454410207289922,-0.24270377393383524,-1.0537622220349159,6.201867114886231,0.10213603565407436
0.21803699076564798,-3.801677583371187,-1.766888661785465,-1.7791559451453693,-2.208950895178014,-0.7248813901712281
-2.101991652305505,1.9817528882534914,1.4020755681681312,1.8827370492251307,-3.7309257102003723,3.970290240144233
-1.246262063625372,4.426188630003619,2.69179023521226,-0.41085138361830753,-2.329346079765441,5.932765563705194
2.618164908818653,4.614023558370422,2.378581652853704,-0.49860797535421625,7.4363873832319225,4.521701545271449
-0.4802355926212151,-1.8443192135143343,-0.8146680575755028,-1.8931989019598525,-5.492238018102881,-3.6990184127262062
2.141738912349982,-0.3469888593602737,-0.22706152738819743,-0.7419634103333839,7.738046528090142,-0.7035379796850695
-0.7317263161584195,-2.0194335993173365,-0.8617386655774699,31.078113213712882,-1.1416979657067723,7.754420473675048
0.8934171248635059,4.2120945320209175,2.3826963011626727,-2.526868411281637,1.4298761662340005,-0.11660580345151522
-1.1494540533216655,-1.046956904965617,-0.41848642287157434,-1.0748053132346538,-2.415384717898248,8.40899353600607
-0.37464741503702736,-1.6456882973148497,-0.6938135649804571,3.8784250739932062,-1.9924316815139993,-1.2538345847404093
-0.19418995272045667,7.585275760831317,3.8850458124012834,3.8490101100251968,-0.6849609426792977,-1.276358547289
2.6181144403626027,7.90626881590158,4.095455528262951,7.847917745165598,17.703078934237347,4.650200898136481
-2.900999401561531,-0.21655860087843176,-0.03980039692224793,-1.9185080210781438,-4.622383001582326,-0.5712595059506412
3.244258016802137,1.6060328949018614,1.650610033528242,-0.40568191495481687,8.068961785153288,8.35427682118494
-1.1087943921373917,1.7498961303390574,1.1097001021148691,-1.4926245575536832,-2.1148097742348773,-0.21905776674470015
-0.5429198147251689,-1.3557215478644096,-0.6573527752247847,-0.7427012301308449,1.3053232153023746,2.095256964442399
2.422780954729626,-0.27509521498190964,-0.09889459191751807,-0.03925595686123162,1.8106602626390438,-2.296698640954007
3.4068393822277905,7.752471899323961,3.5316943951163413,1.1122315723058953,12.266584417168152,0.3997802483079741
2.0620584283275605,11.563571540224913,5.811091709510723,-0.059023241664431715,14.415545058475812,2.5803492731017164
3.9953287790065612,7.22174528198527,3.7892857796738575,-0.7277561550245928,13.649755586388418,6.816605856229653
-0.12029390694004585,12.123169632622403,6.128920786584386,9.166207795629607,1.3438087999886172,11.563853126234584
-0.8463206465662036,-0.7008314108440193,-0.30673318404451627,-1.1714973040463779,-2.150588188911023,-0.6863083344328879
1.867501506631786,0.5387631919156356,0.2465590798899408,-1.4943581861473632,12.430878945154644,1.4279631985542522
-0.262889614533322,-0.7271799562488117,-0.22025127015998894,-0.7053621242194718,-0.3555624342551398,-0.5615274325816518
2.8359375956330597,-1.4917708641598004,-0.7234716471866491,-2.1006768634919997,-1.2452118277346969,-4.311273488956231
1.1503528271039234,-1.0978982831191162,-0.3898417968570293,-0.5904052602966123,-2.1160659576741767,-2.0926564770506046
10.214613487185723,6.354516691607393,3.3046204240519588,17.505115852806234,21.89170790012942,7.5464078683369005
-4.368491884519414,-1.3604251862122598,-0.5897743688120539,-2.5687975441297386,-9.660268592799895,-0.2023431236850342
0.5246532905897621,-0.7020316073830988,-0.21640332962504824,-0.34484475587257224,-2.36597011319712,-1.15966934294503
3.796398412952695,1.3863165048111146,0.9195760424320407,5.3738819831909455,5.747367757871789,-2.08942003922049
5.3886685174436435,-1.9094947929969786,-0.841894500763329,-2.2891390171917787,5.963539573356608,2.0585125505446014
0.1587851024692849,2.430979816934788,1.4591822165180532,2.8976047160331557,-0.8044668446437586,-0.5630714080200869
3.6261631632738816,-1.1273280227423599,-0.38696844865179214,-2.3897028248558114,8.1781168944624,1.2216193459719946
5.277947530318979,10.940510074550481,4.986296362381536,8.291297331142582,15.186791582431137,-0.0057626445241241615
-0.6458823380433076,1.425239502717535,0.6809388152091872,0.5724625214681556,-3.896696207322161,-3.3003081727344603
0.31688786838461963,8.393107085124823,4.550261210321468,-0.39167457162315084,-0.6816376775898635,1.9205548773497825
0.03648623153442376,7.60145947096081,3.8328000592372047,1.455445234748601,0.24362061189197765,1.3458150350474871
0.14544142418169959,-2.5255316704617243,-1.1263729381492908,-0.5867644920082272,-1.0117349334392025,-3.932131348358575
-1.9266388313546319,-3.203923992125647,-1.4528632140813404,-4.3815900777357255,-6.413731703291984,-2.098302807464067
12.743111246024474,4.60325170101011,2.4774951046788125,6.487337771882514,24.457963241555685,-0.9721608034685407
-0.2786384447623801,-3.9253942509633397,-1.7814205110863341,1.903552424377172,-3.2271405416081596,-1.419278369578913
-0.41248524096705314,-2.828748502726184,-1.0511392308329675,-1.7566327142098226,-2.169991218576862,-1.096397079412428
-1.6445668732146588,-1.3606707779693235,-0.5265974383631862,-7.027118993237568,-3.9562753570933133,-1.5944488577598661
0.3192938399572842,11.264098911333772,5.695838792770522,14.491922645343678,4.905549831567395,7.955521945760488
0.16789949552478445,-0.16548596204468521,0.2522798573933675,7.024865385275291,-0.9552502104349969,-1.7046264435150391
0.6405029727944788,-0.8294068270320303,-0.30935274123706136,-1.341760041434746,-0.10955224468117229,-0.7331469533871728
3.0698897879356464,31.14630311807939,14.938338722555137,19.14343371136801,15.435347539642489,8.874559050810127
0.5785569730790121,9.39689258474713,4.790493819868209,3.0615690415489603,8.776155009992694,9.994247676168246
2.7421071068289216,3.651780312333479,2.0048642425498526,11.095397695110327,7.578366845979811,0.9793575951927463
-2.2509015788224422,0.9277635704934615,0.3520647693784446,1.8379153981012766,-3.8324054051262255,-0.21435873994361254
-0.06146269423437443,-0.37824377179782487,-0.09070751080693294,6.007441317930794,3.0167474368716327,2.047328899604315
0.46718688730956187,-0.29693617603447864,-0.04026682366168264,0.6046047717828537,-0.015436948846454746,12.858821851056456
6.047590414637124,11.391834318415306,5.758523309427013,-0.17750260737869744,19.05459126810325,7.865402625340952
1.8406438670342051,0.4501295166073334,-0.009863172813275735,-1.9947644324877503,10.733226779809497,2.578186077793214
1.4263238518174952,9.151909031309543,4.672065869840166,4.544931097286233,2.6520578182632426,6.544795034444969
-1.5951011615339654,-0.762536762013293,-0.18627536221616656,1.8301430439489117,-4.527604596878122,-1.263521214537968
1.3363807325618202,-0.008755424125739975,0.5480348133793658,-0.7004223307316519,14.408046528630134,8.097229692664973
4.992579482836227,1.0435149828794195,1.1058204930510114,15.716307249726672,7.41864119876743,-0.240975105401402
3.116180770157383,-0.7551893417273591,-0.31168984071076367,-0.47960671074863886,1.4667377759742235,0.7988516447323192
-0.5107289953504885,-0.10969258725422659,-0.03363608055488685,3.5017683053412023,-2.297833808472999,-0.10346488380462789
-0.9840647343640594,-1.8685852108269931,-0.828237470764949,-0.3629017775755005,-3.09717555724726,-1.0707337698071402
-0.06268234482438739,7.442383131173829,3.4143250366098363,36.27187734711703,10.315582783416183,8.619804336014607
1.7612846313935,-0.3800469082050116,-0.1399971542896389,6.088938685638655,-0.5468295180400043,-2.5876288536252883
1.9811319059560455,-1.888950773805849,-0.7294439024426813,3.976345274086973,-2.0766437351310656,-0.9305269470429187
4.35543036357786,-0.38254791600788657,-0.11264053125186742,2.6827266623440362,6.274839218024871,-0.746470741210854
0.7893498535945485,10.270549844580467,5.148583992513467,-1.4964577783292887,10.008048568743796,13.064754111850728
-0.2647192611516258,5.149508482199701,2.886817028057865,4.911108173280738,-1.8140623242063918,2.9686444301299737
0.2507897922390607,-1.8914470477368857,-0.7887786542169168,-1.1393744065632152,-1.1896222345002962,-0.23789268609258848
-0.874191724658616,12.299865719257543,6.2107805565620025,1.4046876271899877,-0.014403543844785639,17.402782855522805
6.924199788286599,19.262219115147253,9.61576172692911,4.666396385425487,23.7181478664552,6.032145119484222
9.751334709604363,-2.0137533226635926,-0.8601483650741181,-0.4418948925031201,14.531088627660859,-1.8678925135492097
0.9582165308053385,-0.21165210105591187,-0.1630038574909048,9.861189726240871,4.47796167757802,-0.5904392890059056
0.012928005085928618,-0.17881142299417901,-0.05740063048172735,3.204594896160165,-0.7119394407839252,-0.3682264376184382
2.7094757538083556,-0.28864426651161396,-0.018360941071916683,4.096023539827064,8.329402030166532,2.708166611770273
-2.00697440870473,-0.48673307584201053,-0.16407117392334203,-2.2301570719923838,-4.530659643724931,-1.0046838213484965
3.5509719831039908,-0.5001365024562839,-0.13910924872301375,-1.669640795429648,0.21319999760987018,-0.8326863113758963
2.141742810939782,-1.5273573869096737,-0.6921584732978167,-1.2094279718147622,4.536326533104598,-0.19644850816452722
-0.007301941249022437,7.3069314103394944,3.9572319399378766,-1.918695414687453,-0.533025914072449,-0.9406321327760998
2.7860975785064257,-0.8023280809011436,-0.39766512147024663,-1.0056086666813153,-0.009033642830883527,1.0704139958162169
-0.2639574986568036,16.82339740475025,8.32532347118379,12.215720729261639,13.676744621787291,18.68128580813438
2.3512843149642793,-3.758467807254877,-1.6183303035030487,-0.7378725357023896,-0.6104844798013471,-0.5698082879902066
-0.9169136914612033,6.132528487589072,3.603362459550288,10.536714854783083,-0.8467953974046168,-0.10094993520018387
4.7969571150988255,4.887636927857531,2.6785757423481207,-2.515282890437651,17.051393615726422,7.2009745476308895
-0.013280409579360365,4.655935730477278,2.461717504614989,2.3081904900423367,-0.4514801722012172,-0.26251132638422436
-0.16367917483663616,1.4177022644574442,0.6892694452976283,-0.032950257073896254,4.401652884141009,5.831657305122307
7.5994323094967555,-1.8901562353802104,-0.9373016598053273,-0.3968263657731157,2.818205245285314,-1.7048136717234295
0.5335240978822047,5.267494748289053,2.767425122971635,6.111492554804961,7.811906036184546,-1.8092611540277332
8.69013357102068,7.017590992902719,3.4295402978320384,3.956276743353217,22.186693874874273,13.498496045337031
-1.9615939654109462,-0.6089435509096647,-0.19524166688176814,-1.0865088185755833,-2.8614720099266915,4.065196533922015
9.858444225393079,-0.3665478634125518,-0.036760158034402024,0.6451515735377155,16.54593275421035,-0.12818803452020658
-0.04412521074044249,0.8154769143293549,0.8381198256972084,1.173509716726975,1.1088068877151227,6.794404568732342
-0.5559682089531549,7.619579168666765,3.8194774590816465,-3.0304477879629848,-2.1004495912411123,-0.30251663165742054
0.7478082481469359,3.163406617131036,1.8043090808429016,3.2628308071469325,-1.0048076905043344,-1.2746650988523354
2.6975045278640692,-2.5632827645314027,-1.1961506550754704,2.738356765142731,-1.2832147857456933,-1.8063821825477053
0.599373043042128,-1.3882597430098853,-0.7216072014187637,8.452824892562328,-1.4428929709672367,-0.35004932188477467
-1.5486001764567556,5.7156414317105115,3.0062662805299176,5.1590333998094176,-0.9351281039429573,15.156099761200721
7.995087366236658,10.48770255396009,4.962578406507941,8.87657969155692,19.785306851560264,2.133807443196239
8.838295238012375,5.1540053963408745,2.7577450945642576,2.962998045458126,23.53704649976532,7.542719240337611
1.3512634809808373,-2.3612432371889454,-1.131653860455354,-2.8175900620897485,-1.0099841634346975,-2.9338884832097856
2.5373672183509197,1.119479271739895,1.1668168569362383,1.7268930717584816,10.64335776436328,4.574342882768268
11.622712280361949,8.340877081020107,4.344581929812004,-1.0816036536453533,33.41240972363882,9.577407813945243
0.5070227096910196,-0.22714044906027928,-0.048498661369787935,4.525641555854688,-0.06243413596961627,2.1406773399067953
-0.4018588581915255,3.7944119809231087,1.2892411321967812,3.854197715769412,2.3149668187521635,0.0890925363509596
-1.8931788101655975,-2.0040129598311753,-0.8688636628640798,-0.9790537107827938,-6.795291944839912,-1.277434029314441
-0.502874408652079,-1.3456588626055535,-0.5706684772221652,-2.123648864732632,-1.9489463611321338,-1.3877362140046783
6.501432764387161,6.670758866323751,3.538330090774665,-1.3943921778206383,19.012842741798657,-0.5240954027095368
7.340181151906922,3.48069232812635,1.891380831028577,10.384717822976963,17.188877547134076,9.098580918888489
6.603484220929169,7.779197006516512,4.611023969686992,-0.9836198618416669,22.21191376195235,6.7731502355790125
2.1418999166152553,11.556608606890757,5.563590835752079,-0.7230732293140241,21.248404792908495,14.021316984580503
6.639983043017139,3.6577150851408518,1.8943430704477304,18.47304039535652,16.484058461630998,5.529576923576188
1.857019292790149,1.4768823151675465,0.8052610757141576,12.80814474906137,2.5351638526191933,-0.03311049982371028
-0.6709368268316658,-2.4488323993219936,-1.1210175710384123,-0.8931928218594817,-2.761652367193213,-2.3189362526524477
-1.716092840966926,8.590213916855989,5.087859113552236,9.83922167649425,-0.64593231208458,4.4863148581888455
-1.327886703163362,5.259015487829062,3.009989202922182,-0.27980820077794905,-1.9623897130394612,-0.9471446062141049
4.966722747096923,0.15806955140536855,0.2903522904263406,-2.0444969465200686,10.929397102019395,-0.7090826320354995
-0.26301937596634956,8.205311003594598,4.019733226623061,2.6786869754793905,-0.29375923047849567,1.701910266080564
-0.14270579562780342,1.4337278107407778,0.22476240377169937,5.749885748471588,4.8996663282472825,3.7528292205425124
0.2604891001600109,5.416796107522603,2.6650644383168123,3.53908639557,-0.6458988260220797,-0.3512671825785598
-0.047005908624600884,-0.06213062485506589,-0.004083918727673353,5.426978444876838,0.14028155862539837,-0.8182750541530033
1.5649644675207321,3.886774307131918,1.920960495521857,-0.42380873450957,4.569206172816879,-0.5238535827777966
0.7555271251072926,10.860753876041318,5.431824711957049,3.951650243476929,2.7140891257459017,2.1738380395560695
1.0230669282368658,10.304197671276345,4.704664204177787,-0.17616516982091907,10.749460168023598,8.761044963926569
3.451043846233026,5.705556218068062,3.2671060068544016,4.118113778566952,7.17435016777243,2.2494140292787432
-4.141646443710747,-0.0809018097039928,0.792794181895498,3.8062835470731553,-7.660046046657705,2.8114127262399586
0.5626516059474567,5.717917735815501,2.9978860969205847,35.29274690134493,6.721593780717836,-1.0045865933726992
1.2019799706712757,3.2091545853331724,1.7208859759434747,2.1231085432364107,6.189105849406764,2.104554435726112
7.972841281487136,14.392528010003742,6.754672185548699,-0.9888387643944481,39.00206106822274,11.203198101302224
4.093768840929007,2.7896171400465524,1.6875187557469484,-0.23035784334325426,6.154614383677599,-0.3893766582804652
2.366781738938889,6.75451079290763,3.4584452646465604,-2.37116336463022,9.211330447322899,-1.2760855813793484
2.9352162989551793,-1.9350838763257436,-0.8756274521447991,-0.36131486469958857,-0.8629628286253874,-2.0904190229295883
-0.18113312322876826,1.7041458464948906,1.070993024604992,-1.641764908990039,-0.3058596387952993,-2.2497511579163927
3.2251191776296624,-1.4237525995630795,-0.5295675593096905,0.9289423234980512,-0.5815901371084886,-0.6371862323399938
-2.04481323611392,2.456844782734178,1.5587234825517537,-2.0283721041293483,-4.889455494918042,-2.369654743041856
-0.31459976535143275,-0.9674609020979406,-0.36166809117499715,-2.8122004512216012,-2.0990614561983594,-2.138921010096291
2.506185667270854,-0.6223486497034235,-0.2225550707367463,7.313295619166533,-0.5299687426931915,0.4044050842695492
-2.5237290510408994,1.490687831407469,1.0020359830464383,14.073798358200085,-3.070603020723195,9.70347116411572
2.088098917512031,-1.3663336207035908,-0.5868813608926005,-4.842740074231719,2.9182991541578853,-2.299783955082057
12.16975720758443,-0.025503133861117556,-0.10636813387891803,-0.5205897060533511,23.81350671330847,7.701665342522308
-0.005538793857411917,19.796729556572814,9.705690762979852,4.931351283981866,5.641417689478015,-0.1756630638209026
-0.34420134292911864,-0.9639395839923002,-0.4500468052714829,2.222440596447663,4.466102244586322,4.556842038110579
0.13884308751625019,-1.593184953218061,-0.7369622726994391,-1.9907034041151777,-0.9396506435419705,-0.10693944661193547
0.7025019571676683,6.066533433159186,2.9430955959156386,2.260683938129639,2.6780727407665195,6.886577493393934
0.507473395752254,-1.6105058625013737,-0.6680239281802471,-0.008525648905478444,3.003647620694967,-0.5915279840535332
7.684734595321845,1.483981450606344,1.0782555668069498,-0.1927573687248838,3.0615940911670743,-0.4036007092964795
-1.117242686980098,4.119286173075184,1.984293672612367,3.918271861243495,-2.6360462420310427,-0.5315897766802461
2.932476964823678,9.615987418276541,4.686395299822813,3.7853360508874525,23.818053831052488,13.331097895798484
1.1198442652715523,8.982076492722118,4.473959272918061,3.832085299196133,5.989211123979427,-0.18906068402702264
6.909912647415654,8.205251614189333,3.576633507126316,6.59050334872002,27.162866007229788,22.566723217478362
0.591284505053087,-0.22871172486798477,-0.048412318820741485,-1.3002206171219899,1.841097857171372,10.367341665850057
-0.05877073889406242,7.796948810639495,4.033562931277622,3.80582726838157,3.3918326936522436,10.797679637955444
-0.7728731047831463,-1.6050462346827192,-0.8104067085202523,1.3558451951969333,-3.999906035389975,-0.050524053834264726
-1.761262179421394,7.450206325465248,3.559040272264871,7.3012927834437855,-2.735514836959048,1.5212743560994086
-0.38518712918658754,-0.5455254556022325,-0.17286971003782045,-1.1073616673156816,-0.31013598370846873,-1.885558747070277
0.8421836590282498,0.6779036434473951,0.7705643557730257,-0.21427383000443073,6.7546685205010935,2.021134503128519
-0.9584023561320557,8.945533099360322,4.4248822883411165,2.4731593002286454,-0.38422016365485034,8.446557700665872
3.6008508949009332,0.04225981379725452,0.19727664094734493,-1.4183553491094671,8.264607581764668,1.6920170514325852
-0.24758573597227662,-1.151795919979901,-0.43769770182273143,-1.9146225073489043,-1.431645415736124,-1.092024338187114
-0.38784299780981024,10.299508611511634,5.021478511190618,-1.4128578550709758,3.1184500768093977,2.373895588919945
-0.09740083759513599,3.3069217722380038,1.6405887246142117,-1.5864624968753258,0.39852609931384675,3.9114171061875798
3.459736413740287,0.2553677772945095,0.5578898222863923,-0.16504950150983874,7.8161066074634755,7.531271423336452
2.6497797802931715,-0.696369280322168,-0.21255516119189785,5.899844796551707,-0.17245907759888865,-0.06845074544165995
1.4415140497110324,-1.6874803328308081,-0.7320056057024849,-0.4442985679821492,-0.7295716858060498,-1.106702024758649
4.544569530608435,16.99267608995893,8.766888677567692,13.189286920429812,17.827408200166843,20.265801856733308
-0.6319738164838663,1.5663680598760032,0.934544401739726,-0.6253469241653108,-1.6221784748895,0.3886398803742714
-2.4469730840494752,-0.7713293246672399,-0.37977242274894724,2.901014274354875,-3.6251318219645117,16.193169100189316
-0.041176134828636426,1.7891954399487946,1.1424629251224745,14.740184559729263,0.22619316112759585,-0.18828432158160077
6.775475835868617,6.867751947442656,3.589007444316122,0.656166492907601,17.432788773336217,5.701148642485164
5.696657600398119,2.7439447198635456,1.7455668606766355,1.768507562703741,11.508559568435679,10.010139103460174
-0.4704293368324985,11.805614535459764,5.9288609432429045,11.1828097151913,1.3820207292895497,5.188675930122001
-0.09541583954974656,-0.5428055973510116,-0.357076968390746,7.216535604387462,-2.8964967273449354,2.4444041533853076
4.289165225739702,-1.8503629965830148,-0.8513444292168576,-0.9802665660466815,-3.33238441422251,-1.5806715203723107
1.9166699134368217,11.357049781610899,5.690631030128198,2.69139627276798,10.405796647108744,5.909265175813073
-0.7534394986817987,-0.2681040693186847,-0.1961206654447671,-1.6862025159402525,-3.5585102296103366,-1.7296807511273151
12.354627572723597,-2.3156053590630425,-1.016713146199544,-0.29297085567673536,10.287424491522492,-1.9806118290045331
-0.503241626870042,-1.2403458252664945,-0.5291379458513544,-4.038910625416495,-2.0940763675384755,-1.8564415925596802
4.23590665346205,13.457709656423367,6.56065336318438,6.3003880118217,-0.03403892367169919,-1.2924921841232484
0.03575259946367326,17.92308825226977,8.861854167019994,1.305020344092629,13.886550053292098,19.544026465229074
-0.09771743218782253,-0.14455576609873974,0.08685381488089061,-0.4496495908420231,-0.3520566799802877,5.110559161658039
2.7725586960527746,4.184337336385496,2.3701624522186187,-4.067481559863416,4.942487264760024,-0.0536896529825472
-2.4014376776854167,-2.3182887281148563,-1.1133786185551988,-1.6456090644382717,-5.774582132188779,-0.6926492199112547
0.66597660481496,-3.6793079914158833,-1.7040965388130065,5.184883585399372,-1.596072650572032,-4.039988482613821
-0.11742822729812596,-0.7184515636952428,-0.2882378187745605,-2.6930150574798537,-0.6970013317710788,-0.3852537081109349
7.2553925405504085,0.05113045192963628,0.29582286988360307,0.6220443159549269,14.005360231624076,0.46819002248575753
2.2196560246055954,0.4187890350491865,0.36994820938485706,5.738706079807817,7.171715871726609,6.286561175566026
1.0949284755585997,8.259915293867456,4.512146793185294,1.516463786164435,4.961605094638515,3.0778684537389642
-0.06213321818477518,5.90392018979245,2.9561126527319215,24.9789586147245,-0.7291908332969657,4.802584100258509
5.662022682631691,7.000686967821472,3.6877164892313297,17.539641586099062,14.573912555700161,7.893531529749896
-0.0802002184797761,12.906419164146154,6.511679486952147,-0.3558418510758405,9.47746396347042,11.333481733096262
-0.8566605457829128,3.3906712085571282,2.1861628313131902,-2.4983790579415928,-1.5550715276272362,9.194784199698073
9.604993294313298,6.61232750346656,3.5271046171702256,11.38918499190521,18.823811145444612,3.684319010663846
1.8351957315329126,7.779087196316206,3.89414437493547,9.54452579516263,14.877417004763977,9.640945930641807
-0.14553370735387627,-1.9699096790904802,-0.805032495374984,-0.5824125392270242,-1.7517368739671786,-0.2484715162694463
-0.05577048448367679,-1.3287926135131791,-0.5210039885648348,-1.7485636566416787,-0.837712513808145,-1.7669181485637975
4.055908603234472,14.24425100525902,7.608524504077421,10.437990515378232,14.38555447657431,-1.0694171738022886
-2.2258872234815454,-1.368306411876131,-0.573297223301708,9.292084830468209,-5.098609039093613,10.447993546606355
1.3396443750577716,-1.5182306098518445,-0.6553007597170211,-0.6215871686685589,1.0793395190404196,-0.1245528508168611
3.273624825966638,19.154975515839674,9.363202546249328,-1.053985564405782,-0.5726521390108146,-0.28423874269570354
0.6811528629973785,1.4680439401329068,1.6061832032005932,-0.07995822346079057,-0.7387736394065391,0.32107477402174306
2.1878696384464353,-3.1397112942508407,-1.484821781293581,2.392111979432377,1.659548428629043,-0.8619966695546015
8.456134060774485,29.95034962229822,14.43649756759561,1.9730166179381006,29.30050194552484,16.841208776226892
-0.2539151865736672,1.501387376468027,1.1816602216931673,3.585394930942428,-1.5236462567509879,-0.06226010526594115
5.068700257789639,-0.712450472213443,-0.28715232000982294,2.040537397190346,6.760445076788758,2.4147573844579506
5.56748020084229,3.8069411536968483,2.1287253422830483,9.287195951568613,13.834946020392344,-0.19369643067592957
0.07120489531976992,-0.5969249849346632,-0.20479513212618447,-2.0566971174634063,0.9563274523377032,-0.3982599654851599
-0.4823841529210297,6.501555870804664,3.3948576262901766,-0.4263252630333032,-1.8082715472734616,-2.684441874791568
-2.2261615747701375,-0.9137029001840937,-0.310659137037192,16.40827271073615,-5.259842009009092,5.957259440983271
2.9839991705613587,1.5550483101307357,1.1093668711262281,-0.21208072389322974,9.484765889262672,7.270948559834322
-0.012774314072101124,0.07671006455735874,0.01696127060400965,10.260145349678977,-0.6961370043877548,20.803603139132274
2.9193030222258693,3.4595461816777227,2.5696534190114537,4.598058682885844,2.8072101421441435,0.9297253692021235
10.384417058715247,7.602147107272515,3.804226940047865,-2.512017152645699,22.483546084811074,-0.4362500461181368
-0.5311608047757546,2.223480094649102,0.9614771769347936,5.1930080490280615,-0.7761509237800679,-1.0433071544487034
5.356422621251978,-0.5344075456482223,-0.13025753059961098,-0.8708242192875604,7.140124866022379,-0.6141098321959526
-0.7789692628620136,-1.1743015295225092,-0.45037710733327296,-0.8685662547299517,-2.0085770805049186,-0.06429242478245771
2.230455705533309,-0.7406772014083077,-0.287057811779497,2.2842039839754293,-0.03966018077810088,-0.2929577613994405
8.746823180112289,-0.6815882939524179,-0.2815808236621366,-0.04956198828947587,17.617204928969613,-2.595825864161669
-0.4944287152554452,-0.8603165317919456,-0.3651847423228211,-1.7152092472506728,-1.0186187682195855,0.027050211908318245
1.0749245038918385,4.0077118436887,2.3763883901030676,0.46938576778254465,-0.3057309322444181,6.735314004695536
-1.44804925057926,5.740535124121776,3.3562676926792627,15.131367355657448,-2.0165088146661314,9.347847290445472
5.674944196012035,1.4782288533413226,1.001336867380648,11.9433286699851,7.744439794061613,2.6426218284232297
-0.6800145447628281,6.799414732902186,3.381752147844208,6.7920216210376205,-1.272662329512789,6.944722471932539
4.896640850460295,1.2959925632691176,0.6172671972683692,2.5465773855574554,-0.7817739486116229,-1.10132088177287
4.197980095852148,1.0950404799662938,0.3403792969680942,-0.25160274667768173,19.15844330262645,7.0397615468508
2.520379620891908,6.002093658078996,3.171873732862263,4.53763963479797,14.388321455485702,4.5922248093445575
2.6790906062336886,5.288096422388053,3.205629132748661,10.996723905201469,-1.0904869627598586,-3.1613243917387917
1.73608768457035,0.6396137373153262,0.6713666443032991,10.595633834113917,-0.5972906850858637,7.212504268471156
7.634037728994451,-0.3460889461527319,-0.14964073835256536,-0.2911431043585656,8.194985270656876,-0.5289634075151936
0.21969084268330596,-0.19213809279523372,0.4484077194170333,10.882611271257169,11.369074895487291,4.859763595989515
1.2803573935441075,-0.631826873656628,-0.1736382735248055,5.770826674898859,1.4125463689083309,4.761370098232493
3.9095896333508486,5.605552907642026,3.231839658540828,-0.0863607585733663,-0.4160914694300897,4.456874161556064
-1.2292664252203602,6.736191580334856,4.735929552063997,-1.009141306497543,-1.8083680414599677,7.6743074156052415
0.39018410806446313,3.149963333314397,1.8166385038153452,-0.8920886266767069,5.519307322330618,-0.2740299412201128
4.324915265692537,19.856879726048202,9.765455433790304,-0.28458330215942024,16.042696138237805,7.529119009826751
2.998223382301279,-1.1143253214993505,-0.5605357987502207,-3.0489083972403757,-0.5684385823139584,-1.470856449296475
2.294532540306653,-1.1068333985929841,-0.6027045700624474,-0.1656600541553951,-0.638814736200199,-0.9073856232223607
6.010784033451118,-2.0003640657000834,-0.8770863920487924,-0.8605487547691153,-1.702042518897466,-0.6218160944053444
1.0675635370262082,-0.30972977573935884,-0.11598376167605098,4.371860101281362,4.383535539423679,3.437463044165403
14.136943921925873,3.076151671237241,1.7871892809385996,1.8202833963756213,23.33976353926936,-0.16176134649911839
0.5417990246595353,-2.103602111085296,-0.9261794637439131,-1.7501742889528953,-0.6416610597240592,-1.8019354226480175
0.15070852086546171,-0.6071564283009461,-0.3899705574568049,5.003549456286417,-0.11521416755270508,-0.14508292795435618
-0.795017187297633,4.817589832295226,2.690804857002319,-4.254096561873723,-0.6089258756468029,-2.476005463573583
-1.1998391473360535,-0.6749057072323401,-0.19458319818187744,2.3816469904910615,-3.0194081326061157,5.18901551666251
2.669412323383348,6.023480290872655,3.2139185092295954,3.597511758267113,6.384292714024969,-1.1967691409095937
1.146584586113785,1.3861051936291684,0.934466349396155,-0.9054545121978512,5.296142333037973,0.5759470924367456
0.7336357528611753,8.333455700623235,4.474534144040384,9.457617916768024,15.214756969079762,5.301115238410393
-1.1592614329651634,-1.2567026689712408,-0.4947978257977311,-1.843608465966665,-5.216020628049092,-2.276798199763054
9.02646436400341,7.438466011522672,3.8709850588528347,14.918932907731904,19.426156524733837,6.949263810198021
-0.027020088091711282,-0.5809790041029192,-0.16350858808735602,-0.11342394339114854,-4.202998702812525,-4.4214234458039305
2.6673278098573587,-1.8917598833138163,-0.7997980822007066,-6.753600391924305,-0.034108813494374494,-0.9434100235270049
19.017381289863213,8.611710298755874,4.438282660059562,2.8039435436937676,42.59831072043375,4.050648151258376
2.525207051453456,0.9940450689934155,0.39203670597609225,6.0276404034546545,7.948039071812554,3.782484374008284
3.301672507982998,6.469986165667514,3.3155680158503076,29.043957531955627,9.433474513275483,7.094116256950782
-0.0767245101199801,3.5679238402617277,1.4108043221965927,14.326966028116919,-2.658452553017751,-0.4634406814629271
11.600217623345479,-0.33414283827036845,-0.09423555387123393,0.1565239012810523,12.905885629659524,-1.1155390605420472
-0.8647622373183268,-0.4149156344021404,-0.1372266870360558,4.3022158745944346,-1.661403910931984,6.288327657411075
40.89017110825617,6.270962891191653,3.318460249139531,40.77595012860802,87.36354165607149,13.66729173111306
3.693556149562938,11.218472608671986,5.854054130913159,7.93746437216889,9.100711067858787,3.0083734298415994
1.7886013991867689,0.19597038359814228,0.6652958785307962,-1.4585748288926679,3.375658528240824,9.919536764770866
1.5781337527954582,11.23089904226401,5.649923428766596,12.368159437806858,-0.0029041269247867653,1.0536809464335795
2.919809393590871,-1.043947248595534,-0.4589784116456862,-1.3186176448549976,9.45052930015665,2.697780273306648
9.694844331079155,-2.7906294439476085,-1.349945890101571,-1.7872512285260744,14.380884899662247,-1.2999424994433684
-0.3278343559734258,21.30625792584263,10.379867991652267,24.91389538931898,6.018353022525533,13.843609346286415
-0.699981442662862,-0.8705323824785488,-0.3046072032607981,-1.0481028099766794,-1.4951143567581122,4.041382775586276
3.306822753585834,-0.38526451762318853,-0.15019748926813348,-0.9581133141723526,5.847634611498699,-0.16387211384113687
16.904163801951086,6.333492185354172,3.3617736403765157,8.65756543472659,37.1596710629875,6.349347445653544
1.9875012605232039,-0.8903731510420413,-0.3370292885448139,0.34035292758660607,1.811910160762689,0.3580919968847379
-0.3107406328746758,4.5469843136634225,2.2817486475988558,13.036589387140614,-2.2007575141599345,4.022860162929247
-0.04898865685691889,-0.986576842482378,-0.4148897159432302,-0.5291515703195712,-0.7895111788234006,0.41410890436977404
-0.4551775557787016,-1.322041039470492,-0.53383633488838,-0.7317569510059697,-1.7324881801770233,-2.966334508756862
-0.5501867558263375,6.01004209059394,4.059386347462131,12.669638633426205,-0.8876954360034571,5.816273626807858
-0.029567934596713297,1.8080639540079444,1.1833850560488997,1.4387314501497104,3.1029957140983133,5.902925652455291
0.6057508231778208,-1.4279085453149236,-0.5925309492042791,8.74964931345216,-1.7762597755306349,1.188473064290111
-2.2621287075106404,-1.0287352528144893,-0.45706390642617234,2.4650833127908505,-4.335695092148336,5.0543936606638775
-0.6306601257738609,-0.4629067893476682,-0.1459974066249979,-0.5659394656025267,-3.714294410872149,-1.9258975795807665
2.9799979607283023,12.815095638151863,6.44048680369761,-0.6837531450849943,12.617889991960672,-0.02468085699431737
-1.771601483045188,7.355398543563447,3.7184815241709814,14.621197660266612,-2.891823904165255,4.2920894389395805
5.379442671654421,1.146804905686082,0.2572310358339037,25.37214561150488,24.5592415396113,10.541188384436717
-1.4455245287603202,-1.7073189511920093,-0.7460863776460318,-0.42502884254917,-2.0752921537139093,8.070554519030958
1.3669753130643385,9.892185379234741,4.978401025528018,2.838384370689286,8.969962238637583,0.9104419578981114
6.6498469614705344,2.488425367709997,1.43334793836797,3.4753913203701527,14.61989952360777,8.3758581394093
-0.19936935596852656,3.476505583777125,1.8371057202206469,-1.8669618827226615,7.7239276075052326,11.021778277977296
3.5737268971699656,0.9394275933174547,0.6564449247590259,16.949799380456813,3.2798054603494586,3.340971992127648
1.0789921960222517,-1.3370424277002697,-0.3851893298598021,1.4277546738836109,0.9098192400704752,0.18829174168797858
6.960442312694301,9.22718469132886,4.839245084108514,-0.4252801360219605,15.581714552402742,5.740280147746762
0.8589476727339582,-0.06362249261133712,-0.02044561718213367,-2.0981647784966686,2.15016428322403,-0.24957668132521588
2.69533354200588,12.637722337767846,6.356554668847124,9.3803226113519,19.707327905932576,3.891926902720205
1.1351385271096308,-2.2458406352894698,-1.0199962475140756,-0.3552114697190434,-1.6776847513316195,-2.5383034933787307
-0.761635791651939,2.537180010185939,1.1106242646467281,0.7725366822015851,-0.8144559441919613,2.1852486476161896
2.209216468774999,5.554454986514565,3.2220922027736147,0.9122084933937359,6.055600809149038,2.297702254792511
0.8114392910242896,-1.242031135101783,-0.529591308863555,7.224954524988471,6.730410116112621,5.485772690142209
0.2823050301846195,-0.25379743406926386,-0.05860740495327113,19.222193121943796,-3.714294668705354,1.1375369945140685
-0.43681401409720133,3.519381278807599,2.0119136844937566,-5.41398025558436,-1.7224577021456629,-0.8461923932819965
-0.46290179808376686,-0.05614572366285622,0.22922745191380672,-1.9238371227587838,-1.6460039609420614,-1.1437365676485933
-0.33526439951271714,-0.06107147840909453,0.3227737734619279,-2.9290771178319575,-0.6137934819327898,0.5974113639059118
2.071915027146485,-1.2654168216125656,-0.4946612104572681,-0.037758968020212905,0.6215220440099377,-0.8512412895210343
0.8042394793726653,-0.4545097870858212,-0.14065645422331802,15.38044348861576,-0.7579805166454726,2.1401064944669175
-0.6780139976196546,-1.335839843752864,-0.5522614650921536,-1.1108240094199193,-1.796540170544554,-0.4298408082389273
3.9717180635586624,-0.7213397893730045,-0.22696961784963482,-0.10020131959912565,7.594507920618335,3.8298798705110633
3.0379292877822506,-2.2123678312990234,-0.9722229216718626,-1.0395684172431032,-1.3152154131064013,-2.0719943357790553
1.9482939283417435,-0.4778860798471569,-0.1435384159572137,21.8216711381118,5.612843614121608,11.74469738137449
-0.7149998569459209,-1.0337962776012295,-0.39109568251430504,-0.44010632242475833,-3.8602193779118674,-1.4082464507503798
-0.0984299390176596,5.318411810767993,2.7890525920741154,1.4861142501887312,0.2639813226202446,10.466870839776368
7.610783961355691,1.5441832390493229,1.0736826354994542,6.72112764165035,15.221189395111656,-0.006182148669067389
-1.0920102828022498,-2.815214334550532,-1.2542248929070734,-2.1813047296629278,-3.883269541290939,-1.0093221996645478
0.303440637037812,12.88422081566484,5.740734871638389,5.8444912077156825,8.38996063847821,10.727588935551905
3.2226209457928165,-2.642811401772054,-1.1330753637678055,-4.183031661641786,-0.84719269339656,0.3717662232371005
1.9090150539127058,-5.684827422374593,-2.6875061154082935,-3.1146751212579264,-1.2683108554346152,-1.6223247335522863
-0.27022619780886437,1.5804474848517658,1.3912989795341393,-0.7005859739083535,-0.2703509723718862,-0.07632923467955344
0.11489867507028706,-0.06101176785085867,0.05388564662264139,-1.3501801207830022,-0.25938190029331104,-1.9499858083697235
5.560470981747762,1.7244538867790453,1.2071242884414564,-0.009393237518060316,12.116611217505097,-0.38157684297341
1.0248525241547473,24.81111149370447,12.289758812547065,5.050141737680119,20.629299776164096,16.86502053517306
-1.5478763303772407,-0.25449613163971396,-0.06556974138566045,-0.06290734463569887,-1.7597017326891624,3.0677300732132817
-1.3385680452043671,-0.8440133394454512,-0.30712078779948987,-2.0189405464923555,-3.4131781771404577,5.938819809087211
-1.0951239961186578,5.5984729235505695,2.9823127365268842,29.19592091965079,-1.773652149649127,0.10583732869186047
-0.44823471279660015,-0.009584118829445565,-0.027072542077950092,9.683243531159167,-0.49678989929376044,-0.9641313052906858
-1.0860983584831627,-1.2249953104622717,-0.6044287653300056,-2.7133243878404123,-4.204997733833459,-1.1538805511188306
-0.8020409045539698,10.862975218707362,5.844626056654624,5.354713236767863,-0.7319656838756274,7.518565767078285
15.438988042245674,14.133889881351996,6.918625990899337,-4.27962378467403,35.675914642039295,-0.18725272075050958
4.260546886787413,0.6023218615854607,0.9553652924193633,0.3142322211038205,1.724656235935997,-2.1467007414991555
-0.000961661928004598,-0.5492247243992491,-0.21899085095474288,10.017658307426732,1.4352725066428298,3.867288124437022
2.019821350232629,0.6338164104117688,0.5537221681553819,-1.5323181247749487,8.33074678382865,6.398098320897975
0.6091233634588984,0.5287302584020899,0.5268380355481177,22.121722406262926,-0.876644549014627,-0.7951784946293776
1.1045659175299822,-0.062302117873802354,-0.08715280276148651,15.2136058983462,-0.1400423324589751,6.4444441488977455
3.879087176407504,8.901980656670176,4.533463875741138,3.9717537139631744,10.734602780448343,3.6928864512761006
4.465297062772447,1.2409360557090612,0.8550177373461032,-1.5398441965260055,8.284715836375826,-0.48605187648537795
2.017092456486429,1.5330586942404212,1.0734984652175228,-0.8109280971445276,0.565704018132392,7.754333862465057
7.547432143443077,5.030358393780788,2.9524943366645626,9.114867205117683,10.154450022257224,-0.2118666044094721
3.2372783041460655,-3.0130799605030045,-1.3566762119211515,-2.614325261666347,-1.3172668518777124,-0.339281803043122
-0.03838169256649435,-1.309921911731142,-0.5373683009527582,-1.608748463325985,-2.749649243841943,-1.8159223607606614
-0.248889718818462,24.70689062171287,12.095121836851213,14.243205271355345,9.615376017923445,13.355194996937849
0.284831571689385,5.056788380363355,2.7581781543671218,35.72534822167478,-0.20903325637460402,9.294261559333245
4.067028703087637,-0.6261868958114905,-0.22342914759402596,-0.3778737753407393,11.899475117518154,6.30488788797803
1.3021164473936095,-0.5181603196558412,-0.2121631359000587,-0.959016423589435,-0.18556361331068638,-0.2569621987817952
-0.4820150264397393,-1.9666291400830485,-0.8935281665566163,-1.2967797722325087,-2.0665882595240253,-0.9128702492759108
4.643491090236513,-0.15635596013088965,0.031366555399841345,3.2801689633203646,7.709910878043848,-0.06502027265773816
-0.06336947577835801,-0.4290849204073756,-0.13222356632816307,-3.0847741053274946,3.2096003994377256,0.4140043303010564
2.2369671545662126,12.691974708833879,6.3273521529378165,7.780299746825029,14.456884038092596,6.347611692799543
-0.07755379044121465,-1.6762188168953234,-0.7006178644606419,12.004937259510436,-1.9950363806361489,4.562048026267897
-0.18554332583128683,-1.0237296532540194,-0.4153137173420935,2.8218742006164783,-1.8545802202452606,-1.4339306133501506
0.05750901090558935,-0.1324389861998646,0.1426755845010782,8.683246704533689,-1.0295624442188436,-1.1352309892707564
-1.0133845331818352,-0.023907468932751266,0.31926931502635647,0.05889809363788401,-2.5497393635534644,5.255970763359554
-1.6068842571570798,-1.3518996887216201,-0.501778895621232,3.9953290564003385,-4.028454024573487,-0.1416548059030212
1.8067945857516352,-0.0682822628628601,-0.03798241417329769,13.010178996480933,3.448126735610973,1.1959330817472973
-0.14184752102764206,0.13642905241692943,0.6930800867247587,-2.6159176208802806,0.42647734053333997,-0.7903556062442697
5.611644608172085,12.183162671069915,5.93724142269429,-1.78427419135278,31.219809577144385,0.24776010878920857
4.310183294848885,16.08472230022752,7.96383684931828,5.143750652351942,17.70582660828098,2.237820754934549
-0.06718683610776566,0.03906237176701688,0.26921730246823156,-1.2742997260442281,-0.166157552205597,-1.9766334334762576
1.356374931453028,-2.0561324458062558,-0.977694775926779,-1.2276657154335804,-0.7960162307033563,-0.806477585180767
1.8164719453803804,-2.994342606924839,-1.3104460148995647,0.1501729373650773,-0.6710935144071564,-0.6470052734391581
-1.2101354383489882,-1.831611356765362,-0.8429914190498238,-1.2298643325206255,-2.8755425815275863,-1.7970484325233642
1.6063327622672103,4.686398164817665,2.5122737870234624,0.019540073963844606,-0.6097295377729103,-0.8155627596079609
1.0483960078564174,4.49628650115334,2.399824562965671,11.046698649350589,10.469698490198674,12.990766258475196
0.0696176973778988,7.533349918853183,3.865372201891426,-0.7015220417744251,13.226266944431826,15.539972467538012
-0.048209392584855106,-0.969813987501553,-0.38091441286641037,1.350823227136249,0.7352196672933922,0.8349817292918331
-0.6968052847199657,-4.654893639967877,-2.153598379066819,-0.4814083914582993,-4.248385115378169,-1.1527894348428973
6.844207980833571,13.27887415542173,7.115516388924155,12.681151716026637,-0.6918466152874245,-0.23358485664951464
0.4346678108238644,5.541263739375837,3.036033734385869,-0.7530706475236806,8.535468399688943,6.9456918048083205
0.5161027147948062,-2.385156295467153,-1.0962353455913605,15.906735412695253,-1.0949605735056707,-0.38201168184975626
8.559049020102291,2.11876584513144,1.4898082373525392,4.893016588128276,19.26185845573091,4.850732731018117
8.1285816997368,4.733174823351187,2.4810036302607106,5.625292367107588,14.523366458340426,-0.7520571467293058
2.9011742716154876,-2.6064645704190315,-1.166538675909879,-4.999841692356268,-1.1890438605615905,-2.293659440314593
2.732267513042629,5.848071240006814,3.226709510956531,6.147294873348419,8.03901593434985,3.252007129304925
-1.4206321893282352,6.049121758400585,2.610950400851875,-0.030306304284637632,-2.493071650546314,5.410188238205802
-1.5814015592880901,-0.1895577829294207,0.2234088630387635,3.0241791576439123,-3.651529953517498,-0.2746013078971609
-0.8100702339991417,13.659872049304253,7.219579845592887,2.081196768972683,-0.4584248254132181,10.524479525655657
7.689029424205558,-2.6119651163591824,-1.1575727136558889,1.3078687156378725,7.47282984401795,17.575329253786496
0.12976070103134074,-0.9552321033727703,-0.4018246185997716,-0.1726622503411746,-1.897918739611231,-2.6810683467757936
6.933579908290346,3.7031729537015687,2.251923869379027,14.838770382752434,19.124739655011897,9.699109868708822
-3.7869947598648475,-2.8091761841354725,-1.2364385303771932,-2.065948271463955,-10.757456702031114,-2.1588256705080786
1.167996741520674,-1.4803596607323204,-0.6222666719076811,-1.292293608960087,-0.2656992706172591,1.220239306757148
1.5560334194570733,-3.513025115830409,-1.6184692125592048,-0.6823941930354123,-2.3324646341711275,-1.9996151429585958
2.537304696424351,-0.12950349086917332,0.19109509024403354,30.756651565302036,1.8038378456254263,6.578791155945976
-1.2850127878834616,-0.7224457398967535,-0.27827521851455433,2.6004494364502273,-4.705982853943613,-0.5604069019785698
1.3094512073172369,-3.280679216120584,-1.465725831976712,4.834404966646353,-1.5606357951947831,-1.1266992397475606
2.833271699619665,1.5425753219817335,0.8278792162876316,-2.082157478236116,10.59344901410063,-0.08938208025417378
-1.3580771225314643,-0.1469517917384514,0.04464792726213862,-0.35834750324058423,-3.0440740020893626,1.200420385610917
7.15067535586161,-0.5892750853068874,-0.34870683808100006,-1.6079753383838975,21.20637024013925,-0.042095810750242074
-0.19452328887982728,-0.7598117468185138,-0.22376128774618045,15.96815210562298,-1.3075919578448754,10.064269620540397
-0.9767170099530704,2.1697760990703596,1.182280895406427,2.760460500904041,-1.0709238138786956,2.9506065745377033
6.532929640173326,6.737952843739141,3.088270878534633,37.627460618427506,20.07215665131438,14.424709119894912
1.0717983973475917,6.4709661883732,3.5231064812633415,10.73361240906618,4.176165483960657,1.0360168485867847
1.4485474850744886,-0.34379052532084203,-0.3646703007885176,-0.9707833929191795,3.1079416905455677,2.773487935653889
1.82385268701565,0.18746640845366436,0.7976763285127302,-1.3562643876424605,-0.600877205351025,-0.3123045928263688
-0.7065357112955086,-2.9846449432581474,-1.3535383717071627,-4.194338041546664,-1.920949726875512,-1.1499366756079838
0.7081446028718582,-1.3943826010647646,-0.5911411701455903,-1.270350116318701,3.893981717945512,-0.2613029555006104
5.045378348088514,10.735509948371348,5.5619420975551135,-2.167821131565148,8.799290826674063,2.5557986485215127
-0.3802291361314489,-0.3896397863768661,-0.07125726032555398,-0.5265219536573771,-1.0316503948471023,-1.393707998997438
2.5704610202107827,-1.8683476131295969,-0.8946138907546178,3.27352025457233,-2.679491558357284,-1.5300835973581435
-0.614754495235637,5.245903620480041,2.9092487491714554,3.8441673141384927,-1.008701011863106,6.551687379009139
5.781592710810849,-1.8527687977516356,-0.7831366873910004,-0.8772748876420415,9.75646599649915,-0.4030404039695453
-1.133978518757081,3.523376142085554,1.8690448571428566,-0.5605945989131078,-4.472897596016383,5.274227784618116
0.6826240336639681,9.41192585885398,4.570497223372582,20.971890868095073,5.25351731512377,5.59222794323433
3.315279363294125,0.1043325269621504,0.009251809734264649,3.4029320311436377,5.574418902069255,-0.36928404803756565
4.583382032159165,-0.6193155462086346,-0.15800130509905422,-1.2933912664396807,22.343441040346047,3.3955689580611716
5.463618763847929,1.2481572531503362,1.1455671364734492,-1.8254422025892296,9.667586241558492,12.420991912820039
0.10106281428472641,2.338366693677136,1.4577634705361686,-1.9810701530524129,0.04363077416842476,-4.6834752380611215
-1.331256424516854,-0.964486591733675,-0.281200577152739,-5.069947854974185,-4.360442559013662,0.22372129614498626
-0.6967258608617363,6.952713590938385,3.7125667485053366,3.0910160833676157,-1.228269615922636,-0.21951039628115057
1.9850753715245093,8.327598123539296,4.490829906464203,4.480061428648899,5.671966078268252,11.702463092138759
-1.9127719558386862,1.5198473195745796,1.0376553255709413,-0.30539863634397113,-4.601818013268514,7.026522059156257
3.616187784086028,5.4835787720772275,2.832294444987658,1.943727066359528,7.249803099237263,-0.09199404381079397
0.6690128741380605,-0.7316866390171599,-0.2307806063924344,-1.3274614647746408,3.234942162782215,8.742890996355502
1.028739099439552,0.49452867722753524,0.735087798924055,7.020990724957677,-3.7566218284181505,-2.759266490003102
-0.28817100510332955,7.439845317060115,3.809763700696229,4.2669492524459764,1.9964013075145024,1.147514118268509
-0.06128711929294215,3.984343740611468,2.1077891933008894,19.204238620799895,3.6216698529656544,16.87860076546889
-2.1926960856396103,-0.13171047404659206,0.18258839908327978,-2.6100617110642017,-2.5771157571149015,0.5933130695457571
2.849772145057833,3.5806964576063076,2.0455032599450087,3.9276659961353246,-2.8181200245106206,-3.5972322994662314
4.060951578908731,-0.5372142750173671,-0.22184688090001348,-0.039054763700823905,9.735625681224969,-0.5014192900285049
5.421505288302092,-0.3131930826150271,-0.05481616680159074,-0.03436284209582543,2.7128428646146365,-1.8800586996980446
1.2083215929761773,-0.7614024179859683,-0.307370992966975,2.2088860905019345,-0.8962377089266953,-1.5810108169559856
-0.10436040510616601,-0.29370257121713655,-0.03311924339964256,-0.5082109796004176,2.739647970096167,6.4297433191647615
-0.4699693667093957,-0.7666789302158281,-0.43426886510272245,-0.027634654130662174,-1.2932954102977723,-0.3643603891968996
2.0550246045651868,-3.1264541497501646,-1.4451906568059467,13.240540195400389,4.060020147126134,3.01240586611775
4.508598335309359,12.617805341072936,6.609027065592825,6.437043990965687,17.221117293149312,3.8013295331887607
3.246073611358704,1.3166837768913235,1.155696220988248,-0.25967790419194986,8.150964142829313,9.412759528666037
4.433981122911017,7.601714512940378,3.9613635807863434,1.854076650416962,3.817464461243654,3.909852872736616
-1.6267507830971635,-0.6544491702937547,-0.34671010912409284,-1.3432489590058636,-3.665962064402335,-2.3639894350331954
10.74651352196579,9.778139622016697,5.025747008306366,3.3084851248938456,14.033383227845848,3.9091805652837204
1.9934316430764834,12.720629185405095,6.76808910232076,6.680781870060728,5.814902869080757,1.6997860897327182
-0.240403294743577,6.63530867590342,3.86528268378712,-0.3000837749708851,-0.5920016774403779,-0.7743537966913842
-0.15298544476804,-0.7837338852910484,-0.2624246731424687,3.131884234408874,-0.9959330717883909,0.8693182139345605
1.4447347698198234,6.91601370996472,4.062444571315566,-0.4879840182615734,9.782813056699355,1.2345237675323433
1.5542964925989105,-0.23755078690055403,-0.023217281312833585,3.8833495358593044,-3.152649018691472,-3.4505964320459763
1.975571275767501,-0.4882041278487817,-0.25054357859986365,3.982626828378989,-2.5907910459724732,-2.307638700836128
-0.08125272618281093,3.2323790193973525,1.7078590252356827,-1.0771558833435442,2.482670982229635,-1.3741441126847251
