X1,X2,X3,X4,X5,X6
-1.63453132928465,-0.8815329606548163,-0.2995204948251082,2.632661159809987,-3.613608862132546,1.7867103084446663
1.599846091012692,-0.2191110295217686,-0.026601900312372972,3.554972135158213,-1.5467649818312488,-0.0836746376197895
2.075162904718031,-0.39896290398224804,-0.1736463756843008,-0.8888051164790476,0.6229266933581034,-0.6729844325897368
1.8845165131696193,7.165081034746894,3.614559699249922,11.528963928262435,7.134014266117447,1.9865563886429354
-0.044942648629706476,-0.3954283760338835,-0.04033126503100435,-0.8730873381363291,-0.04798931809866565,-0.21369266897789876
15.05986089431698,-0.4326080669780032,-0.2206125775907209,-0.17915971979003215,11.917438579985554,-1.311607234023887
22.33646612469924,-0.40575955087442805,-0.10948215829933289,1.8933360513596944,31.48105370975485,-0.028002420115986904
-0.21698835371627895,3.32648681081007,1.9099309537178037,9.902483556833243,9.036768527174791,11.561544664918332
-0.05114483918887789,1.770240223229063,1.3438483693188754,6.338179260823988,-0.09449576532272602,2.14969489186375
-0.2552510426762909,2.2298755743626066,1.406101924279868,1.053565093551594,7.170776086001534,4.861419944658287
7.1957900623285385,2.2987528344399175,1.2470899820812835,1.99114986986428,18.43363700905122,5.909745350678452
0.15303036256163327,-0.2696362622761998,0.3653822894254078,-0.5744709015029026,6.305189152455771,5.7921621293816985
-2.2581323744049935,-1.168970472098061,-0.3305236039377592,-0.599413430081069,-4.118689897641276,-0.12991022802601254
0.23182810710129043,-0.0026387772826881543,0.32521038195710145,0.30692614507873184,-0.8785302494171913,-0.061647017133193406
1.3952185898421137,-0.0755376707157003,0.4787614006726648,-1.056196222942363,5.145653451880842,0.5909969992289446
5.17714062404031,-0.5727132994476579,-0.2224872108420721,2.8953687417206284,5.426134322073695,-0.07299529447086131
-3.0782234001067614,-1.2443632830805829,-0.5584890129039609,0.5064813530372105,-7.436030537851709,-0.5960253244410268
2.5386041271571638,0.6872587754820544,0.9304449423310912,2.700657046682285,6.129510256444646,3.7641466272117876
3.747462987310473,4.599118265442614,2.43809762736514,1.6909172193153763,13.420437277346409,1.505771173069852
0.2906508244763696,-0.4179536766716006,-0.16682548758545712,-0.7765394269337094,-2.393531118430918,-1.3348075595574267
6.9671432143914,-0.3747518396996036,-0.08233161481695667,-0.0026821456131333136,18.090731287171334,5.438192656874472
8.505596769485587,4.369139609816636,2.143147847106093,12.572253066125999,10.568004195628726,1.483576451021924
-1.1099697219959388,-0.2273187192584727,-0.09681594305950765,-0.1162899409456303,-2.5793369549812866,-0.02545747190742045
12.513014431937945,0.454183537096032,0.4070436262193228,4.878873718815134,15.462403930102706,2.877616666736384
1.680224075723298,-0.2749688661654549,-0.1320561110543885,-0.48212173287178983,-0.17505537757031225,-0.8134195676131052
3.312255087327264,5.669539797197812,2.9304485732034906,6.555439984561218,10.765113594972147,4.849472383792318
0.4165717470492746,-0.988654222309428,-0.44429371681485996,-0.3446598798284241,-2.8334637763088075,-1.218592653282364
0.8498437292576846,-0.724090529878508,-0.27279513617939716,3.143627043234247,-1.0446776303820202,-0.6199014851704545
4.882632952363917,-1.4847169410868561,-0.6805661205720606,-1.260355610610985,-0.28561540015317005,-1.2165948066565415
-0.12064183247861462,-0.13938153363951805,0.22257107221537803,-0.09931354658100983,0.12717674598040007,1.3821423085219773
-1.5894937304195895,-0.34611593342510255,-0.09602613199937977,3.761758472233721,-3.9092915299141233,-0.42278890947013076
2.0152892173570143,4.826670946646523,2.7770027075593227,0.3911994784387453,8.053569821115147,2.457513564865515
2.342872124910266,-0.08964875022893207,0.0032814405717310757,-0.8416290969524987,0.4455354021871014,-0.5777834334804963
-0.12637160538589595,-1.1414704725681293,-0.4437967234393038,6.457938543605253,-2.1126360771155603,1.1480320622343212
-1.4069746404381311,-1.1699833506788468,-0.5317916780628555,-0.6449809199476573,-4.950402592751079,-1.7494187283436
-0.09058855456669734,-1.581405465239283,-0.5261473979740751,-2.4023508938797193,-1.6236543754576542,-1.4643704233810435
1.7716059444629464,1.1016439768209856,1.0203254620163376,-1.0483498467652712,9.427018304552165,8.620772570125117
10.842600171340619,11.634951453545611,5.586622020882925,4.749300787989748,26.956413879460396,7.3649617491546335
0.33470715417870944,-1.7178105391471092,-0.8229231502651209,-2.0410199063588226,-2.1524420557444315,-0.5745970833787727
2.1453771774581645,0.5335095650386653,0.5654521461033847,-1.5521202101383031,-0.08318775191571154,-1.0298611343287625
5.9089097340983825,-0.7884273565094192,-0.24668157094683224,-1.2650118215573547,4.768549644464109,-0.6601873384761735
6.741340683842082,4.686225958979114,2.408612908365722,2.1974543746630517,19.028166333184583,4.97692241211633
4.23494107944522,-0.2968492370413771,-0.08358463517900963,0.365297320304988,6.682370768063804,-0.3892988523334109
4.8748530853226235,5.3926509141960235,3.195399449582491,5.264581098292949,17.980550711937582,4.646910672966226
8.267542910505076,2.146025739435818,1.3617254892252333,2.615353572213133,34.14597323411179,16.178870821298993
4.07622993510859,-0.3143925444989205,-0.07642775861137392,-0.729469760189071,8.815282768838212,0.788316282937571
0.17131397979895213,10.648515129237145,5.514349031186535,12.51609235300033,6.082055365003731,3.2235852755537575
-1.2564625054535448,3.8709582651585954,2.4035745883744966,-0.10686710965281097,-0.4393063965832831,6.746086660618107
-0.7699132827885267,0.5471415540280834,0.5166157359744931,1.861648825158336,-0.5528254646408223,3.28179298899526
9.364744280822732,3.7529502825508434,2.468622315486062,3.9009831658879666,18.773768043890325,-0.08368084551829513
-3.4076166520667024,-0.5597975107781008,-0.15337060935246638,-0.202646321532014,-5.680262010560113,3.1461693479547614
0.4551949768668626,0.14125810419137397,0.4444079129567581,1.9847777383276313,14.427747163191825,15.70092110700822
-0.09351797295594447,-0.49915998809233364,-0.11857685984028632,-0.1258664669849335,-1.4390836133432832,-0.45224480275919704
3.501525782370928,-0.2825466340063444,-0.04721594594634076,-0.6133219832340265,6.443813263175869,1.2628631326252198
3.3384685457935426,13.366299372022919,6.681369710336651,20.06091082906595,15.916517970478957,8.99670506527186
-0.40701217832000225,-0.2918995645001629,-0.006072274098600361,-0.29840817311017076,-1.3759771866471786,-0.10073842600474224
-0.1936619854259053,0.7603704197313657,0.658202068569932,1.0369506639852706,-0.8288589892149165,2.1016064534239844
1.1302313139238236,1.330053721059044,1.163268467769735,0.9515808823433314,6.207159914321437,5.901110564064595
1.7897660919675442,-1.8339721818065637,-0.8063673342137,-0.7658555787483202,-1.4657277987125203,-0.2745077638738435
0.7595559811676318,6.764704009580765,3.393156278746999,9.763536849276933,10.326836567932446,9.056585399548066
-1.0666316779617935,0.7634621879955927,0.5888875843697392,4.476033832575546,11.782248188682289,18.546380909886803
-0.008976360671011707,3.726932927746916,2.551395136441709,1.7881124031304771,11.062076397096096,6.202541139894354
4.912983370906572,1.2939368267629017,0.8490059430889698,-0.7818260893653669,11.127432733879992,0.08532123507736444
4.894232638249292,0.5224523489440581,0.17175685248899036,-0.05868658419062256,3.283937512937082,-0.6303974754680518
-1.709176477656811,-0.32674100396047695,-0.099268558410553,2.594723024169687,-4.182547873307498,0.46239313131100623
-0.22986596491281153,-0.8157438656078151,-0.37026471672576017,-0.8956640767103926,-1.3302221773052474,-0.5520662807519697
5.348405566823931,3.0662694506002848,2.2842195233547393,3.3826271629183875,11.021104443585738,4.4764242161624255
0.07043307355264516,-0.04743620866852725,0.08738367795305924,-1.0013057420694396,1.3496601517950446,0.029933806809476438
2.3963419337253518,8.751225167813102,4.0776339364439345,-0.07501246453407912,20.44103120201625,8.058192499208449
-7.620715342111628,0.49358791497721605,0.29099530039170396,0.3327605383989011,-13.49493612380563,1.271610625072877
9.05781910049309,3.0615535687804587,1.5504712448576403,-0.9006328530821863,17.994452430975553,-0.24920431938086607
12.912914263832908,6.234610749245917,3.6662713645992473,6.962263670278205,33.82459276418664,7.382971941776366
7.6412724608515905,12.341189860483004,6.30261382909117,2.618317151547961,23.370895755234844,7.2503056861379385
0.42253812309685995,-0.17771391917743729,-0.06097249651563468,-0.3935278137881808,-0.4911071756800951,-0.7925094629619358
4.114363907515363,-0.796503247543622,-0.2468475922872608,-1.6451710095775856,2.448627408214345,-0.7872513438524739
0.12316606978242195,9.899318976595282,4.956053770335703,8.27007791822677,-0.32574750588609486,-0.13964545029562478
0.5903434707605206,-0.41957656030704166,-0.15434753790937422,-0.6974886086820048,-1.179802306322639,-0.4536188593634252
8.816086324859734,5.328490910969247,2.9625648721017037,-0.19682803387168724,21.747891739692886,6.021152388348817
-0.5965251478270414,-0.34192510144454497,-0.02561614301001889,-0.33722604272630485,-0.8927811799851046,-0.1797724239887408
3.093634617523713,11.584910453695832,5.738004051468995,8.944322377721152,0.5406268535936707,-0.6760076856524502
-0.7835666671016233,-0.05767588126565444,0.5698739189953169,3.2758662833658487,-1.9039101211814775,1.384347473986578
-0.01109128247661635,-0.1309637090892179,0.007947144761329072,1.0571362699677196,-1.6987822492396003,-0.1633810375574412
-0.770214620594698,5.142776139375541,2.732195855948042,3.584114292380682,1.6339987339320001,7.443604303710313
6.146656278886171,2.0393897474860925,1.2545800340249433,3.8415107297212243,1.2924298533497045,-0.5113490596987765
11.127328713307127,8.26933323504437,4.391408928779625,15.961217975527706,23.860851493754623,7.054484666608236
1.3569147803876604,-0.5905999253173074,-0.17514749004100694,-0.20875959042724854,4.343598104499543,5.700420983822705
2.0907610110829555,1.397980203610392,1.0841514692291856,0.15332641251687162,6.515727932117087,-0.060923169453526695
3.0421858970006204,8.571025292977316,4.774924100963632,5.129937508254684,14.49952615165601,6.394789950450913
-0.03909238847529353,1.8624793051825081,1.2015657858179212,-0.8917756386454206,-1.3223951567693322,-0.7797784908036043
3.327979474684513,0.5076010410549454,0.4695573290551376,-0.008481229716475669,7.651890463991353,1.4358531400686498
3.9227300210923994,15.49643301671997,7.827906245411602,8.792076647872237,25.546399924008675,7.57883565142312
2.6777384866264478,-0.19803616261184323,-0.08932722627578366,-0.3887274441978971,-1.9759299315123293,-2.383939125476165
1.7787532053862287,9.573525725039188,4.476511304120258,3.622196099431706,19.774073598760907,6.35992950381743
-0.6863669321089199,4.955407116147621,2.6747919961616256,0.8280802558650001,-1.5341706051850894,5.88414631353228
10.202513734661952,1.7155122819876145,1.3844380673720798,-0.011970680763518772,21.434191809132503,7.9632764112348795
1.9205293644244645,0.6721103333443845,0.5836547269355927,0.7175912328213039,-1.3885484896185147,-1.0183505233227292
0.5810190907916254,1.7813749407837869,1.1520040707032622,-0.054769637463276545,-0.19065057003256775,-0.5363058956063919
1.1542237142568297,-0.17414971347488603,-0.019917750778715538,-0.6581803947551897,9.003591994354727,6.925198774827842
6.129288827475355,-0.06374848610566684,0.22913361391878934,-0.5469257267173079,4.260819245970695,-0.96249623032869
5.2538946252183205,-0.5480379423240568,-0.17718231922287836,0.5987055721203549,4.986285819097065,-0.2154186191364003
3.7351109333726527,0.17894338103902174,0.2852515537748647,0.241132505662771,2.173588577841959,3.986712649969446
4.415106122293763,1.539286603263458,1.352161901320685,-0.4957489599801388,10.052193683487815,-0.36792803765622306
6.877905267531509,6.393442063064303,3.208594035347988,2.5987966898757544,9.885417124920592,-0.2341082163295857
0.429321694392829,-0.12780066680624128,-0.003637389708231753,-0.09571549430900475,-2.763225047260051,-0.03584718698476854
-1.1395990456221634,0.6881547793015252,0.12056974409907889,-0.27601852563095197,-1.7886371663825522,4.395475978668806
6.804621309359652,1.7193158579590033,1.05296916495831,-0.59611433027908,21.898638796373604,8.66951448000965
0.41040083729176197,0.9231072020757785,0.7619905156229372,4.235528772153746,2.449654293192155,1.0952861784827521
7.041347967756923,5.869245891100415,4.095314098811633,12.082164334439009,6.944191446752862,4.383822908594348
2.2503230176814286,0.3799955262819408,0.911661514912423,0.931494562837417,15.777772414783724,8.59759612358585
5.302595084236819,4.21208973690894,2.1602263897590324,5.854969298677065,5.119736606844704,-0.9004141649525569
2.0747795583484896,4.070040361767349,2.473450021147949,5.20543390905787,13.571568657438586,8.188394045680782
0.6537551502636405,-0.5160869777677126,-0.17873047052412605,-0.1332685908351902,1.3160302375976793,1.741637013248928
6.826338883681979,8.81972466302387,4.328726423969174,-0.5350022716927452,22.338950742997117,7.063888858193972
4.398691172095419,-0.7750950647326081,-0.28590485746926503,-0.718681312814648,1.6287585693276094,-0.2363030655739023
-2.3856804987416123,0.05940193812354877,0.37977054229706964,11.640418121220543,-7.023230771097089,-1.1217663632040809
9.2800126061127,0.4856298307613328,0.9434271522912634,-0.38020468068047913,18.209648421167792,3.7665106695214012
0.4351501218669497,11.822677440959687,5.882315388141611,12.65328981039239,22.702546640949073,11.128084432005949
1.8438022112568893,-0.059907356748760535,0.11609381683381093,0.0008493156355829923,-1.634803091692411,-1.8504691139530367
2.533091472907218,0.5215018013261644,0.6431966864754756,0.7577343899152575,-0.027284768286122408,-0.36795424591011927
-0.95553222254331,-0.855383074899283,-0.3320796536674333,-0.03295078522890345,-2.993790044043999,0.5423674548374678
-1.4938024641695768,-0.44021615588403346,-0.11848110790555651,-0.12147601336215752,-2.562595489290741,1.0417924173260205
4.882720321530772,-0.11062998464935128,-0.004987712872362261,4.12336305809382,9.526611785279957,0.7754393874032048
-1.0295876481506718,-0.5680352068745895,-0.2745882322384429,1.0629913531143993,-1.9821159692302044,2.8483068154034026
-0.18072723471273744,-0.5589606892061355,-0.16637408022009983,3.1967498451478074,1.4992248949387843,5.4547556083902595
6.03922283927033,2.9309515204289887,2.5519384751255165,1.0191051995698066,12.93933057663987,-0.14644253747778735
24.535927895722665,3.5581112320620627,2.0842729142781384,-0.012166222427435503,46.88993212830862,2.9043127304551186
-0.005721344499763204,4.299222015703918,2.5468956670409884,0.9347839281246857,6.964302564918082,2.8471378614357095
2.7499387509853883,-0.8065085797642761,-0.37487659921449357,-0.8124361322288188,1.0752117164775024,-0.19464016394555836
12.526413334026772,2.7329290463710274,1.5987930929949552,0.7624869768761577,18.5220283935851,1.6681211723668627
-1.207132410948577,1.293992137957768,0.9565215272983443,1.3748856232543003,-1.4763653792889488,4.806397052863309
-0.2207312353987325,-1.1131286404324738,-0.5370189542456035,-0.11442367275130715,-2.228559760598282,-0.6270914802022853
5.032257692559355,3.904234334329119,2.1135773384487635,3.1241575876424186,29.572090570283212,10.75328922783226
-0.20793864670655138,-0.7815911377370541,-0.41912533536451185,-0.14745574370410558,-0.9834457800650338,3.5867926762281854
-0.02644843002403299,-1.09825706446984,-0.45998079783123424,-1.034545646251956,-1.6325468092754365,-0.6506909231495389
5.163611788841326,4.603778126075226,2.54085508091211,0.24751953764360246,12.5519315817559,1.3647164979912827
3.119589241956086,0.3158268333379757,0.7315947928282109,1.0462311762472492,0.3673391882523529,-0.4237531753194967
-0.17224787064202235,-0.4881732608621401,-0.08079459372008371,0.9299779985390988,-1.3152059914264067,-1.118847231741575
5.139174701237601,4.01447222212103,2.1524678850062813,8.365891360140772,3.4543904511145334,-0.211638139885051
-0.5587497415402386,1.2295306738446905,0.984220180243901,0.5590120708401681,1.5055827353717177,5.875124766662486
3.259645483736308,8.30158859418423,4.243320354443165,4.385717737109557,9.050856797973994,7.227198271639097
0.07173507634213727,3.6185102714243658,2.367894002734279,6.505134024772584,-0.12622418126615223,3.043312647443395
4.649379211749032,4.339876866176411,2.2254151758695695,2.939263607619785,10.251371897828209,-0.10824903580659001
0.6184958305485245,-0.4329408412882743,-0.15544000651401577,1.4255123616542202,1.1286044483216118,5.138573590021949
9.851916655218739,5.532741578525698,2.8575676881476597,-1.2227051738197983,39.53058310540658,11.32507092066452
-0.0877733802456616,4.372371420468055,2.718516567787209,-0.11984753549477478,4.227857131675526,2.0940336173587726
-0.18184202052842174,-0.7221491436826566,-0.2781273031046249,0.29595277431449407,-2.4195805847929357,-0.7862548824937758
9.010529609565644,-0.8632834610173697,-0.42013141660658865,-1.3298889815019412,7.2903575953714705,-0.49873129692695245
0.8685043755541485,1.617506913876671,0.9119898798098978,4.035608742652312,-0.5164352569803813,0.9334415762977478
-0.7226914933498814,-0.4173565514122654,-0.19773589645936768,-0.9381269768980411,-3.0580483809416896,-1.201550167424758
5.30210226970625,7.481859231488563,4.260528914790704,-0.14952324581795523,19.727042180656095,2.8851978515031975
0.6019806043313513,0.7585429381127216,0.14418471666996197,4.360463952054489,-0.5441103939383581,-0.17166881113590673
0.929462168253123,3.777026352119211,2.7215342613683386,5.0739532131711025,3.9924446696511326,3.27362451918676
1.548773425517949,-0.06217559170705818,-0.027349182302674004,1.5893728395898088,-0.11304355881542481,-0.43292904978315916
2.0897570718014564,-0.5646274588034771,-0.3906188213274737,-1.6946894188192136,2.707343140320175,-0.2581281797210356
-0.5806837107277897,-3.2916512896386685,-1.6111272947386717,-1.2681827474814131,-6.33860493601817,-1.6275418106692194
-0.4411709261593648,2.5377295014149537,1.3496935855360825,5.66244140498335,-2.9227677595030634,-1.388866425888092
0.40599641128451214,3.703085440787297,2.0635047285912087,1.1550483909195899,2.161995228659592,1.4088711141347257
2.275001952163679,-0.7354000820586026,-0.1957724878593421,-0.3260133018713186,3.1685340036579026,1.1882999608834486
2.7202500972593047,5.06600668749624,2.8413016097444395,5.1857007122802825,2.462776044287992,-0.7862166781417064
-1.6395377864009586,1.460599541658608,1.0696357623982082,-0.07020876113059718,-3.313986952609998,-0.34976478353270185
0.7082902640545731,-0.4525466166439414,-0.10965097296432642,-0.3461016073350861,-0.7197935130034212,-0.44596679498976927
3.949768837270292,1.1467032672624478,1.100299656578246,5.461661493924051,3.8533268856894174,-0.2880913142558709
-1.1849741225090162,0.3773777041846963,0.4123665390651694,8.558111884352229,-2.886312685109143,-0.07204259119153936
-0.6829415029582997,-0.07672204558348222,0.06498884203064859,4.7307742882472335,-2.8449197446484256,-0.4027588815285455
6.024888236070649,2.1162873861985636,1.3177716380381517,-0.34423367528611526,19.66140226761286,2.677246308466271
4.5327571067232535,9.574803265072443,5.01103070431303,14.837943021122294,3.4445853834951934,-0.04821751537385721
4.43876215130036,0.8431231451547986,-0.09078642302919278,-0.0028311840879467146,-0.3985059103756212,-1.0806038218970715
4.369001030326981,0.08097324993527655,0.9616815912684544,-0.4331052325099421,4.220805515295499,-0.11607255809589773
3.4963733191629833,5.626873881315135,3.245506214995127,-0.31912205488902196,7.216188642065856,1.146765147092081
6.7560133781990865,3.544121478749803,2.4637547926898433,-0.7721024609348618,17.185448922926113,0.48957715409283165
3.241198290380021,-0.6850075204844147,-0.3010126527702635,-1.1202279524927263,0.23463481712193174,-0.847133751846977
-1.6584740468957335,-0.5643436139496857,-0.24410156379347858,-0.46190887064042396,-4.59005445241851,-1.1017087603438493
0.8505292580711492,-1.1730772280565558,-0.5042896783586974,-2.0060708672796657,-0.8948487597190424,-1.1102366951912195
-1.3683247921301542,-0.4443584423669689,-0.07852484679470531,0.49121273034596674,-2.7268430046403846,7.984225634018577
-1.200724494486752,-0.16864071512510453,-0.009748154848587843,-0.10083202160471477,-2.53372572336656,-0.0036266379438577136
0.23240539931151405,-1.060744936905561,-0.4037249134078758,1.4943135026929295,-0.7792999894275973,-0.6841344906648228
9.48421427082913,1.248023385488779,1.1105218195284574,3.156212925397643,20.69686418527639,2.2095343657779782
1.7593536855716598,-1.4557134543555854,-0.624082139767018,-1.371828392584817,-1.4390344988610546,-1.4691762324231858
5.855557870963687,2.0241719093904362,1.2449742466549532,1.2537219064525633,8.935822127172385,0.7632233780798671
3.048883850067206,-0.6028805837382437,-0.32648864121762966,0.7257658549073889,-1.4201767799125027,-1.422472030589887
2.1489904003581923,-1.3209100492095038,-0.5636692119147801,-0.10264212131266151,0.8597900606308378,3.949466564717449
-0.4773723242624677,-0.5476966741120999,-0.17149321790156558,-0.2882678958503948,-1.1941023325787268,3.1477033146524764
-0.64074428556619,-0.08780601204591253,0.12259084129300973,3.151797132349162,-2.658555204563882,-0.2938238968425812
5.04387271761907,2.228203455172019,1.591287533800822,1.0326649072996388,14.084953667524061,4.109532803542578
4.319559118231353,2.806940784514143,1.187823166961384,1.5311311035873696,4.681446604257726,-0.23172262617712336
1.1329293073934892,-0.13235522902296618,0.0070227269272590265,5.512398888461372,-0.39027879860058406,1.0102705516049617
-1.2497587574299862,9.98118553701311,4.925838361795726,7.571931537539979,-0.7496449840869683,3.095515081093513
-0.17622029041384268,-0.3995577377614078,-0.16516917085471522,1.9616674599419328,-1.1151639689607824,0.8881432858810867
4.52966140776098,0.08103381633272455,-0.008966853157653599,1.7897179080154582,10.61736545071997,-0.5917589726011604
2.1287670047694407,0.4750560915082198,-0.030844460934591502,0.6847844571431915,4.093781815153297,1.9512765828847198
-0.06930832033166605,3.2430027102228633,1.1257147583608733,15.396545683901262,-0.5782332378611427,3.9076259620869047
-0.16979213243899627,6.1322742813576845,3.0815764212790873,4.450562742120613,3.064217932969605,4.481596744074099
0.40812793790640506,2.5983453406909107,1.3032105453783305,2.7300737158339774,8.906229876967366,1.523367979820982
-1.228840427638803,2.517374670911959,1.211930391987861,3.487416065576851,-1.5137215415740322,1.2046266111719452
5.984155649101043,0.20514642345721157,0.5335892952339847,2.396613573017614,0.8993378753067935,1.4447568148991174
-0.7215030382621255,-1.1433648780274408,-0.5479615631861162,-1.965166184944598,-2.636134240183011,-0.6446732054536162
2.2461238377087023,-0.2843645814834225,-0.0581872383290883,-0.23350768817376838,-2.1615168178110498,-0.7010567162826655
1.2935034453285925,-1.0377165384786011,-0.42625879988141596,-2.2152967937323518,1.8695916031164632,-0.7236046103315177
11.93489500684475,9.343608352709175,4.635435595107151,2.0828181909675094,30.040940880789524,-0.6953617891843797
8.3240953619153,1.2591972567952574,0.9568710556489839,-0.10368775171599487,17.2606880390818,2.0284048076607206
1.911896799241351,3.2183123308332524,1.778823012667613,2.7800803153611646,4.529955063129404,1.5330526646486335
6.432158186088142,-0.2344929475913472,0.4265622601084332,4.0076444848678765,15.653600574584264,4.006258423799775
-0.5259996244731531,2.303473565708201,1.4528385455772395,2.1721696966285027,-0.6421876563057234,1.8333474479729934
2.5586226567943555,7.345922493193009,4.124432167453419,10.66512658530193,7.529718319378181,5.2972379389739865
-0.6479900063759617,2.026912651066612,0.9810729608539914,1.4333921637908955,-5.563166480365091,-2.3732932761543046
-0.2642353056243338,7.619224328940864,4.348793133105779,6.940261447714952,5.640057567157876,2.769316848574652
1.340434439344534,4.734964687905286,2.0466947838618053,3.6162468913398262,-0.6640865621444118,1.2527120584648064
5.097172077545231,-1.3822827943745668,-0.5321230148035659,-2.050449450954067,17.301441450576046,10.68485195126415
0.3524556157547759,2.481746976557531,1.2895823154193429,9.173525275408089,0.781395720469779,4.749046832219874
2.6805030472106157,-0.3856617806719578,-0.12719516578025777,2.125025492033334,9.701484574005724,6.258973027446726
8.238469380487711,5.302984005911516,2.4850068221071657,2.9491881863099128,17.07147551443789,4.594605974615164
0.07154462652672344,4.845980424290799,2.334366467861061,2.100641485884236,6.156771147114677,2.466797904470678
-0.767411407646303,1.536526467765763,1.0521672099285826,0.2751178300247617,-1.7907457954548769,-0.2741813827011981
8.089703431264248,2.3802649806910194,1.9478307948046365,2.224252472681958,6.809599857811253,-0.8241636414447373
2.9355900053533723,-0.41432497423224923,-0.14554395496741557,-0.9696388608670585,3.4183670227852314,-0.7345648868511697
-1.6113424805562033,-0.5163639633808275,-0.07353277396659712,1.0430011667573353,-4.041287444680667,-0.31447966945409006
-0.1327359267852967,-0.9126255883974542,-0.39578737615171855,-1.1123867766923556,-0.8633476329159354,-0.023686778165408318
7.233449203543414,3.8368222963087115,2.2493045837327537,3.2163382245603103,17.56505580263655,3.644461121930828
-0.05983194203778206,-0.45103728148598665,-0.20733182830809085,-1.2091436612219333,-0.26474086580973266,-0.6728164119187705
0.08015673629227271,-0.7164508680238497,-0.21916870637836428,-0.14786163060377389,-0.47411887413005877,0.23801081115299572
4.815798835438542,0.3428189112932366,0.63726106371935,-0.004191525752062231,3.7373596028758156,-0.9024717165934014
-0.09777011682169885,-0.04590878439335269,0.31127612322073583,-0.9253413051969916,-0.5379633023162947,-0.2521040963470586
2.4789649458800445,-0.3660013370269779,-0.107308325435887,-0.07783618027405766,5.253756180659038,0.1287039799244667
9.043632488919545,8.699878499287072,4.337812598188096,1.7948204186037833,25.015851444708765,3.0753919228025417
-0.7045777414766541,9.160147256583134,4.605565490256573,-0.013629079289454317,-0.8648502877052882,-1.4466839785040635
-0.6743982761073668,-0.6075918063759981,-0.23048360446400104,3.545902790206794,-1.4391201256309627,5.3128039399403715
-0.12674150202468779,-1.0365248788694412,-0.38013309530387107,-1.4971604526601665,5.446215102807064,4.194269150286035
11.978406290026971,-0.39970987851046247,-0.09995104995526344,-1.211072626754806,16.197861428419607,-0.3270093358339484
2.084621070797918,12.496525745170894,6.597984928431175,12.335561623398675,11.966025625185058,8.373015210474856
-0.8230295101315646,-0.5772645632260041,-0.29850541668959857,4.3397020705634475,-2.839466415163989,-0.1410134248921778
0.8971195726386554,-0.15431950384905282,-0.019114280084425662,-0.8158149557791335,-0.42038399432728046,-0.5559563307095617
-0.011298673660724345,-0.6574915468623305,-0.29124593900494855,-0.6858177015663283,4.117421380118955,10.19373953846224
2.9666904970059544,3.0661213740128654,1.7600744929307912,-0.6753468719544232,7.474788539654406,3.7966954645119513
9.843032701614966,1.2176684333948071,0.4821711048202129,3.580861429462918,17.12059421617696,-0.9238496936078454
8.589455897091135,-1.1620103326192737,-0.4878355212396514,-1.5479410961014302,19.172593445233186,5.146014111102288
-0.7330284241073768,-0.4467611387549127,-0.08439996447305807,-1.009835848271523,0.36521969870449567,5.343859073097964
4.132405784443102,0.7839705339948728,0.9568409720984397,0.9417442749796497,9.420750240896611,2.7464117038065368
-0.46834891711614796,0.3288593164203275,0.5396753332837209,0.5624281945822602,-0.7821302202961866,1.8237285682719897
2.8030798204088523,-0.8773682664721882,-0.4557667271992726,-1.6784136734562258,1.6097237902295523,-0.6326671774079244
1.204414018110203,-1.5388610241679388,-0.7206337927502849,-2.19264485482321,-0.3304714113469701,-1.0902172384163387
1.1366225755409727,-0.9166509357831262,-0.35036026304940676,-0.38816495133699647,-1.9747307871351236,-1.1771972552846692
-2.6012939054533653,-0.41491787772182165,-0.12300027865441959,2.447168735904328,-7.430152460878863,-2.1274805703738258
1.2353657891476535,2.4172524175137244,1.1526761393904064,-0.30617391929641524,7.408427094797159,2.084926638048921
1.0518791967703094,1.6888571175896918,0.8741718704216668,-0.3542418432953332,1.9554611358697858,-0.034689343848510905
7.592632919452143,0.7145273647015934,-0.0032680355262205696,-0.4991268356866872,12.422886444896642,1.6392817484898132
-1.061849989144231,-1.6938866893480211,-0.6843535376507104,0.9866867678331084,-3.129680429043425,-0.08221998978518359
12.764058840090106,11.500171482088046,5.696792580928828,2.1103390031162457,39.34735725934552,5.469770607921119
1.6801061431843385,11.90616959591363,5.911165249713374,3.9190804681715044,13.41737758297018,5.205468757073304
-0.48506007912405436,-0.6292685738746497,-0.23426714107310836,4.67431543101566,-1.242312022944063,4.448817805428302
-1.0197936049049527,0.8999734858267548,0.5142984308482443,6.252546940937567,-1.763488790159292,4.042507750454588
0.11866780826456325,4.0009724861627936,2.325290452037555,-1.0156799665668563,9.583729896973113,-0.4633098786337527
2.766083637082251,1.7804418859408333,0.7562259940967953,-0.17076864884919796,7.791665513055006,-0.5520073220839985
0.9472703155488904,3.486733241888839,1.8744584103843709,1.551796083487746,4.516744406039559,0.7692645135410282
5.743649023889042,2.0163868376800913,1.1741892307960953,2.383592867611142,9.128443131020454,2.033569467516479
3.1613521946684946,5.691471010164063,2.9379984874878833,11.816062052910148,12.101847533444884,5.289680233159002
3.2955800882741997,7.457991331999957,3.9552399729354972,9.642335703768834,8.648523417974198,3.8872730229821446
6.04537127094819,-0.83750558045684,-0.32744470741075093,-0.6689043014317537,11.536370793576705,1.078867731623105
-0.08540647127010131,3.3009524228466165,0.41557770915331815,9.155479731303492,-0.5660139747363052,0.09456014432211646
-0.31939348093374487,3.9730160942356525,1.8459038348838435,0.6243141651660619,5.749395269524083,4.535746893454583
2.4917798437441254,-0.17104361402438525,-0.047037728537431024,-1.0918149313689647,4.128179584485005,-0.20427721418758651
-1.3637297798667998,-0.049848182514284446,1.0614166016656037,-0.023312605723574943,-3.0365315017410066,-0.5035209888155816
1.5589003993020425,5.024120210327994,3.157298243500421,1.4772104746411086,19.933809586201207,19.333558410556208
-2.1754971158089225,-0.02702466738760543,0.19614858457044354,9.460399216359663,-3.9595962697958735,1.1376409168557127
-0.8990338817589342,6.1361535543835295,3.365922024826555,2.3639560626892875,-5.541387424717335,-2.7446616674973465
3.925005303293246,3.6187317327532234,2.124752651135323,5.47694415510166,10.812822039468184,4.842283872139707
-0.5395258252549889,-0.40659636387679926,-0.12667019118705033,0.7824123877139142,-2.10828233399915,-0.37734138612278273
-0.4533915469463029,1.1894905944684033,0.8894813802219824,2.7644186881637483,-0.1519149959223282,3.044654151773499
4.165382948544516,-1.8310261137881394,-0.8852683622887346,-0.09340398041578678,-2.669306997698915,-1.15670470958148
-0.6860916446167119,-0.7742930022785939,-0.2995385887831086,-1.0147691693406344,-0.8102083718148999,0.8451344912275569
9.75368491211966,-0.2975161240680854,0.12916597313781425,-0.9708894031182205,19.018591464975934,-0.038324060396950514
-0.03886036440552901,-1.3451990111973091,-0.5816732889027195,1.2830372118225275,-1.7937891061867373,-0.5431171452483362
6.277476690228565,-0.7646385281148311,-0.33762415434385656,-0.3466680392682119,2.461571314160077,-0.40256018617184375
-1.604419965907196,-0.39425798620556063,-0.06197210908273152,1.6962151571997004,-3.153436953861072,1.5597655435342488
0.9508355120171268,-1.5731882427688793,-0.6982077436615909,-1.7234469381248942,-1.8094200339397835,-1.0455691311637016
-0.36599760985566854,-0.3385335806058902,-0.09693795635450707,-0.8098082765240927,-0.6831756487265139,0.7878536060301669
3.4312062457103174,3.8859859753609984,2.4617632702291354,0.9086253679873031,17.271542891905874,7.517878800774571
3.5921888702736995,-0.19452644609523362,-0.005174498922750926,0.9958728992414606,3.5101230019140717,-0.2649145879412986
-0.38940076166696574,0.8583624016502391,0.7248308086161854,2.383368518170885,-1.951863546216817,2.5559395587076814
3.0508698160251857,-0.47882148478829,-0.24937671898232067,1.0012648999903944,5.4844927098586,2.4271951793239053
3.7212330766318216,7.831002054912791,4.140538443112257,0.25348367226038415,21.663842076052976,8.155064520578264
-1.5388749055309372,-0.1519060943837385,0.07075918328726627,-0.7754709004170333,-6.2649696375791875,-2.5216226648683078
3.035965178304828,10.725358668257027,5.282877261466125,3.1637534143691157,14.484794056264851,2.6073539008392688
-0.20148635283584537,-3.2047120493228523,-1.4390034134457814,-3.3605806283066673,-1.5886482381706346,-0.43567151756683203
3.9031525689889115,6.429554825259696,3.8733095160830833,3.977495221933431,11.562538586291241,0.008613453586184261
2.93935188100365,3.813759308181749,1.9214965926132714,2.832095786999764,17.324616614000554,10.535236835111437
7.017659096975751,0.06647403121974071,0.5589336373628044,-0.37292822645628076,13.543041261801221,-0.19269895989690325
3.594461345552893,3.2400377690643825,1.6580251844465639,-0.0051268133224078305,9.374229369421332,0.05472737772182812
3.707007684864828,-0.35084721442299527,-0.10832019635392896,-1.1362070137956717,5.812064760850082,-0.12503863265277548
-0.14160190975281464,1.0823746766848266,0.7619387647659133,0.6604336951433857,-0.1691560547758284,-0.09999989480867671
-0.2403306143958394,-0.35513473776497523,-0.19238434087081668,2.6546801765920884,-1.1113408526037256,2.2613923625672547
-0.13214491561987193,3.819814835341787,2.196209364543158,5.178242609471788,3.23224397643832,5.4067989438749375
20.887709781495765,10.146836312395648,5.0410596489359625,11.503697567579838,42.605216318817156,5.406499892157309
-0.24382967044729906,3.5110606803544155,2.186655276968751,-0.7789963203325615,3.623626112654193,1.6968114593590748
1.831609804390858,2.4999312317158178,1.6553897375953628,-0.11677682050246437,10.950883412624414,1.4599574345311062
-1.5926478279323009,2.5550549543069883,1.606033861959416,5.610124467669751,-2.8117704921544715,3.6021123564893465
-0.007376158951328349,-0.14239700871391656,0.20171056551472222,1.4235656625144504,0.8193766548198248,-0.11869064785013671
-0.22368931696559416,6.095832328048497,2.9546176610095833,11.637060894082678,2.726366804249195,5.774925956577116
-0.7753180937766537,-0.25817162534857874,-0.08829767889679521,-0.06642124828915712,-0.4400840840136844,2.7205883441710212
1.4028118161181018,-1.2686406455911425,-0.5866048890447868,-1.0075403618684475,-1.4455602053956742,-0.722255391881671
1.6722678414134675,-1.824160300046463,-0.8032465381664088,1.3642244979621654,-3.511787214021204,-1.086899084904373
12.693064507724777,3.5192609280850657,1.9975398214789042,0.609975498664086,25.58954022035292,-0.13792051818735263
-0.24187390729163677,-1.0225340301606085,-0.4203927078619136,-1.1576879725411249,0.7566057544869476,-0.1954661693779885
3.098288945785999,-0.12843126505211216,0.14837822297457154,-0.2524732659385778,16.806142206836398,12.1403682469847
2.0162347540244525,9.921442531037933,5.216997170365271,22.96496739448684,4.400355333937192,7.8637784567702855
-1.1723248619803073,3.0057956671218258,1.7810059283197377,4.835067003910528,-0.7164203241211704,1.884214989008658
-0.465161111990235,-0.33395981425732,0.2708916777903069,0.07537697968843204,-1.0099825632354946,2.7810553443777986
-2.019762872645885,3.946993060977866,2.1152636100177995,20.130989452671972,-3.7187953332626744,8.548355698624533
2.222998458362447,-0.6823477790049528,-0.11032530775801073,-1.756090035705513,8.886027966470612,1.225800456248044
2.3350715399064255,3.6219245483449036,2.0089173533338416,8.27652182690649,10.29004159013487,6.675461528693424
1.4731939397664802,2.5159696477447806,1.822356061669957,-0.43864374975453413,10.996493441671468,3.192466020377773
-0.28266399747701604,-0.27533260329360365,-0.06425130317841568,2.8767020587856607,-1.7376656632825336,-0.10743524223164558
-0.15922985278835694,-1.0794904744401088,-0.4422993918931697,-2.653426371782443,-1.1490650867185168,-0.6936918617213312
-0.9222036365927337,2.2771309768885244,1.9223318762759736,4.174171410130552,-1.1171452624390796,2.457723931937541
-0.3112518075134474,1.9866072236954069,1.2487573056145858,-0.633135402375613,-0.2639047262662399,3.0153545914948
-0.9796161335939431,-0.8091686358504622,-0.42554547958096445,0.33660071986744067,-3.023789518003627,-0.22591344977558162
0.09144818623236062,6.2957549644371715,3.4153449809055973,4.60874551377033,1.7320401221869406,-0.18308233915450178
-0.3311381948382406,5.825054148827351,2.6316518335456687,0.917451430509948,-0.43527121467945035,-0.5161816148408228
-1.8033199026747206,-0.8980585041240915,-0.4765074985591504,6.451440158988336,-5.170612608145108,0.9715680137110396
-1.7294097272845772,-0.5729771785693025,-0.2247031865172315,4.885882561675778,-3.6691892634116763,3.2580344538068235
-1.6219662698716892,-1.8418864574555713,-0.731685234132669,-0.8571445757021796,-5.2104257807662435,-0.4530981337455893
-0.15952381776179886,1.9596663780022832,0.8190144448036326,-0.4625623176133411,1.1846800349653113,1.2754942319282367
0.7305500039895286,2.6926553689613675,1.7776405549805432,5.309439841492917,-0.6309628529902175,0.43112835482329254
-0.11991909535808075,1.6364465858307913,1.0690775276995266,-0.6485753119845619,2.304967275936597,-0.49672827473113057
0.39138915561003496,2.802648940076215,1.5958875378122677,3.0574217675282434,13.985786532492913,10.210712403790138
11.985463771279735,-0.46574842865093863,-0.1682688045524906,-0.3653565450948587,16.330008903898783,-0.5099710610772938
6.850437842789098,-0.29879014064437354,-0.14349296746879933,-0.6807624868660063,10.792126307335874,2.188820366680876
-0.4687469904704273,0.17891286640827242,0.29606587854644134,1.2543960433250243,-1.7673065417374112,-0.8660749947453796
11.384224776912264,3.0266176070285615,1.794010195720106,0.8984991423141975,23.596525365897698,4.351345459515912
1.5629418118638994,0.8196628416712199,0.6123173122583362,1.9313608317843107,3.3326447055289363,0.9830932613055883
2.130490070105896,4.900308044492262,2.979263793719452,6.16298888702375,2.068687884246199,-0.5338970351438226
4.546781052479135,-0.3191710125271396,-0.062291028270615306,-0.06886381320162327,8.720446488392197,2.4657276293587675
3.6214075090800675,4.556108625639204,2.4179646532783883,0.2090023406399193,7.587732218930972,-0.39990006114302445
3.2924324548489174,2.885749683470937,1.74395536584276,1.0181150292979761,3.421518583301429,-0.742666966773173
2.4786734686525,2.386547664117198,1.5703404794200069,0.3244610623563897,0.132598618172095,-0.5776572055632878
0.22822193625316844,4.61993116750414,2.5179341928301135,2.9528761985443817,11.062336109885578,4.362568919695039
4.631867115523377,-0.24380712574455884,0.17089211333055954,-0.29978875406048083,-1.5277288208144635,-1.6027878896538117
-0.004225435968438118,2.9411933107148602,1.6297235999252877,-0.3698002364007612,-0.1192074703327905,0.5245406703492073
0.7269695895232255,5.769690224944219,3.0476502496168503,-0.2891450126782443,4.071624771159728,1.3590904311672318
9.112468424943014,4.69754224846338,2.6246372552456183,3.7130997580851046,14.933955119942041,2.426953668128466
3.133758438439047,2.243847784514453,1.5882633024288748,0.5885256474666166,2.1554967832852254,2.240045528469394
9.086918424275424,9.682338828516999,4.93783727921072,7.454119305859503,30.606038884188404,7.67477266450533
-0.7789819254427757,0.849095854717259,1.011318272376037,2.4298259736159187,-1.8354871777257076,2.0349658982888155
-0.13408509068516516,3.1499202710506315,1.4829337122772839,5.208046093188956,0.44902791502150063,2.595341267150779
-1.5981247317863732,-0.211969724488136,0.012464241698634138,-0.724903387058412,-2.447652250572639,3.3505060467608
-0.32878001683236957,-0.6375197476442139,-0.2964161111178906,-0.900627540468407,-0.809628621053925,0.1971175948656596
7.9890394927929345,5.0601125900640165,2.588537009401376,3.022761811560075,12.421904108784924,-0.3352732037108859
1.5012573389903463,1.132527407826502,0.6710506905572127,-0.9387752936805228,2.801047462457574,-0.0927729241881926
0.5399447571083411,1.0849172637282258,0.9458107348540095,0.09617865896303524,0.8800275429176794,1.4337073020313218
1.7863859274763298,-3.2012835618389155,-1.471359097616083,-0.9175001046147353,-3.236658414349822,-0.8475564640477651
3.677544610440245,1.5230821108183576,1.4677714301323501,2.1590099828517078,7.424242058121037,-0.1343687007200348
-0.44748430711998266,-0.819629914068819,-0.2686669914434407,-0.026455767081726856,-0.710901477314401,3.0982910933121772
0.6203190685346887,5.893613336879063,2.750161226663851,2.368314724149907,19.685021401462823,17.712761342197854
0.4673420382792893,8.250638593281819,4.405764901403773,7.967329480549081,16.238344289469463,10.944330344651998
-0.22864366180711634,-1.1402916803601608,-0.4309559838543411,-0.5728085536366033,-2.408249653839956,-0.5420509125265526
0.46689367642104684,0.6457391265557978,1.227030454385078,-1.0728401678457862,5.827784402943205,1.6479177534872784
1.0847205025685471,-0.3292172348090251,-0.07223068861732569,-0.4525168580388593,-0.2317897438949844,-0.19428151082522305
0.9296022869010011,-0.27935014753150295,-0.11438712526783101,-0.73778536122853,-0.9112333113458599,-1.0445676615693278
1.956703003397181,-0.09633836455227869,0.133863676473371,0.4166999673152628,3.533932984856136,1.4740823312680043
4.351133232676315,14.659102253093046,7.2718033030377836,26.771333388917547,21.539132610132548,17.379806532150464
1.9595987715317857,1.968307102209513,1.7104741534241805,0.8330289523223352,10.892997802976423,3.0012406393736226
2.652072408798678,6.247819301522801,3.3818211826768487,7.133526955594008,12.539991646083609,3.0316205239281864
1.2133043471504226,1.5255699865967731,0.6702032354022723,3.198754803860438,-0.2915512624365377,-0.28739937431697044
-0.5352478412042316,-1.0354821627013304,-0.5211474620510196,-0.4187983722028381,-2.812778121892648,0.6206295067875007
5.599667860645987,1.564467365585515,1.1746286136960862,5.658918767798835,3.378801360372589,-0.32507604431344805
-0.8911889415515639,-0.031339079419239815,0.16996258940689746,2.7512998775491697,-2.269097947514959,2.9860056569693674
-0.7709651059214588,0.6853564338356224,0.588038695278347,3.6296177013716235,-2.0462205398867326,0.029312591417761547
-0.6249320512822969,1.9391837475520601,1.2451015748452918,-1.178318234285509,-2.4328953410151724,-0.783005608252008
7.687039197339363,3.746281211407326,2.324640227687101,4.195075142271825,19.700338356325783,2.461364184957514
-0.33190487657599943,1.774994965334189,1.1131907683302922,3.915419963210444,-0.3704206289498692,3.801915938867274
7.490246628819389,-0.05467705113024335,0.17184780613819217,2.6251444151116994,14.648800664401493,0.05489695079117973
11.501076371056563,1.4540689809121519,1.2359295207491936,0.0012723253624091768,19.335951288516476,-0.5256154983538245
0.8424771468622195,-0.37093273248513353,-0.13714089357058912,-0.722605500234177,-0.11701130731644518,-1.2337298179392062
9.856019660249107,6.37717237047363,3.4853696450667373,4.047952162644703,24.579461123676456,6.2209178972045
-0.3714257714570768,-0.1581666336859884,0.4743120734526982,2.5018143490652998,-3.5990808877245173,-2.2403229718625854
2.684671710814296,3.1503508911068936,1.5299505153740762,0.37539472701666393,14.163734127677374,8.052792645186784
-0.4768479903519076,-0.5968663751374483,-0.20393909667432172,1.0131928013757106,-1.0826508879863719,-0.2307377881126708
2.909083061277638,1.1662629281299755,1.0053450483675084,-0.402804205787507,-2.1668137374798753,-2.414925055627148
-2.0176622460424594,-0.6277607515581236,-0.2643624898555165,4.29131474009184,-5.295256500869513,-0.699098184117071
-0.053096548776959684,0.9313106951557621,0.8016001523801353,-0.537004881507797,-0.33305314202427233,-0.2444458742192881
-0.40551823184452246,0.7863109534758977,0.8608868731665876,3.2448748758279464,-1.5300251119881578,1.0240749005822998
3.7622159244164948,3.285878324828757,1.9186865792045547,7.502249153022643,5.843704988979085,-0.30455444217155053
-0.40543242019222386,-0.050517552464964394,0.042553718079711755,-0.37033283358662944,5.2805336564161784,-0.4358560063490533
2.9783743762325434,1.1531954310852823,0.787168701284294,-0.5554062719566796,15.212742710471165,6.20224863657061
-1.563507876607349,1.9343321001865519,1.2356942431050988,0.8547497679216394,-3.0125210021797293,0.779727268745222
0.9292466975676301,-0.30123741892017564,-0.06386941480123716,2.286172848129424,-0.932914962013993,-0.8899640983384413
-0.7479590861142843,-0.5560778459154164,-0.1949486688009904,-0.016645038975658343,-2.193632802676749,-0.19528959709283888
3.0165971541109604,1.453899508727831,0.7683282898669573,1.75397873521224,5.438051621938702,2.237266355716418
0.6719333017443182,-0.621282728163483,-0.23203165191501138,0.4265445721565625,2.906943564175425,3.0174500620627613
6.973118213207194,1.7002094841493807,0.8130564442707022,4.28088216478314,7.752089552827209,-0.15571723520592504
-1.1552847046362917,-0.9092481056459534,-0.33225572572160156,-1.067553298780888,-3.0067901589957557,-0.4623328964055009
1.6377579290171504,1.0029487771777077,0.9715890672389763,-0.06985174762217801,5.752518492498133,3.594430942834971
0.1108166528038611,-1.1795046426929197,-0.3804582464223112,-0.9701895192036786,-1.153512552683539,0.4428298305752623
-0.6232440192522835,-0.6261542511108663,-0.2506891455487208,-0.44556840218974725,-0.24361420877031464,4.224782389958773
-1.882719474017484,-0.06883431501841349,0.15733918261972274,1.1062805929549333,-2.8002416519632716,2.5786748809353206
-0.5553066568612026,-1.0112206093935203,-0.4309561161509672,-0.9836386220347036,-2.770989520365459,-0.5410606326880132
-1.1897583008509145,-1.1978427311461124,-0.5459486278663335,-1.7024727775149096,-3.9536369895424643,-1.6218253040827808
0.2185896142132866,6.963930614690963,3.698827451409591,10.821879562616726,8.440497590802787,8.133505791274244
-3.06007654348012,-2.3588458361092903,-1.0593184618352178,-2.0790532467820215,-5.145122477727115,-0.9135632014029375
-0.7693313773269725,0.03701365603891693,0.3927125209725386,9.517986599647477,-1.8124589654173127,1.962794762470988
1.5577769897643927,7.183875402359287,3.8673597096578853,7.649743140492528,1.3720065146699327,-1.2107275359451055
1.5298756855131148,6.326905151636474,3.757999437114883,0.4995779115844326,2.4056799773576074,-1.172765203511678
-0.46906225425287396,5.062403592933722,2.5692903182055824,13.188197582346577,1.327721282858346,6.372949261974325
0.8641765385536911,2.6517080214400948,1.5590049779710062,-0.17115549611907244,8.436503356112944,1.038959380715419
-0.684835499915927,3.183155485074853,1.9256334305783458,2.686183401442376,1.7080061810216698,4.431976076706667
-2.7290239688152362,3.863528463142538,2.1577932439645644,4.974958603329276,-3.7872712083170783,3.2931199484782345
-0.04224361253158773,-0.1623885395490623,-0.009601651039084058,1.842402078939953,0.7020131868983602,2.011725025062846
-0.21529009270828606,-0.7120800969809064,-0.27244098117128107,-1.2028234682064707,-1.599392979596041,-1.0057823249894324
2.350718050432352,0.24309052395243896,0.20844207936657538,0.11016399470174554,1.616007094203821,0.7248020962644122
11.08651871275413,0.4590295566872483,0.15195091387574244,-0.8499214177987741,18.513360804658728,-0.06400195692615891
-0.9378082397255714,2.5107544354830864,1.5602016981215896,2.9795303290036355,8.053811048220885,4.119692372046252
5.047637266451025,-0.21898240423489748,-0.03877076369039261,8.419306327625776,3.569219356213428,1.3950473479330898
0.5206659330967851,-0.40011657527253847,-0.1264502916284049,3.189074679471574,-0.45832077690974415,-0.15767455119914173
-0.8354620701058568,-2.16687143082993,-1.0602166300079137,-0.9333736221744996,-4.656391062310798,-1.4271088805918606
-1.1525325188411286,0.3940063860219362,1.0506321834911043,1.8666160687384723,-3.6196036684048005,-0.8442258001865355
1.6181714000942882,-0.26118562474134904,-0.1030054999490095,2.2820983219837094,4.235128506198518,1.9023487818713527
5.21845050163191,3.741657835446467,2.1696587500069064,2.959654649470295,0.33347421607022343,-1.5513096127103427
0.5259505124880155,4.168545199489124,2.275266613658372,1.2932891495122507,2.184022717046022,-0.09440335785832517
0.9166133457139887,2.4175081881546805,1.308876335769983,5.566068122984491,2.8361364016068213,-0.32326575363248683
-1.3255305127532073,-0.8632548309194293,-0.33628702232837915,-2.931068159399804,-3.2682830792136457,-0.9362533730981473
-0.6576542223036257,2.6325529376664605,1.7205348879257016,5.9507813541761205,-1.1260864834223376,3.536756502529821
2.9416894900868193,-0.8944252912257854,-0.3709885651891278,-1.3844217562294956,-1.0183590454776983,-1.6590973667829851
12.591199391344151,3.5878865026173745,1.893081804328403,2.8622609798958027,24.896862913846185,1.6095758774955078
1.411356981941835,2.0284649842434965,1.2753418878550082,2.870220133518324,7.077400812259113,2.604479315895758
1.8728368740393344,1.1930216594202514,0.914754099621365,-0.5882658777695534,3.021658242727883,1.1646643888826245
2.6246452181911284,2.5509290096749413,1.328833233701551,2.3127093086444184,2.739997689176509,-1.4361500041255368
-0.014824727911935965,3.4084798547581454,1.6414932001923346,4.948122932171071,10.856860863436957,11.624184793849473
2.485542145816429,0.4589696923385156,1.074876912575086,6.190329535445494,5.669971384146377,3.617203712859144
7.980784615848934,2.7345029422774703,1.6706518110012385,6.59095799776372,10.828715435517639,-1.0832230408006023
2.446030368172039,3.22440151165949,1.7196665839940595,0.7807164643083457,2.583104497864132,-0.18298216050073096
8.543812753755716,7.728937127427446,4.057731723618573,8.018041232269155,20.79486304694395,3.407318770970969
7.194593999417257,-0.8038500928396135,-0.3279359553746701,-1.0171407113226378,13.402010451253568,1.0963513902987498
-0.8900471404364299,-0.4232958679047576,-0.21385251277181602,-0.9994131905420226,-1.358055315171491,1.024381471821112
4.60808049810769,3.8979749826113776,2.5905025147776892,5.601562150954119,8.300552030840805,2.197595668330985
6.187825213216472,-0.4490876723535891,-0.16061300653298483,1.335829086695645,0.08312320356465741,-1.722227261508161
6.336876413171743,0.47300868921334593,0.7813562848029246,1.0903301059673334,-1.0468450910097917,-2.4368536337743905
4.5509655650167655,-0.9821017202081986,-0.35441962418040884,5.39852251200244,9.75116917463152,3.2876288313833175
3.325771482075484,2.7307689874761922,1.8649805585937143,1.4176104255632702,6.097304642666648,0.9474772111536205
-0.08069514821803594,-0.761089706557442,-0.20563205028343187,-0.1429625941912149,-1.2695949346557522,-0.2138475123291589
-0.10267980695059667,-2.2299998756081183,-1.1148858800998045,-0.8741009338038742,-1.0054531736462333,-1.152585179924207
13.262705814088445,3.234244821930635,1.8512106514128308,3.5496927908836673,29.86431559279169,5.060481390131215
-0.014411514543967075,-0.36559615963601905,-0.10120684918498464,1.7403646873185044,-1.038970323321755,-0.05841760942687344
-0.5697022877127731,16.193099830336966,8.091344846499245,18.13341423781595,1.1653333093286842,4.1873262435671
3.393687294160806,-0.5833295279839005,-0.1830775650565468,-1.012036552248467,2.9478647176260733,1.8038737893898624
2.498173773710473,0.14688023391338895,0.4553798192211188,-0.21908960659667015,-1.8637868305481455,-0.8848879661017848
0.06907164022855461,1.3363892837931761,1.2628823594568617,6.298874381290629,6.145972548444511,9.333648520491415
6.152628985484737,5.904722049750859,3.731030634701256,1.1313528168039466,13.917435594905621,3.6034425629916313
4.240685917941849,18.554242217221233,9.443964897345632,10.933510497173797,22.638361113123374,8.689928169586496
2.6133119608784416,-0.024384956702774786,-0.01690249862322182,0.5531163377463884,2.9814496353923343,5.752556963015333
-0.3367607432239381,-0.39988030730283275,-0.12702582281963082,0.4076316319030557,-1.0012999696598077,0.48715646223234715
-0.8255783706421416,-1.1964719559157098,-0.5610797676742356,-0.49191565803286663,-1.8467465021974143,1.2800882119525892
0.7606267006618955,-0.2086158435183637,-0.10065767426471686,-1.3984672047037083,-2.108798563000496,-1.7287483800162047
6.949050999214208,1.595151361385446,1.1240103576688854,-0.3685991094160391,7.344670972106476,-0.4225320176368804
-1.0038584026957091,2.8723096120570224,1.6543936366312684,-0.0057734054678440175,-1.0950756921402638,2.2707221379414926
0.9758948382033441,0.04098145554922428,0.988975133675753,-0.7663716227214533,7.387264843547637,4.181936320202937
-0.39632224362223645,2.146597129108758,1.3351974167705916,3.303156282413908,-0.20059845400262555,2.210226348001012
4.232257544725784,6.611607256773306,3.3750679423278833,7.7876954884797325,20.59974360018929,6.66229838751546
0.687288668260494,8.362076866816961,4.282448687721524,5.469605728775752,6.1281554415303106,7.204714138512529
1.277772326223248,-0.8172755167775659,-0.2932004875207227,0.3087372348843306,-1.4369351707464604,-0.41571889103400894
-0.7623178118412097,-1.2689124157901062,-0.5856138756674046,-0.8675572239104397,-1.9619688755079263,-0.09621087923988725
5.171004876169082,-0.36835814896211555,-0.09843153182523584,-0.7361671671780906,9.044506347448904,2.0289424721233544
-3.598844604540442,-0.3817780466328007,-0.12273242022359013,-1.0730888580472444,-6.336736467731707,-0.1398880603175011
-0.17653043415104058,0.41131888406440203,0.41134181858085683,2.4404072308610907,-1.4316880310325635,-0.005870407535082856
-0.2809159121320323,-0.9670734249449074,-0.37027037449544964,0.666965744141086,-1.4432547725997689,3.9592776918946484
6.628305591102123,-0.6074025588860658,-0.25532373278954584,0.7353699319984754,6.549900295425834,-0.6187412985609324
6.453957151471944,6.135923194531913,3.038255007775198,2.64008302238053,17.179640444168058,3.4593242033073164
3.0541410660147,4.3952910925908295,2.398489339571002,0.49255368152494483,7.922133789729872,-0.11305185997233039
-0.6637079602655445,6.986767986173382,3.701989452457032,9.625560120674963,1.0939531180919315,5.6525877039224435
-0.31704261032448366,8.121746334709288,3.9111049468939707,6.338715611229377,6.544286596916185,5.128223147118994
-0.1378804733244067,-1.8868320212874055,-0.8493272447576795,-0.6683158078273076,-3.5150191666920727,-1.449947726137244
5.162770219546377,-0.3710208695498775,-0.06723733470966545,2.827142385659675,6.134847692441991,0.02643107985495674
5.468077035964142,-0.7438603118420812,-0.2624161494682468,-0.4269207947611568,-1.3690073586426326,-1.6395985335675622
0.23641315753674752,3.9202465864555323,2.22062680640257,8.127208029585223,-0.4282622780348317,3.4745474152963327
-1.4379771522139781,-2.8450268257200735,-1.3219723192844968,-1.7862610045913863,-4.25959221834535,0.19632988570650223
2.3806146758742956,2.8378584454003866,1.707378510687794,6.381741259754204,7.5996385392563965,6.811877761597874
5.242537219198873,5.7634590200268025,2.9641448736900675,4.816456049288761,24.89312500790905,14.522349648225292
2.0729868236835207,-0.9400257483082122,-0.38689745626991157,-0.28066994586623006,-1.1413417270127595,-0.46054505732707957
-0.8106619913953287,-3.6578941145295136,-1.686366225162777,-3.033461644650695,-5.215104543139645,-1.7812476889814446
8.698822581674827,2.4700101970022685,1.5901450736428324,-0.3714149536513829,13.673649038149376,-0.007084424702814074
12.343200804246713,6.46178587691952,3.1294224182241157,8.40588355725893,16.03369174728386,-0.33225466089112876
3.131325393846468,-0.5897111628424052,-0.306238826814996,-0.4164220895028999,5.358905976356508,1.7381132035699742
-0.1787158945040409,15.703784791441095,7.709787283064983,27.03704212256603,11.156438532355727,14.223799429094994
-0.25582009858387705,-0.5466410910705819,-0.2259765726953752,0.3495931428521679,-0.978407939758332,-0.2358938196711492
-1.2598418616856608,-0.5250004340169202,-0.11509722822799051,-0.5703155646428959,-2.5232457529448715,-0.2498922681929464
8.295027428664522,6.331478743075078,3.2566426579309513,2.986240303321299,22.220183197894237,1.7303795936967588
-0.5021553687769622,-0.37811682877290204,-0.09470904016943082,-0.8637273353984315,-2.4864088494128804,-0.931066531088116
9.25861733584187,-0.5824102757037519,-0.22094569670119216,-0.2615629117366904,11.818019971016493,0.7230818308675049
0.028700261941829286,7.203900565427911,3.8513356799474368,4.2166122733476055,7.807621600246229,2.6146261260322206
-0.38539170959448626,-0.12054005330367418,0.6353616388361483,10.588609936443499,-1.4105166264680022,3.9104180054173403
-1.4961629553778926,-1.075719257160644,-0.5060204591984041,-0.63936459806063,-4.745695144353973,-0.28954371137325213
-0.3215074530304983,1.0537415698944133,0.6620176886360922,3.3174309958385884,-0.8109576189821222,2.8184028852599017
-0.42542164121469633,2.0518492388706613,1.340358887248558,2.5811367778590846,-0.18746663102641467,3.875023549652557
2.0483208546538476,-0.8786690364126777,-0.3565742995608083,0.17782044984524947,-1.2094825787500394,-0.6390900341234893
2.85950300808991,4.61177520947521,2.670826464250492,8.05898606513819,11.085540752467912,5.963466762547004
3.5197064251523615,1.856417104453072,1.4643433976997156,2.06464541727098,21.664898378037556,13.053949776973628
7.196285246820652,0.11441435948378714,0.5796425184459432,1.090589051672275,4.879719703925245,0.5189866426491663
-0.3768623065333958,0.7338001747148769,0.6383500199180908,5.843317124800873,9.251546752859484,14.438014580644317
2.719871153346122,8.76053459040674,4.916527664063431,2.819701461941441,22.43951094634716,7.867881716548677
22.584556706499345,8.165730944623173,4.216746444565396,7.30129433392082,41.29207849355981,-0.36418952476945643
0.8331833138639231,-1.0080066943668213,-0.4445229177108539,-1.0763978560887197,-2.007122785687393,-0.7527714728037207
-1.2468166450421874,0.3424660919610086,0.45325326385534326,5.252940809264476,-1.4786092456640096,-0.2459388690683213
0.6899872655361824,-0.501754223658487,-0.19270514077121872,-0.9999864211409428,7.935398775388907,1.097763591918576
10.47986168727858,-0.4244450467554788,-0.16868492917806838,-1.6237866955862044,24.87955406536503,4.278544050296937
5.547378129051922,-0.33181522949163283,-0.11129211790465075,-0.1653891531756727,8.16840343805772,-0.049786881372565886
0.9703793767182687,-0.8920267014655245,-0.3906616232211957,-1.243851761284354,11.483895154850673,7.870889900974216
-0.11816834477761412,9.26462719341721,4.534800045136397,20.5614403549299,1.8190855135531847,14.060104608025688
2.94684042661049,6.379707371111874,3.1630180483250863,1.7311917357107407,5.88594014114705,1.989218452378397
-0.0005703477239230814,17.739456056762783,8.884767640928102,4.059509670369071,-0.0916660233026988,-1.5565071105649184
-2.8881980053532055,-1.5857417520300758,-0.6517354039586339,-0.526947024922399,-8.418099230494215,-0.8291117460375045
-0.3187077306097933,-0.13064292392901805,0.13992175816452967,0.923000178888182,0.5984895844799293,2.700441822739828
1.2855918542761793,15.353885031216546,7.4154815836836905,8.612987589522891,24.80064838015814,9.733574287337358
4.901208401954659,-0.8616077285227901,-0.28275441292730064,-1.1076385022429174,0.12967407303002082,-0.6531241984109756
2.4041247102043695,1.8622759250463585,0.8123990458383037,1.7193825126126838,2.5052585732470876,0.4278150510103479
-0.9535707845384285,-1.0711935818000156,-0.44232599759392355,-0.3785097523229286,-4.563046036235357,-1.4914454786370177
5.568001198990777,2.260227302883204,1.4718990258374434,-0.6952503360325939,14.25254072113162,0.05453032376922695
0.3853072276470716,0.8102049338919656,0.39805887902441417,5.555761837748821,-0.5327010178230673,3.3480297235666905
-0.25449053806526983,-2.1601545076138766,-0.9770187609854907,-0.9508282211666303,-4.600890944254757,-1.605525625017483
-0.01031088280117598,-1.479257936337868,-0.629625118596277,-0.7167406551959199,-1.889661072186308,-0.19071487449565805
-1.9256694992511525,-0.49909229989332204,-0.1807685805382453,3.669487180275798,-5.68805251467074,-0.6205788211287034
-1.314419364837097,-0.3640438533769042,-0.1265685856422131,0.07659357791651988,-4.492553188129643,-0.3819830095717375
-0.01358274456769797,-1.4087372489509231,-0.606033538424955,-2.216862472164436,-0.7170892531143294,-0.288108130809747
-0.705392818656828,1.0971004791361811,1.5146757037253302,0.3614254714817482,-1.621921026652684,1.5957696626783477
-1.676597962015832,-1.0328067946966846,-0.3633738783740329,-2.4796634888244875,-5.181645956635745,-2.593068048016285
10.06392088380313,13.023751305194688,6.6130697266680025,4.670388226067464,11.245186708710257,-1.3611203928936504
4.760170000146776,-0.06522513367233933,0.15711880946815177,0.544945516804728,6.595811448100229,1.0117655242731902
-0.526371122126075,3.820493500446225,2.3472688201630367,0.7502169754356675,0.5413124529977797,3.985632815697297
-0.5675658140546832,-0.4059408105830854,-0.1239461956358226,-1.3901046973196536,-0.8981235163236199,-0.12567743581861165
-0.01765589916053345,-2.7352217145712134,-1.131900314719002,-0.5488778585235871,-3.2770302000484146,-0.8404952146869997
4.490828418657176,1.0770321622392038,0.8250829668025315,-1.5026876984792032,8.870661820034691,-0.2826862757680193
1.922000800255792,-0.6543998530878143,-0.2837186974128252,-1.2079446746186413,-0.4842247078001794,-0.8230343886596843
4.698984433230342,3.392253385412526,1.667402811817032,1.7698224104701277,0.7776052072608539,0.560432825300784
0.2959479971604567,-0.3291761962723525,-0.10419956467421382,2.794209807908083,-1.8439414716249107,-0.5234492344205183
2.497876307098989,5.727878416483139,3.179045435645261,5.781080308800736,10.112557595102157,2.9685676995326027
7.9839834277492985,2.6952490453496845,1.3850504936084307,5.322762935621268,4.9063452211914065,-0.6477458448596384
4.353247948796819,4.565011390123103,2.2996516621140763,14.220147444625768,10.298235790105315,2.281746284688986
1.1814560454342633,-0.3772262680962549,-0.05939919674776287,1.057514607545933,-1.1137324598991618,-0.22030909845118624
-0.680229935264319,1.4205404559691175,1.1986884474206492,4.836795420079032,-1.0969923369858712,2.1916394962084538
0.5531792927501156,-0.5525947734495936,-0.11245992961772765,-1.167668026140338,-2.023345387480074,-1.739737732559701
0.8162689787197966,-0.15502351651882587,-0.0331999318484353,6.396057303827963,0.1191874474828698,4.609470772984243
1.7825899384376624,-0.47940467223018807,-0.11921476699773317,1.2107373740919893,16.34718940769862,7.1991237697891854
-0.13391380823796864,-0.16774001330229993,-0.08062359115280478,1.4430926856387283,-0.194222047937019,3.2873699078798566
9.29677024600975,-0.42186775835242935,-0.24691304800671943,2.4654007035846197,14.92851828923683,2.0821274936840317
15.386797076769243,8.034780647772624,4.133577740354582,3.5090138301457854,33.218189019627715,-0.33859521251378766
-0.19801524960554603,2.314069454143583,1.3566820093775598,0.656088852788273,0.6899963220206312,5.611637458833538
1.1402869621438916,-2.091300388628326,-0.8161004599190363,-0.9430556655606037,-2.7723574234350434,-0.8397128091286122
-0.14540657541969915,5.334017124116952,2.676706753173605,12.079169598114252,0.64773493423911,4.586125020596664
-0.22567221817517003,-0.020395219799926735,-0.032368746905903946,-1.0778177843022634,-0.9426762904472027,-0.9417087597546404
3.428339296809786,-0.8421840318393121,-0.25627405986320145,-0.29091757618383246,-0.43859369316700764,-0.5738456815016404
3.8023062887048313,10.848787737310108,5.515545435775383,3.3790856618482152,21.894979638652803,8.485878135341041
5.188517910918868,-0.5672471248010804,-0.14749647373202665,-0.7583207434444795,6.57502562541056,-0.2619251246433095
2.449843661305725,0.3501012058492534,0.4783133526863723,-0.2754075535298627,22.901082716966844,15.44030120106122
4.392305935048551,6.314165887056368,3.170578168464226,10.037605525197671,7.410813869052759,0.7865288313393931
2.3592009625993344,2.6083718368643702,1.6980964187508139,-1.031041533711441,4.844649562186437,-1.1838485448510658
1.1367892521801821,0.5146454830742984,-0.04397466324715576,-0.43252513939128845,2.0966416664446057,1.3820893644470407
5.015660186475652,-0.4668848791708766,-0.14422330903625322,-2.4479447459487327,10.325606746868157,-0.7520809303639192
-0.28851930861822894,-0.12169282757258555,0.10957123316115086,2.8177845245070197,-1.2316819300391166,0.6070912488469118
4.319737215738995,4.670782114306302,2.68463097245154,3.1614535920230136,-0.571147820444123,-0.8373019034427351
-0.17619734076110904,-1.5036551760824493,-0.7922153998663162,-0.43582351945210773,-3.349929761761019,-0.8740395198071944
5.562514603803459,4.365203766406336,2.4385141272211373,1.6550760582719677,10.790054946954308,3.5423609486760324
0.2755744280087677,-0.7747286354214088,-0.17438220300370452,-0.42658025545689515,-2.126600079946918,-0.20272655724157496
0.7883874610205023,-0.2655108251161771,-0.06001077117355207,-0.029279000668041788,-0.26004299048658935,1.954586165506136
3.522258409159096,-0.48106381796726405,-0.31570192888370247,-0.6170375153322305,5.026284204253375,0.9700613783325471
-1.0163505810964715,0.37245891525958114,0.13140162779016418,1.9221306260343896,-2.2465793830877154,0.6928398472735302
-1.2229463750143037,2.116174073905727,1.5000208627629832,-0.39788363391638926,3.759581626721236,10.899362856014042
3.0519387160453073,3.3083881760963467,2.0269343185577,1.0397456089020807,-0.2890862428620382,-1.32742185048641
-0.5306358482237105,-2.225997374299185,-0.9746541684604983,-0.7834667385879247,-3.7098618302463535,-0.8462519873982912
-0.7161967372485482,4.484513852832629,3.113848346463674,5.294942537506339,-1.312722330351583,3.449356038411705
0.26021487902584706,2.175212508615676,1.2574648011253604,0.2692800392654194,13.808361748949368,12.645681438043784
1.5887269403765605,6.325873544408874,3.3528645141116593,5.931831327326314,5.315559325939514,2.6948225756031707
2.188825844572712,-0.021219737390239902,0.3133501844513146,-0.11446630923028485,2.947761961517568,0.9202794693225275
0.7218961697195361,8.895333991029476,4.754111001869005,4.140854647853396,10.973530236687434,5.266321358144235
2.757949920699139,-1.2007729910010978,-0.5499908165617019,-1.7992975758936627,3.4527239788535007,-0.2538699265402597
2.335076349023687,-0.36790578867359625,-0.13844418459048674,-0.05908908572404381,-0.28338717589681883,0.6329786825320283
1.1517294621526128,-1.7500806528169244,-0.7471962707528448,-2.926717798832156,2.658111076482362,-1.4440862668869514
1.1536310002035985,5.067801084879661,2.4291814290096996,-0.0645233687761757,14.752748362479732,4.125778848379703
2.779298924855671,5.923050193786196,3.0814300175102654,5.943252032658141,13.16907435200459,3.248605531986702
-2.2682494278094953,-1.4031526355044763,-0.6374356988940696,0.2645549217239428,-6.059633374842559,-0.5659164195032276
-0.45078019327906493,0.8818628254661054,0.5929047625416948,4.885348403541159,-0.33993551230276725,4.658850241930764
1.4135048109402288,-1.8100867333686352,-0.7704443291314619,1.669372273128955,-1.7526387208136704,-0.4036285518700542
-0.5093793349690897,1.988983756476732,0.9927582980806263,-0.28773524126088945,-3.2525626437633366,-1.9909168613541948
-0.11584808534082401,-2.2834327581777494,-1.017364285127625,-2.344144787308803,-2.2574202277844035,-1.855509814292579
-0.14353846312554933,3.433845888141048,1.7598513023120268,3.3615782477049896,-0.5357344677924293,2.9689456510498937
4.787617233440032,3.662748399236066,2.1983124017612625,1.2338382337538136,16.3385693090916,3.5431054048061394
4.842329865331287,-0.30540269112705776,-0.18497436024031222,-1.179550192090857,7.196007432078113,-0.09755338488806747
0.7840307223793237,4.74567563027293,2.0300372817322723,4.711618824594585,4.8334514821043,3.3962840643997207
-0.3966689738100352,-1.9139151198665336,-0.8103863006368336,-1.1618906862440996,-2.6348318323987088,-0.6695682342769648
-0.6840093289002547,-1.6426974336908828,-0.7876691143878465,-1.9999945111946964,-0.5204536597782036,-0.04356628018643232
1.91154496821994,3.2839670843977182,2.018612144116295,-1.546568797884356,3.1722046757101086,-0.628028027866772
0.8486376088338005,0.5647247667445332,0.5793416530455797,-1.576744181342388,-0.8175670431805824,-0.8597753661391252
1.9537338260829455,0.06925336777111957,0.2981060166206093,3.278797033040086,-1.7421210018740976,-1.799017267088489
-2.1827698658317307,8.413436965440008,4.233486682813593,2.778280722895979,-3.2146368428787,2.1868867110248473
4.7630950254735716,1.9335471144769456,1.3705043799621799,1.4288512187233091,12.575499314216156,2.872437817106852
-0.5899260856011285,-2.283399677466088,-0.9764202749149938,-1.2033683776684991,-4.082010574420626,-1.3516976717323121
0.9728385175072236,-0.2331228879777365,0.09897270036567701,-0.2407331485318734,-1.000255816913209,-0.8210977777923324
1.2492415239167722,7.331509274014226,3.911102749939854,2.760887243253568,9.172156433785878,0.5019753166973051
-1.2638796415071747,-0.40130381443665036,-0.14110197750523829,-2.2398587185115306,-3.9369547957711464,-1.4313444847216017
11.264411076852273,-0.5907590786505983,-0.1548863692472728,-0.2958842387808062,16.549875866102862,0.6048862509681534
-0.2677766287978512,0.5115625520495776,0.40951743166424465,0.15162882748783912,-0.2630216073211746,1.62464298977243
-2.166888552463137,-1.6217624103931472,-0.7182964566725426,-0.4028443097257295,-5.844773859619357,1.9490600349896268
3.6772678156604526,2.8447578464211496,1.6318917990299817,-0.5855919143618005,12.165343990784685,4.560782043207691
-0.8839738698704146,-0.6784744559851468,-0.28643653280569464,-1.059253353425679,-2.904078609756712,-0.5268808099971974
-0.012528601650150063,-0.22859266092552818,-0.02850819630151127,-1.4487081228843408,-0.18438044038411683,0.21655976527093912
1.0168754632127792,-0.12678678430465382,0.20804214866742982,5.573101434585507,-0.003704100736372884,0.6739972147225521
5.721094554145364,-0.02844980542014144,0.32138124294870885,3.861131131098886,5.573920665755789,-1.2251236042938247
-0.4649830918312281,-1.129250124698725,-0.45847744112215233,-1.3825390766832486,-3.5254698124368598,-0.6485549431344464
5.734655608387145,1.0700758672938777,0.7236213794848093,2.4362177799946143,1.139938006886655,-0.5280457188977229
0.9759568598017814,1.6833644849013494,1.2129622812048408,-0.8273859490750051,13.048616228185704,8.333283729403465
-0.23752375399045503,6.175249207315319,3.5693024471584236,4.410953643651729,8.14765892517213,4.724057888403194
7.71393292077429,5.634312167402259,3.454154688824082,1.4573458142419216,15.738846507009445,2.3167345183012453
1.210025846344711,1.513932090400482,1.2659152435518608,2.9455900353552353,-0.5240841956834275,-0.05712326648752275
-0.1567380423859921,1.7717211684236625,1.1880235437543967,0.5156633183227424,1.7612436345762483,2.606798039622407
-0.26003506769633844,0.2468380195525851,0.36900132525423496,0.389745468214576,-0.16934498134912213,5.719167697526943
-0.017956176321410378,-0.1696620617767705,-0.010861360318706126,3.3629138114088164,5.335081600302656,-0.10335465164952447
2.501467832994771,-0.3309629132900865,-0.08446895752338301,-0.035261525710238974,-1.5348094559873147,-1.7382723552320283
-0.26669183826321796,-0.007378048284224548,0.8225648984082999,0.5280286557503651,-0.3569933081421692,-0.057717851176527106
4.782801264092909,-0.147044187061327,-0.0750850290645173,3.1859132936998735,4.850389197090128,-0.792596519994738
10.120990764741952,-0.8584763767428891,-0.3096895044854338,-0.18217300626295108,8.130018970588225,-1.2665473014449988
-0.25297599342231025,-0.21016096711767435,-0.18909058850719834,-1.796869668540444,1.4967831367243347,2.124570954380286
-0.6794850764995529,-0.04814088468525477,0.48687834612664316,0.09792687023856461,-3.0884114527788626,-0.8007044600458176
-1.3351040957789957,-2.433458188805065,-1.2655199421355692,-1.0137101226077312,-4.722031663646392,1.2462131287337772
-0.3053919458366988,6.201281213346733,3.816110431681439,2.680600112043805,2.6249294198398823,4.9777643977432025
-0.7069991657505046,0.055371972948872084,-0.04471139476958426,-0.6183862791703563,-1.241002878379101,0.38254284455208876
2.3326932481836185,-0.3031757500473531,-0.12305658700440598,0.1530406972376791,-0.42178810065711825,-0.3980951092364443
13.001864659753297,3.344993156050831,1.9313113669357995,-0.20740137143607945,10.773092475046454,-0.7109399226741662
-0.5996844128095601,2.0519588331467,2.114346075597397,6.001507814061488,-1.0816658887219965,2.346001398266467
-0.6370210679019238,-1.310757099624207,-0.5999348820935755,4.631463658255256,-4.547217395775282,-1.287880965594783
6.754768746595554,-0.6979436496689112,-0.2592867570129572,0.7143634049264224,-0.9124029160008859,-1.4075510279941843
-0.3080633230094901,0.18103594605042095,0.6277219007724772,-0.23281691213651046,8.078909490097823,11.763907284526645
-0.2413895562977435,-0.5751964634815406,-0.24348216087692662,1.0441239091812387,-1.6387156025508252,-0.7000356339304346
2.047171469862402,4.163633762993511,2.396018353513763,4.836797321137908,4.742914464088273,-0.5230306546154836
2.222212426051655,-0.8544757052973309,-0.33631222766562435,-0.5404949801027884,0.001397724818369972,-0.6886377766753086
6.730911439837733,17.195208250294595,8.37014933325336,12.933635100227322,32.85358708328699,11.248190419454737
4.4707291282243,-1.0820862443109383,-0.4712807456707956,-0.6674371989791003,-0.11180431101979241,-0.4844558520077792
-2.1607035508256835,0.15781899184941173,0.3774667331982894,-0.9518301074672944,-4.738795587988102,1.9353987762539653
1.7019565765060418,-2.2396919595056044,-1.0078173133731247,-1.5922044174395669,-1.940700405691682,-1.0193544029543637
-0.16504153021297935,-1.1031432613224683,-0.4413875206209403,7.2370597775429415,-2.282805245112105,2.2260530787021877
2.65113748463731,-0.609877651277589,-0.28513222231344154,-0.6897046327267212,8.077836172464965,4.5449078583162725
-0.7153578823654118,-0.6945079449214897,-0.22146665854672093,-0.045998939673359864,-1.8173967947227696,-0.4075838787514494
0.5692360533163152,2.8512055394255293,1.5707020996352448,3.9646383288132485,1.8802370165694944,1.5045171362213674
-0.42009330545043505,-0.6099806777706305,-0.24193283116801123,-0.41270207232309153,-2.331266006292939,-0.42330640565819344
3.635495168848702,1.3430691775669987,1.6611985874758621,0.5781680174860988,-1.739752229076147,-2.045898900343491
0.8290075361709678,0.5306014762222766,0.6698811809603097,0.37928898245595216,0.9634401426773023,-0.012123145367352284
-1.2124644286768422,5.366522862076019,2.2841665812133147,10.780705483447967,-1.8595938403128003,8.020776089120579
8.406811429818601,5.278975577195461,2.034292601161158,3.30218168844166,25.219458994913136,9.551011730205248
-0.07017462776111234,0.9557291476935019,1.034371099730914,3.52082750197109,4.82425332421309,6.328510927254503
3.848635637891342,-2.1216963421002295,-1.0268952702470482,-0.44506895428705334,-1.015254332826044,-0.20909864049563198
7.494918713968134,2.2686546028954644,1.0641728219595592,-0.16549454106870443,12.189103463636817,-0.3991979657563851
-0.6983767250458828,-0.8266982149865394,-0.32224009644765705,5.767703063301618,-4.916749085407274,-0.9383580122943753
1.2438084073177273,0.2953369139074864,-0.0336019965922598,-1.1813533968870034,2.0936041501606852,-0.09216878258173532
2.5991100316951705,2.7078651452288542,1.530919022001401,1.9963465204745527,8.601189059456516,5.0377085782418325
11.963300654026847,7.282521554176066,3.7783596309381684,-0.7428808824087002,24.847934556535193,0.05770400147714205
0.38589282648715567,7.179058764588658,4.4957006846096235,1.2941563074768037,11.790370762272465,7.074117855455849
14.657879063160632,7.868813910221098,4.162917308441761,1.3821843906652909,38.080481366173935,4.936220671520981
0.10924015460893521,-0.35951647272879167,-0.07016984554274884,-0.13841984029244553,1.7881683177053374,0.5238987461783805
4.480526659927561,-0.21621244882933618,-0.0506066255382009,0.14885081633377006,14.18298701613984,6.9191493375555275
2.4298113676233655,-1.0190540936483272,-0.3745470409507558,-2.351031551572063,1.0570719664463724,-1.3112199837904388
-0.12634832256107842,6.0845662904711055,3.354279231882683,7.028475720312994,-0.3911672901302936,1.0138102300371845
-0.010514247272684974,4.198253339668269,2.5425813021477164,3.8653566430445467,6.117138137386252,4.746263308756767
-1.8327046977459773,-1.1502841846895187,-0.49393778676294353,-0.171338430537037,-5.893315160445901,-0.5080224444779091
0.5388734269688965,-0.34320355985798034,-0.050177732027414296,3.2581819675558528,-1.5136510138113124,-1.1416602133222777
0.10042383933976173,-2.220388721919564,-0.9769212938272182,-4.4596677360932695,-1.428106630096765,-1.019175577940369
9.280356632040876,10.878060643459257,5.679979340890942,0.03495024966641014,27.695139143103013,3.7393880928119163
-0.08118160360190979,3.886907361192896,1.4892609851214957,1.4406370239772586,11.72043111594492,8.62228102162839
1.1450794431954938,-0.15316100432340599,0.13909264654722725,-0.9483560160813671,-0.5845611516386453,-0.5554356748149031
4.879340977355224,-0.07047828726846106,0.016094543249507987,0.12684159676743867,-0.02126652711001318,-0.7260106770218363
1.9327738618116315,-0.04922457545078025,-0.012176020305636692,-0.67389505600797,4.341441677609336,1.6322106804541607
11.224610034182032,0.4847764038518012,0.7915427114333066,1.861058213544583,17.87687362240521,0.8172657155526042
3.7950403979768614,1.6258699765914097,1.1247850496985332,2.2606836838529167,11.855508900448708,-0.3043080685154164
14.79772732002867,3.3702564627088125,1.5682653046643082,1.5910850178499083,27.561708521646736,2.464084704709051
2.7399008868807613,2.092360904443012,1.2056011581021513,1.4763914003215208,6.684203089081259,2.767843425127536
3.847615763439385,4.435062735208794,2.522642693441842,5.088216545907562,-0.3992577973613452,-1.074854113887878
-0.5197888303072216,3.981837595495904,2.0466967322695284,-0.239928261577772,9.511825894547158,8.589941460021063
1.7607618817181554,1.0950162438693736,0.8563331579485685,-0.20270024519962432,4.970797604550292,4.994003052353698
0.7171911335292416,1.9727785587993494,1.239839720350464,-0.29792523873112475,2.712568707808854,1.174199291482028
6.232371802251949,8.172280887021651,3.9219465835134244,3.036009546667734,17.46393505250542,0.044814853762960793
4.1906787927838245,0.08600736471601561,0.5894393525473135,-0.04576303286686794,7.088786491368446,-0.14199307808364356
0.3718704163982028,0.32392506166359936,0.5496974000913939,-0.8019931847407831,4.250239976712964,1.8769168812989356
-0.9535439528961519,3.8303049254636097,2.3714847837752813,6.535386385688545,-1.2729175918138131,1.066189888472988
2.7980850185610358,3.7694642900159026,2.110544879965903,2.252507555829031,15.7531783965848,8.034007592602673
-1.3029680850265584,1.7204126709493361,1.075728299598861,-0.2990044906143629,-2.0629598933896616,0.5872205257213063
0.6493383482431383,-0.9148474777318868,-0.38495123838587547,1.867610732856554,-2.085876801267901,-0.42317633950290046
10.620538326104334,1.3164511912496148,0.5976461828899763,-1.5115197400754339,22.03931396422037,-0.13544634524921007
-1.7036551577066543,-0.6500015096758004,-0.2488795480245677,0.6972197972612421,-4.306006655310965,1.4270495769757168
10.200004136606411,2.832392258273062,1.4908771086466293,-0.08765741016337292,19.198226544153464,3.4644441705050593
0.42399302271911093,1.7144839695634975,1.349054424739856,7.1584794534476766,11.450512883897401,8.316603367038645
-0.8118769710879464,9.98048486531283,5.026589694148243,20.609144110428947,-0.9919629446978141,2.451879333659297
-1.0248809483591663,10.014334606846864,4.933875030846324,0.7761596859366485,3.8281454546661613,6.24084357856577
0.6539525253087937,-0.10659101750340193,-0.0044158375834467915,-0.029802045507816025,-0.9185536242370094,-0.3663178711373897
1.9978434935637455,2.098294593967837,1.3746406733304664,-1.744498474417278,0.9178817914409731,-0.44745949034755683
-0.6272298191883273,-0.20107943638617246,-0.029757235814044547,5.16000982411234,-3.0281174236163437,-1.4366747226397978
5.483449788253502,3.776567253747689,2.0236937978343654,2.25878857365917,10.383670335260177,3.030128205207882
1.4621261418201148,1.0821387826745295,0.6842705859855931,-2.0494856526387273,4.354767406753621,-0.5241900396508337
3.6812696591659764,-1.1738744701477408,-0.5043293452011425,2.2347549966109734,-1.9307635240475314,-0.5695396177563083
-0.30016216830882736,1.9037428818826059,0.4096854346769826,4.269758879576902,-0.93570913991518,-0.052495614207660295
-0.02237458547799236,4.196199730106679,2.0546192620217223,1.7860380144764385,5.411212772802498,5.964080387036153
-0.8236405812943816,-1.1033160702956806,-0.45160906660022465,-0.36333330381574314,-2.2761982205378133,-0.04681592979941549
0.54742341005378,1.8798879234821473,1.5982290229317988,7.3779210002998115,-1.0908429798588812,6.961355000466078
3.6123433800606017,13.87711874973715,7.239860103197929,3.129053685916376,20.545969904514905,6.495072366029191
-1.7462613775408187,-1.4855311235629363,-0.6497880032922709,-0.7639732639530072,-5.681769515440539,-0.4068338954988031
16.63472259938357,5.89003975142914,3.0340801697259203,3.121325737464768,41.075914791509035,8.595187318001594
-0.06820450567368877,1.6642971151559625,1.32338884497917,-0.7733903513205403,1.0132616940313945,0.037250420253371
5.032175687406955,-0.7880883931908282,-0.31077830712968385,-0.950230268189868,4.591955234865908,0.611033256621178
1.6235672278023485,4.097103622502397,2.5184780472124766,5.585260882541979,2.7591580582067547,3.801132127446894
10.99179893352337,1.913664085398568,1.3266890136648741,1.6537778448191518,10.228819358076525,-0.9961592022418506
-0.2012298000320119,-0.9428829288994873,-0.42097088479153855,-0.8934613517081905,-1.3231570079932975,-0.6396016359107256
-0.6148528967881426,-0.39181120240756784,-0.12110763692450509,3.0660401808316218,1.5475499252542857,6.18958632182605
4.472390609959326,-0.11521923099750764,0.11569249423915562,0.8342565097487686,12.09483561202289,0.3949290264137491
0.2597589106345374,-0.26011659356320255,-0.09327891525771462,1.0759178867742194,2.2218978719511147,-0.0255563051473358
4.144657572270575,6.929411582321914,3.569024494573411,5.447182280936126,17.643342919837522,5.918617177367775
-1.6973650516297352,1.9021123458274896,1.3888880675768793,3.298649431725914,-2.470013929291262,3.70620814621776
1.7477734849983988,-0.5004518625783317,-0.15133310572808148,-0.9057038078205344,4.102194771459789,-0.20588437309225635
9.002664563902655,-0.8557170911477961,-0.3406972878688171,-1.579300170868683,23.778230074216477,4.998283448949337
1.3065210292888554,1.0430249611005928,0.5841036608577328,0.14166051703563587,0.7110150534353524,0.7324533484637774
2.4509354760083917,4.75165938058782,3.3689575173181106,2.3395492632279726,2.5784852535521514,1.9657913346586258
6.020710279585935,6.924580460273825,3.9378535998806763,4.238581135556665,18.752447535186047,4.581813203777289
5.5778763153039845,3.327684099366793,2.343624985923727,1.0968267739851505,14.196011888363936,0.5909993173048204
1.7771074132184996,4.856707864300106,2.613707686420575,14.68544449977766,6.414925690234106,4.407135130085998
-1.9250766355801863,-1.2838150573862093,-0.4820817092256796,-0.40569441969054626,-2.266617742387088,5.05048042825919
-0.22945515225010646,-0.32848195317195694,-0.09586484566594669,-0.19097884973957302,2.413608291505958,3.5663116555386747
-0.12889703460912055,-0.47364257232109186,-0.14785475905097872,7.80167367996002,-2.880051950950434,-0.7578140610319087
-1.2683101981280167,-0.10294483821948937,0.0840146444187636,3.393552856195071,-2.7814286975471454,1.7798099089066135
3.387307276432436,1.519184629331888,0.6286197822870232,5.307921164511252,-0.23137388864031508,1.1321140150150848
0.30918205389376324,7.26991570718693,3.5673451661518336,1.5674813382382435,6.675642214257933,-0.31527151260665487
-0.8640781967534926,-0.18460339770420942,0.46009206179053463,-0.06712124098092409,-2.7290902351157267,-0.6838606404248577
2.1332269674528925,-1.3192871619736957,-0.5291583631460889,-0.7432745679292321,-1.022304655544928,-1.1508911627900396
-0.05440621804254584,3.0365921274315575,2.4299090228710085,1.814475154477942,-1.0716881795036703,-0.9947241135698953
-1.1117727927583063,0.13070121669978324,1.0257874264310565,-0.881262581936414,-4.36061315241113,-1.728408862934745
-1.2963660060753004,4.0516187079293395,2.1646137044399882,2.362899380880684,-1.1865955609704641,2.7660985315973994
6.7059063037314415,-0.3292311990054662,-0.1805266304388331,-1.3764437838664374,7.511955971302619,-0.16607659181332748
-1.2738471393967072,-0.013876782977963686,0.4289320151919303,2.701343864614261,-3.2472471504357703,-0.025393417839829537
0.8887063216652307,-0.15867948584518116,0.002849916098462524,-0.05955108987750002,0.3605254007290496,0.36777209731141086
6.238291200496617,-0.5858278236209351,-0.08744370309635495,-1.8937287987835163,7.25165213392846,-0.5261006942239105
-0.003586865056127531,-1.7045064517526218,-0.7233204656976104,-0.9360383192175314,-2.0960823399082953,-0.6147350837605532
3.4609424604018155,-0.027520943202568773,0.2368599170648305,5.458507189771365,0.6730218211744844,-0.23305598064914457
1.2461032383375277,-0.8890680975078485,-0.31510835345867705,-0.8768596855017059,-1.2784122360266812,-0.570013952156298
-2.5317566314801363,-1.3001460297243121,-0.5010766798133622,-0.3715745029596614,-6.413021598776659,3.090821836526038
-0.08715317278374064,6.096840517328129,3.476855933368267,1.2821206829614114,7.2680213486340435,2.391495330233311
8.078111104919044,7.305726569993312,3.7925940033869736,2.175794291871325,21.07158018628829,7.215938288650547
16.354796376427394,4.364080321847998,2.312397226873361,-0.4935770427654113,25.00464159734352,-1.4977913969326653
0.1939950230829336,-0.5379981588979995,-0.06007363075253913,-1.3360319356617532,0.2722915331438658,-0.25789485374526266
4.1714081805960905,3.716471133609195,2.120773130746521,2.743922459569167,4.121395400342465,0.8924231106851674
2.5846101243415616,1.124158874241098,1.2577847860595268,4.0990380033649965,-0.34907628039073074,-0.2465774400982731
0.11126338867648211,-0.21772168938704414,-0.03773152832238158,-0.5387935797024117,-0.05376567488285562,1.2509614418904647
-1.787365267886484,-1.0117936533836205,-0.338781926837608,-0.0848658354807927,-3.8983071157222327,2.5692116203226485
4.106345953058819,3.9296594878949045,2.2076494236234696,-0.15495204023512155,13.206718247627702,1.5718409658980632
3.572709188737212,-0.9639370916090171,-0.3651009694282807,-0.24438024454049012,-2.7169689725288086,-0.8478129317454386
2.0820302109132993,0.5121656197325982,0.4837742183251885,-0.2268366995258554,11.584091225063835,5.9989919639817
5.910834542476821,1.626578290515555,1.6232171721812039,3.3452487839342817,14.591699607708438,3.694093436812305
4.865007204855881,5.59645410212296,2.7327166961324507,0.6143186788055692,16.69780099889847,4.566145434529251
4.318696851417851,5.9014857171043476,3.0762509005984904,2.692959365402918,7.618535795396739,4.359026861073734
2.218829996456434,2.6110440440459928,1.649052892091507,6.745848847795823,0.8539045885352667,3.1304136138040173
12.551554189911256,5.8850539880605295,3.1071581486989266,-0.30047946984289986,26.65889245485833,3.447180803040048
0.046112368771666246,8.432972051379195,4.3977149726672895,4.330922168739989,5.883361886784769,3.221943266105475
12.510760890294764,10.982544280134737,5.836856501502326,8.068079151288797,32.374635164098635,4.666942821230653
2.709124750069684,1.1399429356369652,0.3428468001524996,-0.1183797154538242,11.04088574559128,0.42570197519736647
0.7299633128387673,-0.14704021883262988,-0.031710387113184905,-0.40040448374682625,-0.9267436733669581,-0.49130566889176175
1.3447246535889927,0.9033210708564442,0.8069817325560042,3.339462097883583,1.8678272502766364,3.1713939157025743
4.428327767581402,-0.9580273449828094,-0.38781101091410985,-1.3261257919232694,1.4982975234907656,-0.47364705138809404
1.270426464316527,-0.5484550145649644,-0.1795179254571051,-0.7844833543932745,-1.2605725912256016,-1.2010053385942985
7.275516075860327,4.5630419201539185,2.6559770344173668,8.825952219425234,16.605612730298166,5.177874486704368
-0.4551146406397383,-0.2539639318983086,-0.049625124562174806,1.9925215328795762,-1.9558083680660865,6.325549314428898
0.7525633527361248,1.2565126482362932,0.6358371078638696,-1.6049885948280318,5.16060871160814,0.055976832105671503
2.7631885360638027,10.147521154916063,5.155814731379407,10.849267433231933,-0.1933239202518361,-0.2648270576670076
6.019229038797013,-0.29544906523740383,-0.02141592115527633,-0.07990028676059202,5.256512135928361,-0.18289445038478
-0.4416870937177212,0.594914718097171,0.564337390925688,-0.1854694484990502,1.05834165337795,1.5254576198591416
0.42582628633247677,1.6628026789997468,0.9909768231284884,2.1635677793627677,1.8436334525745597,1.0515226742356438
-0.375873287161675,0.5707706529887618,0.4343689576508794,0.8133201480366944,-1.014412476308358,0.5434237402063292
4.922648973450073,-0.5093849197139896,-0.193773894066246,1.0346731556657291,3.105753861254017,-0.647412606844429
0.9580141910623278,1.4302466590185605,1.0928260627966389,-1.250395789629921,4.9484322042521915,0.9465559315541698
-0.14362542756164887,7.751129661990682,4.088502870846176,8.449745744176758,6.852345091960533,5.382492828780513
-0.7981003462385701,1.2610684417890934,0.7603915384961204,3.055080379412069,2.2728184003171075,3.7879491325376584
0.8758080281375834,-0.699051734735975,-0.1992771767779,-1.121922423867499,-1.029149237043823,-0.6762707860480899
-0.25237495854262837,-0.1828019064689611,-0.0846258808399627,2.970482351604483,-1.4158328761160526,-0.04810959173079639
-0.5074535485575222,0.24171114116526338,0.4621937085419311,-0.13479747353962518,-1.7446416397045441,0.9424315268190001
0.32198246483814613,1.4623241719905382,0.7798913201070299,2.6192511306516324,6.396836884817422,2.5613847256850617
-1.1651422323137626,-0.1292686534777675,-0.009867268478611592,2.6383260303399534,-0.8257339158519689,5.611278727730764
3.0728047518887944,3.905936367187399,2.0698505519355086,4.911370838342585,8.457925572685092,3.585302936806394
8.309193697059573,4.064847820151965,3.455347140146492,5.90232432071801,21.673182923019578,6.147552507823673
-1.0961504866330296,-0.039975446199989634,-0.008697959640470576,-0.39806117916586786,-0.6237012390716903,5.780639449944195
-0.047469236493351774,-0.3545361541195405,-0.08687199109057545,2.2286280951567803,-1.6451268821230878,0.9109984361358756
-0.793783068427043,3.5682101863644173,2.185806383674689,2.5450134577636963,1.2527435141973957,4.6770083800739615
2.7352005430672968,-0.1128682046615096,-0.0019422021325432581,8.642085474599952,-0.896675764860577,-0.5858848001732151
-1.208243231962551,-0.5651686988422682,-0.21704423860082694,-1.4759890088817835,-1.2542935628929162,3.70894606999053
10.837572670269733,2.3947302389311744,1.7863129175070642,5.471558408077833,17.91831166458895,3.8648365016826967
5.357848728852914,-2.051655644265345,-0.9043707922596905,-1.70728464163453,-2.951316465610429,-2.4787325085490304
19.327736939929153,6.588329418816801,2.995237465357487,3.5212108855069895,60.902128893394924,16.481231818195027
-0.42828187458707334,0.6799373905780941,0.6230940307457734,2.5652953160320537,-0.7988736276705626,2.407379165706262
0.11796965606569443,-0.47669795055714437,-0.1280618110583641,3.01189313139598,0.3185614170969021,2.3735180033533667
3.9443558650014925,5.319341225185666,2.762753753870122,8.15513283377026,21.6432828176923,14.033434643086052
-0.791810374958474,-0.15626559078125227,-0.027033725300969237,3.805464090811034,-1.9184629638764787,1.9058409778481125
4.8074204875301385,13.504172473705172,7.059323287132773,2.4724817427646855,24.655295485337312,6.058376553658192
-1.2967624023156483,-0.9425253478518469,-0.36190701461375935,-1.055008746370309,-4.141001161936997,-1.4969057118147446
-0.3873845765228579,11.039679786902449,5.577234759862614,4.4218853485051985,5.906631332408537,6.284755380118304
-0.5170664767831442,1.9378003967598687,1.3593828788071978,1.3989029236986528,-1.2491821580910554,0.36558341573667275
-0.834096846551942,-0.4920779674975333,-0.25307234539434315,-0.4725258313495843,-0.8946607313956436,1.8886685740972509
1.1823466097297366,-0.018415766059517138,0.26567362716323867,11.144818742923022,1.6943531177851971,7.03524286884864
6.578122425263148,3.1909733322562,1.8522897280894273,2.6930298544762015,20.175101924996255,6.872320154129767
6.56394637783427,-1.2041083310369103,-0.5248940989345816,-0.9293780648306383,-1.6309515745058647,-2.1847033684509176
1.1010935238449457,-0.1537249319192507,-0.02864165858434895,1.1352512568239588,10.804872655362615,8.922869323070689
0.7931851461489642,6.949087714550549,3.49997641949501,5.840727182010894,11.669235214089362,2.6136133041036684
2.671793930259983,-1.6894485659179652,-0.7547071185430071,-0.17418837811561547,-1.3542868885488595,-0.017351013082010237
3.1976653169204727,5.240124990697039,3.1727173447520816,16.802200080539276,3.873317170631667,4.736937246475637
1.0580215841004157,-0.627596830548878,-0.28722757533756565,-0.5279501312803255,-0.24586163568683778,-0.016139036105028693
5.890334515396738,6.99838812125627,3.3543860006683075,7.474172342120841,14.863925050687595,7.187980774008703
9.22357151631104,5.592080917142993,2.98540455173094,2.594742141243151,18.7746971390299,1.034990712747071
-1.167309817081923,-0.17590256193603535,0.6892329884021897,0.5330931930024971,-2.4205000117209297,5.095622924196869
-0.4784110770878067,0.874447906082084,0.8869905806483993,4.773034639600939,-1.7847352399817193,0.03458996137931336
-2.1142339282534466,-0.43852167429180916,-0.14397781828527037,-0.07556131080448254,-3.690993309403185,6.163691951029574
3.658200840905131,6.415258336251896,3.241220009131204,7.313826528096822,9.820794707752743,10.269373478463656
1.7166685528627934,-0.9739664406499751,-0.4417315320340012,-0.9358366157791382,0.775299222037948,-0.6247625389818181
5.014389012704334,-0.2015864355135941,-0.02570934228364006,-0.9658671568925377,2.601908875745064,-0.6624254043624944
0.9875315804971779,4.008052722104786,2.497221011714876,-0.6495609970934029,5.35714096036763,3.1979333707871715
1.1195447370053497,-0.37212093692179826,-0.16003210175022506,-0.3572518263563143,-0.2957254957294499,-0.13352864590258903
-0.10629710047666592,0.04272353584776867,0.08336697977207175,2.2685311603367264,4.374648979971374,6.1909267836347714
1.1051770576163058,-1.3708504112749889,-0.4232845201409372,-0.351092392737983,4.2916646730664425,4.909663259227699
3.6990618710554974,-0.41082015743346023,-0.10669094530975509,-1.2975370165046876,1.199507599995629,-1.0379239219413594
3.3121419831708856,-0.06450884359927829,0.3674406631770987,4.6639264331192845,5.730819956417623,3.656764188060073
3.7639580415780625,3.926045802869214,2.0979742221377795,8.946377277069388,-0.23820954200045172,-0.15961810813636423
-1.7751590498345327,-1.3062161565906625,-0.5862549382330372,0.9226348736314209,-3.9301947070017285,5.981096915820459
3.1103971521646505,1.7554218637088228,1.2820707209720124,6.135286090614423,3.3231996967056574,-0.13937821867885206
4.188664120980164,8.460612194240301,4.439289448700676,3.578271817693631,11.880922149759249,3.383073137845236
0.12238144335345869,0.8739108226463673,0.7308733187651328,-0.4007024469827652,2.5162651155697398,3.077505186894557
1.5379532925298038,-0.40950896548209265,-0.16051018125138183,6.23585989077134,8.278269630654158,7.667877207577574
5.0123615517792945,-0.12059415007539748,-0.05749748949912617,0.22690726901013103,10.994917337860427,-0.07705073936775447
-0.4319482451504095,-0.11731555123912407,-0.10137519192474498,0.0328753057232396,-2.954634221594954,-1.5458899333904361
-0.320342477156325,1.1897789584242169,1.1208229470691258,-0.4457702448555054,2.731320198017555,3.4169752885416758
0.8915268626011353,-0.1935625573984184,-0.0695996462827049,1.5049197372050052,6.576098864819724,4.6929004016987275
2.490522330887137,3.26335051562849,1.6975522031802188,1.9341630351914003,1.691080836255166,2.959994439878261
-0.47693113367143813,0.6791823187895397,0.6249040878824054,7.133531107572716,-1.662422103330062,-0.17062818784218445
1.2757456757140324,0.7304456234431138,0.7162351797403513,-0.44011657882520155,-0.16966174279265886,-0.47186651081490166
-0.8587732721008715,-0.15442790825467645,0.049576755418341056,8.311632636152718,-3.453038879196301,-0.21136719306179128
1.9833430290163852,4.735696709156879,2.593931603196157,5.075572335290068,10.434422235955966,7.194294149204895
0.18624473970929256,0.8201799510437189,0.7844303583114409,-0.04971337173500863,-1.878340278280189,-0.8550855418238662
0.7091287465104719,-0.2934407930416853,-0.09053446142612312,-0.7028353541761174,18.936109544224685,12.660206583842935
2.5596195117660665,-0.19463879639611473,-0.072829529405232,-0.43187784471576446,-0.09770082634006017,-0.25118828193782006
-0.9716806545151155,1.2910690995630512,0.9727567417933197,-0.08033407919847205,-1.3528806308008983,3.6347504368890817
0.9910208282682135,-1.4018841601697107,-0.70596737417766,3.1232163759640352,-1.4904677786313938,0.41926237746482314
2.504584377976859,2.065167627907578,1.7463305441140005,3.1251795945072116,-0.39812028372461106,-0.8262043314783697
12.680544253688934,3.22988534854967,1.846569634381886,1.735328298822382,38.654958675928185,13.019485318453015
0.4173498000269971,0.5382417484460235,0.5212218156973609,-0.5114269327488389,0.6928802259831561,2.4527524449069897
-1.754008474852287,1.5038493595968025,0.9970086160702273,-0.04560873577912228,-3.9385633327862375,-0.21078231684942803
-0.07376059605790534,2.9174077552054145,0.9185164865598388,-0.01240194066549576,4.647128337030098,7.345876662910342
-0.33077660029205674,-0.5513257209465106,-0.1314766690436518,-0.42344737609891914,-1.9930247081941066,-0.42328361774846696
-1.1073681122299963,-0.2697366153479006,-0.05096683359081833,0.7189536507323944,-3.711049757628912,-0.5797697956198226
5.001046527265831,-1.148651141283021,-0.524509112615809,-0.8827507501709816,4.739254066991115,-1.4608110950469444
-0.4469967258335821,-0.17641379759197873,-0.02895638255488613,-0.8620463925182584,0.9725551167594426,4.319623491383785
9.052623128207719,7.011911428354735,3.35432554192395,2.4634824898578005,18.419144270797588,-0.30451821273062424
8.583493487981919,-1.119488780946382,-0.44318661821429717,0.7887810304282893,11.665984478691417,2.9307784600054507
2.8412357411798013,8.520956131517051,4.072642825326067,5.322125269701254,8.974246015349072,3.065994283906056
0.9019361359557175,2.2292039990497856,1.7127523013193038,2.6046191038047084,1.9836840299100444,1.4367695242404181
1.2244844795186745,-1.3612748292785535,-0.5462211468400469,-1.996171742742699,-0.5154255529338355,-1.069870701650512
1.6532199056073669,1.451136233581186,1.0156816282859293,2.8855061609751687,-0.5319940211892311,-0.3600797886982661
-0.045468910451528566,-2.2093267384935764,-1.0622275898192528,-2.8331678770184343,-1.0217479564922902,-0.9921050665330485
1.931201095513012,-1.8521679471917727,-0.7750919319981366,-1.2264925014990227,-0.1808889215112558,-0.18447507033729946
6.04994225746932,-0.4103245996414918,-0.20242474359158547,1.3823029087539962,5.8419228056076005,-0.04215861362425899
-0.27537466691034446,-1.6372400892322319,-0.719951289785933,-2.2572031420240344,-1.9146447256146482,-0.8934008476185076
21.628958498184232,4.7030527792878765,2.5936063382378807,-1.2696509261876736,43.28445188322018,-0.1396695659117498
-0.0017438095962066136,-0.7717960459857552,-0.4250164437937645,-0.3200063927739399,-0.07753419827746877,1.8069593487333286
3.6939614171105504,-0.5652715942122469,-0.19017892958140714,-0.9527859696651625,0.3398190733203633,-0.7259423038838918
0.7422583056085663,-0.15921546535852,-0.03174319854803185,9.559697311843138,-1.0867822575415291,-0.31663981036033806
11.701355614868545,2.9395107028974716,1.534202153818638,7.9062485486177465,26.775006520488414,2.5104110501968906
3.963997149379262,-0.6300612633625994,-0.22978934873651388,-0.0558498509577456,1.2250533221810704,-0.19457605207476233
2.3453059723599674,-0.5533113890340616,-0.2039890092081587,4.845230790205814,-0.1600334840786387,-0.24982591833014245
1.0223829172345524,0.38340265726271844,0.3123119176156273,0.6022887399539141,4.819468175069419,-0.3994262493817845
0.9266009215230855,3.6320687606800526,2.027484590520042,7.236664373163053,3.78829489958211,0.8765691109910978
0.1543297001294066,7.671180204279927,4.071804189670159,15.683866864080805,-1.0593910215076452,0.6945858713271857
-3.5750635934773536,-0.5860188565654927,-0.21654461324635457,-0.004123295093666402,-7.386193457932561,4.467790322079101
6.803069221632447,5.151821272923937,2.873168156915932,0.12308466538550178,12.042670422240779,0.24414817603937167
2.012414120528418,-0.68805006427297,-0.2624537919187848,-0.5070113360293569,4.143786741535625,-0.1690325509262366
-0.24320892633601354,0.5647469053146275,0.4733395184797949,-0.2701598130784238,-2.153082536355526,-1.126233512410142
5.002885527738555,2.302386932280395,1.3252318212662528,8.093134619975265,26.50728355410245,18.40614605546732
-0.42651108794720405,1.5147406800353522,1.1887684159492296,0.5636256760840053,-2.513165154371044,-0.08807973925951273
2.6601205309669713,4.164337957096946,2.6118394645403478,1.6837947788016132,12.135637022214887,1.6381376187630807
5.0181036479080845,6.684126557211887,3.579601117425675,6.320369177254502,10.987061565515894,-0.6476315851948954
-0.018213775101046003,-0.7913133485399486,-0.3099135413090755,-0.6924356871689485,-0.34808079913400597,0.3017461837184775
-0.03329344116644486,4.2838596571709076,2.4069893531754993,2.1180188374189366,10.341169572311165,9.051331562735156
0.953590353210353,-2.428806482704782,-1.0044463212591468,-0.22229702438017612,-5.325133048198971,-1.6211073002875485
3.6735500083077497,8.066616381567737,4.246204573305942,9.038727407630489,14.71479350745859,9.223430040829095
-0.0739174975282979,-0.5115996167108292,-0.13571023796353732,-0.3247515007413935,-0.804664827836207,0.1216629635866614
-0.02638634732572123,1.8417145656912006,0.7274079021914003,1.762121377829867,2.3731263860753726,1.5439957886381714
3.0020722806068623,-0.8173641643892297,-0.32722195598475,-1.2783537261272546,2.6648680860779757,-0.591244722015836
0.8372846964853735,20.63691854572382,10.201646830768924,7.172838610298105,25.923893430432923,6.135668417188911
-0.5815939200543296,2.730487649943083,2.2306321247750036,-0.5251842767251542,-0.18336142908105438,-0.14515869138085252
-0.7900587809874401,6.175547122396976,3.399610760628064,10.49322365563335,-0.9918443309026439,3.189549326640349
0.012529249222886896,-0.5845315500572911,-0.23742445751791827,-0.8539985781449732,-0.003692398989603163,-0.12279421370189612
-0.20192991866598553,5.90647927818468,2.8679037871102144,2.7568979081016365,6.930344384722948,3.7425627341032266
11.819123451490123,5.518804162870239,3.1023593750357437,2.2976433009723625,38.0701536621828,7.618034465662739
2.3248995598688085,0.9769412696637649,0.9344274929620064,0.03703010737711898,15.683539724716644,8.28261376915905
-0.5814404293394836,3.480861566554449,1.809693696126779,4.879937097930126,-0.7373263628009105,3.287648103328448
-2.0300318572964002,-0.8548069805380494,-0.3406413884739708,-0.8698261742335428,-4.394915977830525,-0.282544302726944
8.00543130145715,5.522091165530299,3.0531957463930106,2.920328505107965,21.44130883005068,1.7289937637302422
0.5346922859382771,9.403464881350422,4.744515152762907,2.499303615899871,-0.2701694563438641,-0.49558354485819883
0.7607036711755902,5.285954099342423,2.9662200598742596,2.786225977844306,14.383797190136756,7.404634107559923
-0.6886107403099676,-0.39023940746616326,-0.1632932979710959,0.5499486637092089,-2.3488918537710695,-0.1414759393328727
5.049382232181558,-1.1843049853676855,-0.5075041652869065,-0.8878486501907356,-0.41093028461481407,-0.8063727829007381
0.9593341321996277,1.022609952394769,0.8815066152711282,-1.221176423877952,2.848479475108602,-0.15684301728413885
-0.533079104767125,-0.688315718375739,-0.2778865354770828,0.5330456740429057,-0.8033273474205898,2.3980926262163376
10.393662417872699,1.6164142020321872,1.0629456209279207,3.121958038611429,16.515238864514302,-0.09548447737636111
-1.7059221705146275,1.4672855691093334,1.60332529550093,2.906647882394818,-1.5638497100030886,6.946145825508413
-0.040551941356353406,-0.24015835441494585,-0.03290648091249391,-0.3666247284521993,-2.3364354864029675,-2.150481050305405
6.982853607747616,-0.09388531576036983,0.31785727084634013,3.099740922786787,12.440504924324017,1.2371394391594186
1.6591589290709483,-0.2789761126166993,-0.029877916932937645,4.885708175670485,14.96816571642409,10.008107207470124
-0.05948791585408295,-0.21446567178726283,-0.07598377239067806,-0.5937019551890741,0.4226053892883365,-0.4516723912778815
-1.5978256034070741,6.018226931116428,3.425428955773762,1.8897266865765854,-3.441888966539564,-0.4017955402985036
-0.139581231067059,1.521252292411865,0.8762538519916334,3.787786654078305,-0.5062069373118216,2.6972888819990275
-0.16905105610663443,7.5549790686813925,3.8169150644968255,2.4682305940268687,3.1684759160386493,2.110136182807569
0.003452383338053311,2.9973498608708526,1.68095534874518,1.558925611847142,4.589644727138453,5.611501916400161
-0.18937421362105625,-1.1755792489717158,-0.4435135177519827,0.6552987857726212,-3.225217076694921,-0.13264775844221285
3.8548480143743706,2.024695776619879,1.4382576438269885,1.6474625041829398,8.671483588706767,1.973528674606376
0.39058309526325996,-1.4668886235861163,-0.6057300835305327,-0.09365655437706538,-1.4724616078655774,-0.8843071821511789
1.411902474425236,-0.46000129902361914,-0.13668402745304872,-0.32463973535029406,3.658042675356483,-0.13696091046600514
-3.597306717693524,-0.3011118875651989,-0.0947943780179486,-0.7613907835817542,-6.560126908415071,-0.2029494503773437
-0.5651840205805225,6.242644586818127,2.439075725426414,2.409060056969106,8.583519550511514,9.184204269421642
3.9402922825625533,-1.332565976932834,-0.6257120874746671,-0.6474304888849564,-2.39504306889382,-1.6171581974956988
-1.30621214674338,-0.7158031246299132,-0.2963261758697273,3.771981533338809,-4.514462346011313,0.15402390796119625
8.434491738831849,1.80918751513628,1.0211962234852732,-0.09070514825949605,11.89274295482592,-0.3888138085809917
-0.2656205098481012,5.282751740529624,2.8330992994261157,2.663161311287624,-1.2767354483713105,2.1102226265938278
1.4095585505807682,6.951083573385894,3.6447028013146645,4.291628240096212,15.479145765030921,6.570899575937317
1.1941436079630532,1.1809896110055418,0.7829583134393923,2.4662163033289355,6.356307622160652,2.206970909362762
0.7643644819443162,3.7645118327496454,2.213051251796745,-0.09762760395980058,2.128576443037165,2.1000185205910595
-0.4547462368532008,0.15480968216347674,0.24104264758197247,-0.3243758502073666,-1.0149827886414104,-0.7596939624232159
3.963970799507752,13.108660408394755,6.671054013520821,11.047838689111522,15.422606441779966,7.446127816001705
10.352487460150996,-0.20134041224058735,-0.028862157678619285,-0.5162423786129343,18.51989520549724,1.8139362620112582
1.5839684993657368,4.284519556677139,2.282360956901538,2.686951417342054,4.116147578955207,-0.04904663106213663
6.214286914263815,1.793546896030024,0.9977059453238921,-0.19151050680447135,11.886814294211794,0.7663691233522402
-0.2762814807425057,-0.3807479295953061,-0.10465743558035534,-0.31982010265646427,-2.455409482886938,-0.6187640840191423
-0.6386208634379937,2.8872536302187224,1.5163260042223152,2.42846226595686,-0.3871477278763942,1.9313295432257798
-1.7014007992277467,5.8498422406866,3.011645335737483,2.1479483317674024,-2.051248926326941,2.0101555674412643
-0.6284321561217121,0.01367152336092503,0.5661185368997789,1.4338542162723416,-0.7238890062124872,0.22443911190846877
-0.8151688853636818,0.8759940691129177,1.3575708397659758,-0.06564085158251376,-0.7657993034790174,3.383408585363239
3.341854208856935,1.9323922512791682,1.2713783611817155,2.6882137568405158,6.754738793522793,1.7319668281323577
5.260512407594616,1.2901587740090854,0.9107382016369335,2.5375925539276336,10.077343784956524,3.141806765939008
4.00720776965473,-0.7383573603570331,-0.2582283609916478,-0.3129897286645922,-0.9799486438139884,-0.2959005890813154
-0.13897294161333634,2.6510552214254512,1.798901021007362,4.891641827382882,-0.4985217155082544,2.6010332648984735
-0.6731453115306922,3.5237198898168045,1.7532839520420547,1.4963328935845164,-0.770534324614986,2.0055967247820017
1.3403420998149616,2.3166967587453247,1.491205942404596,0.051256034683295204,2.211856362937097,1.9856432915255708
4.0680130982580645,1.897285023557182,1.4953490393490685,3.0988765848505055,5.367414561293908,-0.0016086921690305679
3.321593765723879,1.8503446869231772,1.2460375079641506,11.236047835140026,-0.6629382683648374,-0.011837951283096771
6.27987038657842,7.530751358034296,3.253755114483192,11.620370979287554,6.51641547517572,-0.44976012511988905
12.420835083972328,1.198550819235224,1.1585681436601607,0.9720876197092111,14.861077519993035,-1.2147652730396798
1.2082852883988353,2.0548459827397094,1.2871122102887504,-0.3794660306804955,3.4458555872275114,-0.17612634994741813
4.444251196500329,-0.1842659723845098,-0.14324621996674805,-1.0003551652929936,-3.705424191527104,-4.1937596525145215
-0.35372106333352354,2.2009924680095367,1.357913345386562,-0.13074068713277143,-0.3158898268720387,-0.2200433566131217
-0.047588216114824534,3.52870139674618,2.1430610994041377,-0.18520113518570916,-0.008000608139516486,-0.033874534182046404
0.6212601815309782,-2.3548760808939813,-1.0378761040225528,-1.4191516216043092,-0.031258856017654615,5.765592206283243
1.9124996967212846,-0.5406222337150294,-0.22344498655657757,2.95792239779969,2.191770663483221,2.197587554465697
-0.522805651264813,4.808211174550931,2.781407581761578,2.0639939826673603,8.247229852604853,8.522781246318432
-0.29371953229752934,-0.41441874918767274,-0.14642336054977897,3.8252510852053323,-2.155425738003644,-0.69717351907956
3.7201835632961,1.4362267941370233,0.7589013517955906,2.6952766015142213,8.763367419513527,3.243616794282672
3.1940086920508364,1.8892517618857543,0.7065174300013765,3.579307593620629,5.28365546408682,4.673860806648811
-1.0703681803448888,-0.36157733301344286,-0.053737428168451,-1.7207801387824995,-1.8905251014475895,1.6160322678371808
2.4883541278193073,-0.2222799105672545,1.0457295236777182,0.12184900784658315,-0.22056216424458094,-0.5850364474676614
6.9455815314014755,3.219678218300669,1.848647799889926,6.019812761961244,13.83735592307373,6.815476425553201
2.9316189893179114,-0.6105519334236208,-0.2502217864621352,-0.8839490117375904,-1.141424045539285,-1.2942977596554046
3.1262049126163207,3.429833517932014,1.7626640657996753,6.595715255789493,2.7322577745328216,-0.14599407613604018
-0.12018472462816293,3.3171823348718354,1.8134071945968053,1.472633415498255,-3.086286669457035,-0.4072071973810427
4.233924460668334,2.4747982405493727,1.6455140144093219,3.856068369887904,0.0879208016439591,-1.444786254790584
6.345455971657611,3.4322949615888394,1.846408748323441,2.8184206670510967,10.581684549767214,-0.2403734064786779
0.807045365742175,-0.48584056241625345,-0.20406183820376428,-1.029158278969018,5.630867764820272,-0.1411515506904238
1.7683963396698117,-0.5370504951269894,-0.19324463686451843,-0.1426922779542689,-0.4624142370562587,-0.021165782500308674
-0.32271286803546306,1.3263409762217284,0.8963197042776712,-0.26374398864507387,-0.7337723836730229,-0.17843574915537286
1.8356025152761652,1.3444968602566587,1.1909620710228153,2.040310397748539,-0.26279782084723297,1.05589725465985
4.819359957657886,-0.5202711014800456,-0.2474640248068115,-0.18912069350668614,1.9410820871857584,-0.731698475017601
-0.012577450924505308,-0.2500149089826537,-0.06918358917434946,-0.4312049525226552,-1.2196372418548018,-0.3519659289142731
-0.6031510966438685,6.816126968020854,3.614502277045288,2.91604359121276,-1.5315030597735926,0.5917277433384258
17.061875249670013,7.53745492335998,3.9177895095509743,2.547248474371089,39.46302460785963,4.459072280144879
2.100334786376679,5.233082425012683,2.8206564233124416,1.0189776855204167,8.785488774609286,1.0368136224470765
0.8437331762559098,-0.6719971588062434,-0.26796407436656144,-1.3052709826611737,-0.6222122865597366,-0.45852510143526254
3.3425011887956115,-0.2708727278331177,-0.08778267913296856,-0.04600123977408164,-0.05747045151172139,0.18598444154470029
11.024254222309018,2.969219852954542,1.4469474095620263,1.2628124319368543,30.138238878703103,9.948870990696745
-0.21646937782504347,2.1843650957659086,0.9134288369974173,2.819400728280466,-2.687809622624855,-1.4640453155676183
3.5258092628572486,6.821298401125764,3.540932214387666,12.222106980100348,9.382871002300927,7.786407991835929
-0.8006748612922658,-0.4798957519207745,-0.17489001801190163,-1.0052466240617088,-1.2034063908443646,3.1098106911090264
0.6587304550825089,8.664999067485157,4.244818902948711,-0.23645887669630206,12.666661905457678,3.592884860524899
6.144629149806232,-0.057149392270444244,0.05805018707253473,-1.2659100578681235,8.845887210623886,-0.30770974122131234
3.698966796380251,6.20242573043147,3.1340232597634796,1.5061316319811966,0.45631102651096667,-1.0586489345439567
5.769487651006932,-0.837442362979492,-0.34910483201814424,-0.15340415320157336,8.788822009370518,-0.04805338369973464
0.07491300333334139,-0.409731340882367,0.1518664311739411,-0.30213053818746505,-1.0992903999889314,-0.6513887542831347
-0.08595230778148816,-0.276320397889177,-0.06964899166616197,-0.36940301364282824,-0.9206306314056335,-0.5424047239967583
-0.2968355671011071,0.8311857833273888,0.6785671773139099,-0.5773422151828259,-2.056415500983682,-1.185225073184774
5.241638738676046,4.510983281933322,2.9471341200051557,6.135750622617066,13.094633648782034,3.7115048033537157
0.43792971584778023,2.9542533325919442,1.933208318826371,0.061884526566418185,-0.33799166293130717,-1.0180222634960103
0.32573054035415916,-0.49493062208950844,-0.19789120954326522,-0.4201970452862085,-0.10394930057447466,-0.2530797191135583
9.677388167375804,-0.6600454927517592,-0.25396616539952016,-0.7737055702965141,13.522212489440564,-0.1467209841071914
-2.64189388703857,-2.027497534580996,-0.886733566914317,-0.6978298484574241,-6.1263251124294404,0.4981738995934112
-0.1375192020847952,2.7522418084562283,1.8851277012987775,6.255657399240914,-0.27169022544388366,0.5958171917671675
4.566119066712714,-0.07146690758049477,0.2308762933890361,-0.3860237520728976,9.893298155853277,-0.22595976288151226
3.4899976958946572,-1.287244402017289,-0.6061883826356791,-0.4094505376641815,2.853909169048198,0.6744109271499286
-0.0964119688428272,-0.9546486416421791,-0.37754112060527856,-0.3291244508941119,-1.6409674797308496,-0.3853067200570301
0.44267779560207005,-0.5023816703030415,-0.1965931965186449,-1.5395248733012095,-1.6993243553061728,-0.48430683598518875
2.6517170783922044,-0.4110086001301195,-0.12417938990384335,-0.32951736965456635,-1.3550158728201838,-1.3521663887998892
0.08596154684051971,2.632805166072506,1.9665767181081262,3.3146216359807257,-0.4117513575085557,0.08960373977043712
4.501404137338359,5.646253799327526,2.8732891704789183,13.765461776404015,7.475437092336847,1.9215731898487836
-0.5469156376520349,-0.5927636510432176,-0.2278098952147981,3.798705681082766,-0.7240358466852055,1.8907906144109052
-2.2333658400978504,-1.1521251030381996,-0.5680044598613979,-1.3052786036488595,-3.8886832883670657,-0.47764613689276864
-0.21444803361167739,11.423691286024301,5.8649273370223725,10.14005197212915,14.070106541245133,10.839268287715283
4.300090577935451,-0.6337113667942901,-0.19081554736041353,-1.00316032948841,-0.7710858519620722,-1.9544369837579323
9.970159412685797,-1.7312509040100925,-0.7425205562890501,-1.0767089456740147,8.08220811503053,-0.2698152498775141
3.9220436882093317,1.1940074112069543,0.9279845637573094,4.287357731874824,6.37206228772174,0.9170770866641159
10.112583777874729,2.619045887896684,0.5957994560548203,0.6581881717381237,22.56635463585745,0.3154395439792121
-0.4965343962863701,-0.7078686740033585,-0.28329350508327517,-1.0215616074802887,-3.8887936456683025,-2.353744233601032
-0.16454434193835,3.9625875527179435,2.056150311651767,1.9957111272023618,11.188668688486096,3.032891840557266
-0.18782983560599364,4.227938485464083,2.4529237315905377,3.613522209273553,10.198045427872849,8.914882417284305
-0.213010020537885,-0.8370921344917728,-0.32014987616400586,4.454202214704098,-2.015152704910206,-0.3322490479665783
6.682069901608009,-0.029132240897451256,0.5555205109733471,0.9749206274133343,14.4070189259212,4.529218402389874
0.4114795048250804,5.923711963698227,3.184541524813901,6.75795543311222,5.432331336579151,6.2015040503846866
5.69989504045288,-1.5047913605882481,-0.7072889305158393,-0.10574238612428061,4.432468550083781,2.533696051508471
2.7276710234340578,-0.932610652406313,-0.4619434176638569,-0.6916325668952219,6.899436715478479,-0.8623298568085969
-0.7625487218859353,1.7944424493220956,0.9812801480063751,8.860576249281014,-1.7475843113722505,1.3609617918661552
1.3329148977133523,4.12998464755022,1.4994745056965124,4.39086162453832,1.4889557344962587,0.5164409700699141
2.2955396205663474,1.2737588396217505,0.7700519681777415,6.787924024756208,0.4129188314815496,2.324905665334261
0.1661064997678423,-0.3331907551310466,-0.09939184730635829,-0.7064694839425487,-0.233999514535053,-0.20657915765163617
4.337543585091456,-0.07090856111584967,0.169879958099733,4.225996175158889,8.691543414811097,2.6373873315606065
0.5177959012814578,-0.1727869815149706,-0.0032960073667322566,-0.6203230922173258,0.03739875046772623,-0.8540466667169953
2.143364372647407,2.8405897650830934,1.4013167909499176,-0.4236575111655452,2.8546813974955163,0.9577439905836823
2.3902062361065415,-0.1434630932420333,-0.09275793566595665,1.8929521128434361,-0.006222657493239737,2.4703023516484173
0.8803241971642725,-0.648391903600469,-0.22785529548177005,-0.6264377855598264,-1.3235510124901744,-0.8933002331705586
1.1221029419294999,-0.4135315646610489,-0.058672363077460446,1.0163926544098758,-0.6683256726692699,3.213580654958406
-0.044729771922020704,8.085065989785704,4.150663301190951,-0.3945111183782919,7.894673057865895,1.8712712664167148
2.5640787501219116,-1.0566874113947393,-0.43072549472270877,-2.2911758281423693,8.478351803828739,-0.1807120960951546
-0.07963521230460398,3.6849529539418913,1.863629501611417,-0.2080556696115771,5.65256513498091,0.20304546218261155
-0.18647932133640827,1.324498902522509,1.2241487203219346,1.5143610968821462,-0.9039115471120285,0.6208982647246963
0.43637593707217576,0.26774629099352193,0.48542998874878945,5.2957465200531475,0.6527060176633535,1.8235276816108485
-0.09886912866648508,-1.6913170577699015,-0.7241131880578777,0.628584785809192,-2.047800803227724,0.766768080649878
-0.16926113442872898,-0.07394207348940855,0.1507868219682193,2.676919283614637,1.5489087568678488,3.988472238062907
7.127083726865498,5.990645029266327,2.907543897946246,7.456804486608956,14.178464307928866,-0.32362291349105643
7.741313578760262,7.0374410792593185,3.910561858921921,0.11633798646105598,19.74414630979359,2.9226736584114805
-1.4382868617480076,-0.5645930031252399,-0.2173519399512919,5.424309082654576,-4.682875455280306,1.4921371681309092
3.3660812121106813,-0.8445542620487094,-0.4000982475089183,-1.9978291020410432,-0.1775214177694343,-0.7253710774939265
-1.0478751696947353,-0.6891816377977884,-0.25100333346748505,0.6890641019794238,-3.585692433000601,-0.007949756034323642
1.3897116560844722,-0.43340811288295433,-0.03557494497506504,-0.4927164988445647,-0.0761085199856004,-0.17034480308716687
0.318168599832198,5.5873907284979,2.7988880888362218,3.6848544011469357,8.15168001392927,4.812925053301978
-1.0046024999678564,3.6105720274906683,1.4293734743943391,4.872127251918324,-0.7111144710330903,6.008421359019999
0.2989215271968349,2.2131223232826702,1.379005789854999,-0.36036113264082026,-0.23743930037222585,-0.9433713005400746
7.540618966085889,3.9652315621501524,2.047073066401241,3.2994061574798295,17.152295133947348,3.4660837746489186
2.662983098409879,3.279207587407991,1.7878427560217949,2.0163580937059935,9.404296016927809,3.4337010182166523
-1.0573165609990558,0.09410604543341039,0.4690907608951007,-0.7425436655792951,-1.9958476748027687,1.3689610552969125
-0.34850398897949186,-1.2087775092366442,-0.5148148588537841,-0.1635772722939883,-1.325122934262756,0.31473065825480706
3.6810291721330106,-0.07716035583937789,0.28971975030521,1.2725041338485685,5.343230546672139,2.315051657562033
-0.20218384810693216,1.0060697629803248,0.7150344900005126,1.4764439706682202,-0.7709585154557015,2.4933991175366224
-0.19211554529856004,-1.0030262470563251,-0.3861475394683366,-0.27591795916006645,-1.5622113473717434,-0.4533307171704511
10.866261767267986,3.932297165129287,2.3157277080968592,-0.04273899571733404,6.5218657794202715,-2.4049906410949364
2.4657508575153875,2.5515669670868513,1.2723249819719515,4.434161167043724,1.1006226626561755,3.111865391644147
-2.0682484817911355,-0.5765753633978469,-0.24878929811433187,8.900300059605382,-4.866973018376961,0.15019789729878397
20.689794011015156,5.545924815211213,2.5951108494364568,2.0511578448656484,43.91394516344174,4.61243341011115
4.007300663910012,4.902556617206438,2.5889946434377356,1.3607967906041214,7.207539311175209,-0.1319894843761987
0.7985106537986434,6.732762025527318,3.6332613131429388,-0.10103333403405285,15.109107137805028,10.401237227159747
5.662552007013863,2.358343419654316,1.4707661457313206,1.08268319317407,13.622788625478686,2.745568150811893
-1.2507543355666577,-4.35315970773749,-2.013013694837105,-1.7042243728123179,-8.403001554882632,-1.7273174513124727
-1.2644931701189552,-0.8216467670059455,-0.34805916890257055,-0.3795336406516173,-4.284828851654415,-0.9152330969223526
6.636944470047717,6.629164628963238,3.37839320450442,3.070510096703651,26.33048275604863,10.561525566964344
12.468386386555755,7.287131225678409,3.5537893159823017,5.4447310867494405,28.803914892884343,3.27563957138797
-3.629884719527011,-1.6967054526236334,-0.6699907767548043,-1.8169041825602392,-8.054004112008647,-1.0327988196858078
-0.33266245617759016,-0.2501219436621523,0.10015483956675564,9.495781937407274,-1.569976819773351,-0.21295550834326282
0.349695714792241,1.3924825343547909,0.955496637132898,-0.5354818567205483,-0.035090153588743234,0.6227852408505016
2.130366980446744,-1.320515506488966,-0.6015561727531813,-1.171090951429385,-0.7534103624336231,-0.8534445168962637
0.9212571019291207,3.24258168150775,1.2498116628835643,2.367873713181867,1.4019158520399984,-0.7799880824539974
2.935277573119997,-2.070471148320889,-0.9128627686356072,-1.7506070498588422,-1.2286309489876333,-1.5584937875528198
4.300647902055055,5.290764443553473,2.8630052530106185,6.631506928820865,11.682409614683213,5.8629951023790365
2.437434121387839,-1.8739235772837681,-0.7887737626555226,-2.0665094166126337,-1.4026967461237223,-1.5665296602889753
9.96669949409515,11.450444184013117,5.940626306226407,11.072050829012138,25.090986529169513,6.516850364414061
-0.2480327736048437,-0.16659925840926232,-0.011778030141497076,0.2727014166592473,-1.350925117893168,-0.01300877513346841
3.4919022832138253,-1.1358205355652529,-0.6035762122307511,-1.2817953675568083,-0.6056165689989739,-0.13172291676530695
-0.11299419627541188,1.1368693841313124,0.5321998961301143,1.275284446688556,-1.1092593773942327,-0.02670360000352965
8.888514803286569,2.140234919825466,1.4576684406149403,4.361028017693005,20.94446403541902,5.291575847083806
1.344772963204882,0.45846302553563645,0.317263700121282,-0.15311141756446534,0.22411024659446754,-0.2903140112790553
1.278362642391508,-1.4278184360189314,-0.582120362821787,-0.738538115671728,-1.5469048074383898,-0.5325602765523726
1.3108540794919628,-1.3258913858267298,-0.5665483445084883,-0.6222673188971588,-1.5518679569147287,-0.25967664470618845
2.7030843715094792,-0.7867420906565378,-0.27090925542701666,-0.23974308614143594,5.233645825760904,2.1485114983738516
-0.19136606937067624,0.3418969012888796,0.4153281834773709,3.1124820343748,-1.5634734978641536,-0.9248570765492815
4.832891072623579,-0.04255324934904928,0.32653368704410246,0.290808103554062,6.4382981097781125,-0.9465010143213508
-3.5946961450295407,-0.7947354008786774,-0.24694946796287615,-0.46643734837355205,-7.90675706044728,-0.7122056465822157
-1.200047926686335,0.05678708302874613,0.9903365607556522,-2.081091569366101,-2.536257315252423,-0.5888049600731916
-0.6498026219345232,-0.1435914439800886,-0.05668227358568554,1.7554216373124243,-1.504969107331973,0.8431201987889173
18.669166031895767,4.312583616593122,1.7834398783502925,4.987724244626976,40.02249075974546,1.769373335181177
2.0264831031281503,-0.6273413708659782,-0.15296497930246053,-1.2437924101236026,5.324499300828194,0.9857195212361345
1.09483029259865,5.240243491175676,2.8452952724781286,8.327759819071826,-1.3394567866147742,-0.8273466562865759
1.8962419834068658,9.242085392420607,4.680527615600005,16.49805129110356,9.726762842316301,9.856280184087304
0.6213373014525543,4.112076933163829,2.2297012294976595,10.236734404303403,-0.0031706551009029085,2.057960538204304
0.6769094539133235,1.4273123078526524,1.0261709676261206,2.360629628386251,-0.30628666290671624,2.150921079887358
0.6502720323331939,11.70173073826712,5.580690666271492,7.544238599928286,14.225988714938335,12.41934948470556
2.2202314098947675,3.1454953168095785,1.8484889607047412,-0.8690402965640248,-1.6613911648614164,-1.8504327394514275
-0.08072039336396411,3.351838860139539,2.1790146636982657,1.9698248897253603,5.100771124076644,3.002058807754082
1.6130414496782628,-0.888394557481936,-0.3661087478639303,-0.1989025307414922,0.8753090596495021,-0.35303457117391157
6.397453569604045,0.36679031444473387,0.2997655549529844,-0.0011014380289825932,9.360282599216758,0.5164655647108861
2.1605817886412266,-0.2513462297159661,-0.02956086975616228,-1.9136197148632008,5.4413360800253345,0.4425612959127435
2.4391556016247296,-0.7426479432410366,-0.2976568474648854,-2.17055372384048,4.395534170708,-0.013369803326622765
4.04042717375354,3.2018866747476946,2.1237161067369086,2.6576062058160286,10.491510871288957,3.5359166754988305
-0.4129423241996973,-1.3169575000230136,-0.598540386579756,-0.12051439865163767,-1.5873887106260418,-0.03552173353078523
5.051038382877595,11.292349422155596,5.752273361950904,6.299425647794078,18.31735501536781,2.2747520999707036
-0.5214290332365016,-0.6868459295492723,-0.2698547335727692,4.5691724626270505,-1.489742993373866,5.08000262875807
-0.5555283434199882,3.008011915234514,2.376016129704312,5.113054168562695,-0.8654013297807126,6.80531941995526
0.28443653947284014,4.566681258442219,2.2457780800362475,7.810080235034789,2.3377475820978257,7.399289059204186
-0.17095435620237415,1.155262828047951,0.9356473159094871,-1.04616538669352,-0.7277567772878902,2.9738311837631715
13.402147699930623,11.953415397820718,5.818812839192411,13.898782927705996,38.43300547311741,5.312547708721384
0.7556008584759898,-0.911351905170468,-0.4169068814891628,-0.09624264430188473,-1.0006214649002467,-0.627444098206285
-0.16691799672775565,-0.06128568931454917,0.18261100767657068,-0.5644750203676575,8.950764047284073,10.956622350868331
0.722824693166905,3.222332639016234,1.7241496145826187,-0.0593557183089573,-0.5015765619174544,-0.362536240140004
3.8018880503987145,3.3967791037222903,1.4792455438101406,3.6027572913034662,18.604792706158037,7.419698360756038
1.3007396133523397,-0.12876246717011555,0.016562838867878904,-0.11670094170627983,2.3840394361091066,0.03184443712749363
3.259970628043508,1.6129685056563248,0.6277592783865118,1.0845292160800648,7.610686226294661,3.8352606324309564
-0.713505438082934,-0.13648041121027357,-0.05205862220721853,4.5458422062841,-2.0857488284803845,-0.4058656086960346
1.8591765806174556,0.8478426133473336,0.7306601493157969,2.0088766676847785,-0.38177987121583623,-0.5340352442575776
-1.2639434960816462,6.040869020631252,2.7067654324525394,7.024766077078697,-0.5972461613413903,1.0755780912294979
-1.123551262414573,1.4120646433345045,1.0801485444414178,2.8146682157185783,-1.9768443201983061,1.7895646495193989
0.6086816273679746,4.831463661528616,2.7627229042468495,1.3066908774599213,5.214393200157372,2.362100864630241
4.040414035162851,3.655100469334147,1.6909797300243496,6.454127225738642,1.3973451986990497,-0.306337818532586
-0.9941472632304056,-0.868286819176951,-0.3648070366196312,-0.8087451542527901,-2.189919775731983,1.1468132850693247
3.6700918475478623,10.649904671225123,5.3735329263714835,10.413816732378638,17.841678338791763,4.500704901737216
0.7935940579340477,4.842012538738848,2.2805201676127504,-0.4373183299309995,18.95916237811579,9.610037532620705
-0.4286202373918913,-0.3303446892798365,-0.059481348232938935,-1.1825799810799114,-0.6919578597531295,-0.2221489206199662
8.107563471173952,6.866469027285751,3.2094773650399526,-1.0062115006142152,24.20155464964255,4.285337646339616
-1.1122249962753323,0.8776433877581282,0.8165208544927075,1.1012294039176682,-2.058299421936862,1.6299145354222517
0.12128511250419893,-0.5388777457999416,-0.2161578010998924,-0.3890580600710515,-0.11730154749464193,-0.25252794938689244
-0.013610480515101343,2.1549478163703353,1.3300052284419874,3.1005966462356103,-0.03183977130077949,1.1651148910185105
1.3845846232936079,11.177168922397176,5.323004420817645,13.669922802844345,9.226194050558869,6.472896119550042
5.5112730605621465,-0.19440697517891187,-0.0477754511819831,-0.07487117745745811,18.001907305251574,6.780069389303581
-0.5308670058014914,9.46042229222407,4.80717570961191,4.453733076112512,-1.3829818198753596,-0.37086611272510256
0.5317739283262304,3.0953888913836014,1.6343347821257501,-0.059919524727565725,16.52750380211659,5.395652625446866
-1.6432516448285552,-0.7731612316643797,-0.282303571156004,-0.41135590275266853,-3.220189755177296,1.183652325186817
11.451192390787071,2.596765273280366,1.4082253427542577,0.3895633346511343,27.557993597607215,3.0071459560888725
0.05361421655182497,-1.2434683608777528,-0.5229524126404024,-0.7961800303905897,-1.0992045655825897,-1.3931145279594876
2.363111029581579,-1.2316502298886594,-0.5336114102041652,-1.7454651167880826,-0.5650459552619425,-0.6976927514948698
1.7617913610598994,-0.49118912445561824,-0.14266287297987432,5.600996711702802,1.7134916064943901,2.3659361251017925
2.599762781143836,6.123753035479754,2.9618875567641516,2.2922791711575217,9.732670718068116,5.394965013808543
0.8287883073005932,-0.06775255700304242,0.06412472358114674,5.240005208133091,-3.1317723348379127,-0.48959194102478637
5.835808909416879,0.2482525083708546,0.17646068114028657,1.8573928115022034,-0.39081344635977244,1.8986243585129496
9.319226068114626,-0.7400173232785908,-0.2393157778139559,-0.41458102271495356,13.21151252819196,-0.7599615167648999
0.5201743139926664,-0.1927859358961827,-0.05092483343311627,-0.5033815464172413,-1.1420166489504746,-0.9867197563421549
-0.5197450482393994,1.3154931593053771,0.651585888923933,0.07889774468817023,-0.9033890215444496,2.9855725592036935
-1.0865568678388375,3.2121734255487797,1.7169629144209555,10.309633298094976,-2.8635469260957382,0.3250601511916747
1.5724830079459355,-0.1908172394814561,-0.027531831258943408,-1.1324799739837774,-0.4884102350307763,-1.1796923738471345
5.363832414544903,1.073006928629477,0.5326032417178745,-1.0302568483116674,14.447911306013307,1.1110102230196612
-0.9576637677875589,-0.21988441661215427,-0.07840597103887473,-0.8436650248631281,-1.5023870218557813,4.819085036736128
-1.1245422987907105,-0.2746337873091584,0.023661039886100133,-0.897888272317047,-1.6838655828176063,0.33206970911905825
11.793514629139192,6.898731476571293,3.480763070834764,3.9406191192216733,27.5715386406018,0.437751611789473
0.5980109637513833,0.27459811730114186,0.7736257665684403,-0.8636819276329537,0.9917833706358448,-0.5353358968099896
3.387057454806021,6.536702206384959,3.4813823447698202,1.1851786331225531,13.061437455942663,5.472059917882895
1.2476438537160932,2.80903141158773,1.8202747462952231,3.727366354062359,-0.0031333814061800247,2.180239310769841
5.633737294355724,3.148462335428011,2.434512022677651,2.831223136699289,9.45469259105002,1.1041001733327964
7.636183093492853,4.316159174159143,2.4144960415310313,8.968547888334035,14.838070470103636,3.2148945907809887
-1.5873024995632727,-0.26573496394045676,-0.09590778204079525,-0.6932605750748801,-3.228030912278599,-0.14457942590587575
2.1229764798764346,8.944905851430004,4.771756368768819,2.293791240493133,5.712308598410336,1.2008125764217537
0.39601098559154513,-0.49452133057445646,-0.21425728331628463,0.9667589748890772,-1.008157030494338,-1.0414610908052186
-0.4913809096542583,0.4810226163403464,0.6505205014154124,-0.0883649573487697,-0.38225258736146145,1.7191249046020132
-1.654700474595294,-0.4741283054892675,-0.1371803713914697,-0.8533157559320688,-3.349755953189837,2.2019394481755956
1.6406820910590043,-0.6534874318638106,-0.1469412491856128,-0.2854703607358369,0.12937496429870077,0.5579893547067191
-0.7729435626511645,3.201252302925468,1.7338945222913642,3.1896042426423543,15.289592457252589,19.7134630407014
4.501311771807626,13.42607852131257,6.552404126112141,6.438458741788732,37.20744643281826,18.881731197477755
0.6896979190683056,-0.05002487769667936,0.0726413408275296,-0.7535334122615196,7.208323910070462,0.056423488108985564
0.1989775345778504,-0.038230598481797995,0.3328709490799551,-0.5098496137267453,2.0895704276603535,4.771263326660004
-0.5065000960991283,10.426646952428442,5.174912364176581,2.044872854701426,14.396462577541696,8.4033207520818
0.2597331084621245,6.993702192658332,3.90621857390188,1.7191746517200786,6.592159842956411,-0.0907492789272967
-1.023942487556502,1.2565350061128346,0.7634979324430806,7.487547295020591,-0.2710314748303153,10.493748315925012
2.8933794863273725,1.1930647063994555,0.09688603988918904,3.6320460416223472,7.9997211209358,5.792239115967149
2.227780323286429,-0.30011134920073856,-0.15285102156803465,-1.7026922761533212,0.6417891083469622,-0.15528567626829592
-0.20911080841052707,-0.4513593541888888,-0.17031583396692357,-0.9580194377939094,3.7965864437146104,4.814481708117248
12.133410865012538,1.6393143658516967,1.2070988210371234,1.098077169398062,15.625908167238798,-1.2369030142817066
2.618688359730318,1.8573790940853119,1.3084585677519844,-0.010409116741491586,4.047512592379463,1.7692811507138622
-0.15868723786467395,1.4598444243089768,1.0589550946830637,4.67898886819098,2.632285120939779,6.1150293194812395
7.6839771129222045,2.8839835087020695,1.7480440667525756,4.46984513056367,16.56326851477682,4.1922530655977
3.700003119283301,14.188454663244935,7.035209409729039,16.00525954504866,24.738416352496504,7.92146878762543
0.5393714729026243,1.9133591781194088,1.1554020357459702,-0.23435697230867614,3.7953889426024605,3.7861330665811
-0.7585906223238139,6.625290440334593,3.4440125426379917,3.566926028999326,-3.1025768152484563,-0.7177776091935167
0.951488464605197,-3.1937109107278436,-1.4711801856781452,-0.7380368270894497,-4.033662341458894,-0.9396176908990589
6.331738519504418,-1.2707635395749532,-0.5374888140621797,-2.0420015469408987,6.519456018904871,-0.5115828429330017
-0.6942155817890026,1.1890319721604947,1.4065247947403563,4.088484288702717,-0.7201294883541872,2.552592142554066
11.294681341259315,2.767724335244075,1.1692508246420883,0.3888338192374524,21.408299268722043,6.039936600771244
-0.5249325032611589,-0.5045868520708957,-0.26450588279185155,-2.347320881885801,0.741018280508154,2.2794262373149063
1.5868862399193295,2.6542158979402632,1.7483339910612337,5.231294465068127,-1.1777157951834551,-0.812490362742452
0.9199682211358433,9.982047224559272,5.0006435055589,10.240517419987105,2.42554173060224,-0.020724304251258263
-0.04643459198449247,1.1358199118041534,0.9542495300729368,3.7836039215322987,3.62976285265919,3.7997697153659145
-0.6319213072852616,0.26161746306440553,-0.02549552185981583,0.8189577567331868,-0.469180796304964,2.6993106017840116
-0.8126020054444943,-0.6846632312933258,-0.27846106525532555,-0.11138426485738528,-3.675589110197338,-1.448392082117203
-1.4999044590555606,18.30174077392851,9.640548204797073,11.158406487725681,16.97843094077962,16.498331621289555
-0.07422875301323457,-1.6237106822080294,-0.7066699783102127,-1.4081455769630757,-1.9646624277736588,-0.8905573735460556
-0.7765518553411962,-0.48140640203318474,-0.18583603186641628,0.5190041678799193,-2.3317493733896133,-0.45065468179966967
-0.5724315077186715,-1.3786280661687587,-0.6038602546374278,-0.5937683528867158,-2.9516102140006435,-0.7067625074533906
-0.47046359395463694,-0.34914621289176995,-0.10340188845552621,-0.8623347835363786,-0.9191789214659342,-0.1072309085119926
12.463081890725997,1.774006436708281,1.118810353830682,-1.26752173102766,25.24503031780163,-0.437537978440721
1.5966533053587624,2.2046338855704173,1.2670267333515959,-0.32311910565302754,-0.6270187334843559,-0.7000488903731803
-0.5083772903024464,-0.3957164242172315,-0.10285137508693293,1.6639048874142817,-1.9585163408343105,3.5644210290395186
0.5584541790979265,1.0694506527049263,1.3094926593983516,-0.06647640582923042,2.929239166813053,2.0658693035534035
-0.0022590911225684796,-0.24987226364550041,-0.03758569402571774,1.990352094133349,-0.6829550256873129,0.9342701744977929
-1.1834351938482361,0.29971186444729186,0.11892588545912985,2.3161173978969174,-4.253506521556754,-0.8543159193469821
-0.08720432969190815,0.9963722650654774,1.0273062206165986,1.49578462715921,-0.975617968730137,-0.29826036680444934
7.142059986397424,2.774591542136361,1.7762701956709552,-0.13559042623672554,18.60161130469971,2.4224751434173375
1.4359962337330268,-0.08123851626062727,-0.014755166302379587,-1.1386105496938987,2.590960118103912,-0.6843825294215501
-0.12090059480902343,7.067806068254882,3.5663383118187157,3.2616840635936217,2.674474702632537,0.8212615596175843
0.6240003496548362,1.6524360743913404,0.9893971764316113,2.6373260041047617,1.6194832605318532,2.085912012028784
3.79467354171737,-0.5182444836962683,-0.20374862075472489,-0.05783826514763249,-0.8037969608226743,-0.7043103738785087
2.4661682282062194,-1.431433106761128,-0.6080034145757126,-1.9061512986056912,-0.9570488261762846,-0.9573381610340136
-0.7836381966201021,5.088860094621855,2.510157977888813,2.540586714263589,7.779109176973236,14.504975712570099
-0.5315688545436158,1.4449236790840034,0.9775391374175937,6.534182327628612,3.7498624537309095,5.821639825856568
-0.08359472435056255,-1.7070098082109315,-0.7459058545524286,-0.6236353189963424,-1.5377924280155286,2.38992318526033
-1.0765655072876508,3.004798200567721,1.7711472957230845,4.193931362781457,-2.5236949208515034,-0.30498969278919863
0.6535543705103397,1.3562713724264501,1.0638459543710428,-0.729286148033973,6.028390967232687,-0.3856572632381081
3.322346424061137,4.816443872511779,2.784298525245972,4.6506608619401435,4.269234754980316,-0.46845945599411415
-1.1018691507601592,0.5560871226572004,0.5205442128516028,-0.2281737965005189,-1.4244025502456077,4.296136188681029
6.369633467044513,-0.06935190857947818,0.17538689170991134,2.947234586150607,-0.15261651887237968,-1.240967236646532
1.9282025944648313,0.3180448546051661,0.7159708167688117,0.2136722555908157,5.172399600409345,0.009698121840187035
3.3029481775393554,10.053016909904823,5.373826752471316,19.908157339147056,7.376484148448623,9.540665441309722
-0.30505067728448826,6.964748705036763,3.744717365328349,8.841949875587849,17.80572033566754,16.975759611669133
1.9303802090123863,0.13404913197139795,-0.03165639657450894,-0.9774861180275952,3.2942507198233972,0.10087438260266812
2.1887463210008136,2.0421963344946543,1.410729648139249,2.324928271804236,7.070370304914737,2.839277398352733
6.137741612496096,1.721953809198311,0.9456794349819493,6.607718412194042,13.64506151826857,5.238607298751932
19.467831408242812,4.622702721808192,2.6806076621082418,2.678666486618687,42.23397500331901,4.348673871430542
1.6381562926201592,-1.0844725281793972,-0.4485438463927371,-0.4021946846345772,-1.6356953117032078,-1.333207449517496
-2.7664765936270745,-2.0884350606936684,-0.9401519779303769,1.0243242502026866,-7.388272177672526,-0.9149154448140333
4.498047371339854,10.353035084485139,5.260426520691146,13.74630839888012,14.841934026685891,7.515002329277495
3.5060898713161084,-0.4224235424963856,-0.16429048773238947,-1.371563414414886,6.283420613653219,1.089854987588955
8.627950285823372,4.9788505138863455,2.709173550001319,6.801616918623037,23.958300116307708,10.564028102016252
-0.0833863350113877,-1.204319584276505,-0.5056900771646422,0.5413085345996599,-2.6520729692164906,-0.31690195105098506
-1.215492147538566,-0.2950662156772575,-0.0133495114347175,0.49727026655492274,-2.6178616159172665,-0.3144190358083987
4.373151351641261,-0.06420575293476301,0.20738034692955304,-0.11017755748049095,9.347227998684703,1.8570814963873776
-0.9557885538970752,2.9755218202599143,1.611115014129122,6.698814318436359,-3.462708723991408,-1.185513821644034
-0.9463108800605543,-0.5395763912037377,-0.24870191178385861,-1.349574654590883,-2.132234730988761,2.666693681379828
-0.2795474472558342,2.3353498804799004,1.391971961106068,-0.135032320145976,-0.9637335900004212,-0.34666568179781787
0.26840029610292443,-0.5017110190512869,-0.16746082847978838,0.6444691465361904,-0.4780897080116045,0.12854940369654022
-0.12105619888794479,14.637603070152295,7.34407650184281,7.213986425442956,14.092527492431884,5.986631539846758
2.392850552683115,2.8797570729479247,1.5160655430461558,0.05953953145312141,0.6916050637204119,1.4666893074978478
0.6881201104270143,-0.3171427959096147,-0.09213985280728215,-0.987653544560401,-0.24261053507420505,-0.9112991131091406
3.6119405989070463,6.556346232513708,3.596026724750264,9.361878685817901,10.812915779340054,6.919419605051811
-0.16848843247228307,3.1966780968595243,1.7531837686665406,4.7151729814253,2.3069268784348074,2.495189907774357
-1.6918778881195822,-0.24477194235028438,-0.06536916243860773,3.979250612528479,-4.346026181520389,0.005571960080984595
2.17062598945535,1.3673460513091014,1.0116237531174763,-0.33210738209368995,2.9893069077410748,1.9668410387944482
4.860265746081454,-0.8522777818381864,-0.3568841808433127,-1.4762495685958885,-0.648223614414007,-1.7783888572619402
-1.1705596496408446,-0.612626543779646,-0.24472637198541666,0.006512057221623291,-4.549938832093295,-0.6941225690532464
0.4404092763898511,2.8662772989505587,1.439008644075559,2.8934125244481566,7.6240782351204075,10.193750682666012
3.1156611583032854,-1.109546550107995,-0.41150427201732076,1.105538237615119,-0.587297683204534,-0.47246765766020327
-0.8212774428797882,-0.27001455145871794,-0.0828349953054953,-0.979419370878477,-1.7572850304242023,-0.6350433530994537
-0.1376518702338323,2.686070460266858,1.2383738968820115,0.49849269494331144,8.211244161749276,5.9944783425102575
0.5625601123614816,4.606234099224666,2.7456539062763077,6.377075044210092,-0.4669771401825368,0.10646135654755495
3.599828457113161,-1.1772453947505783,-0.46490902887813573,-0.3343963884571499,1.1187288969802351,3.563205723680473
3.2540702374663724,8.669872176173802,4.24981518979886,8.07284722469616,15.809055287912273,2.250536632365674
-0.2592596543702833,-0.8135239911483176,-0.3160086117650252,-0.6295520140504602,-2.485593852170588,-0.5098531034875879
-1.4698771464447242,-1.1057453398504848,-0.4107260748302163,3.1710335676373678,-2.891334591567389,2.370564066682034
0.3174757040066076,-0.08599051361165555,-0.21026526554669314,-0.36869336998387775,1.8832133196789598,0.019624893839777502
3.276405112160825,1.3639771555280704,0.985488502246913,0.730123830822913,13.387579458150693,3.5129401191241207
-1.570443601701977,-0.6387399683553779,-0.3021864271542214,0.2318134869191837,-4.435104505746233,0.9693617305701943
2.367198793641628,1.4302558837584316,1.4417593605161563,-0.3864507543795042,10.633357682303172,1.7039012075243076
1.3991165191036226,4.312952692967527,2.864943215195364,5.792101867827614,6.9957165868234545,3.5501533762727515
-1.3736116381942851,-0.44025416694755526,-0.16759397078338975,-1.0089077157545778,-2.464462411573198,1.8157426906752476
3.6538250937103287,2.757958971438227,1.8331951119811094,-0.5974169626294804,15.403306962070976,2.9458289203998724
-0.4428638301968432,-0.4559959308825774,-0.18178283478528254,-1.9524676114952766,2.3885559463928505,-0.3787871755711414
0.8784435276727318,3.4761251075095254,1.8793506639116275,2.3202643788189947,-0.6161948839667208,-0.9304495727984824
4.738550788174799,5.050403362172589,2.765518134796856,5.656376312323111,17.15531644098556,6.225300238152867
5.704029271583864,4.643886207099765,2.044205778714597,-0.7515817743488414,11.677167732130384,-0.13801029662816755
-0.4325309891858178,2.181580398852433,1.0593525654297316,-0.19433742923300487,-1.98989378413677,-1.1114229379233074
-0.05121696567863317,-1.332994793637122,-0.6010252920569716,-0.0769517552366795,-3.031777374920006,-1.0242255016800232
2.5687161418479887,10.551560514145372,5.4165879031807,13.686640326250098,3.412075282634618,8.389103974378521
0.9542419647247443,3.1804579881799766,1.8693661270087145,5.981405594706377,11.273416078790165,2.376498062794277
-0.45690910870088147,2.8230921896226806,1.5995071077477687,1.893739249276003,3.118345096615503,3.202177864304125
2.128787153379055,5.197930421685063,2.6737434184015907,-0.05860162883261082,14.830501523630797,8.17861051621336
-0.5003173375503664,0.4321335204131942,0.6239142831883344,2.071255461117995,-0.2783680873729555,-0.010521374631799363
4.853169362696594,-0.6986969356252556,-0.27355691791097797,-0.22621651863821463,1.266856089675212,-1.126963781961649
-0.06963970907792053,8.472186099218561,4.337486372197065,-0.3677736588628958,12.821184940539862,3.5354512059770196
1.0785529785351837,2.352049636105693,1.6039194021302248,4.137621782452564,5.299360268107107,6.785596080984786
-0.25984064249718597,3.4383726063429494,1.8971640044751155,5.083495837950697,4.496761863933968,4.4971263535540125
-0.11319456421476813,8.614054840547357,4.4981076105455955,8.198462310666084,3.855293131271442,5.8317958004557715
-1.2456461576846405,-0.7168424044727866,-0.27087969372432324,2.344565623823207,-3.6748756139472194,-0.30818964099266616
-0.28907405747589787,-1.1109990862519428,-0.5141208754751982,0.10674123289449444,-3.2395973416640182,-1.8614702868595363
2.5180845548778157,5.777398620184982,3.612402893885653,7.803991819838631,-0.721325508493062,-0.16535403694758047
2.4904770723641514,-0.5213008965277254,-0.19557527228243288,0.1682895138984989,-1.1298862618901928,-0.22414280206936238
0.6945089364973063,0.6038587869387404,0.5167075295260842,0.9258089935598955,5.1600079588043855,4.883222845260465
3.258295040800121,-0.04988430313091168,0.19858237983281773,-0.7737279253435073,3.3785138612715735,-0.259132292824629
1.971392117809449,-0.4943534700836928,-0.03044619195894236,-1.8228739242203682,-0.20010687157435197,-0.5482151107179135
-1.1769787673045717,-0.7101601542787177,-0.31543926092139424,-0.5650405036829528,-3.7158375209540524,-0.6728134357243386
0.8005514805430756,-0.6237062674716857,-0.35326006978827496,-1.1484320113853108,5.541328679225834,6.405946041727677
-0.9750034203776718,-0.9590172230399722,-0.5154019150641126,-0.635728444969265,-1.7608531841961466,1.2910085889780083
-0.7928282327613458,-0.22521302746811697,-0.07387053456972861,-0.9844063379493261,-2.3023624709918606,-0.24172661423097874
0.894588368439185,-0.012018636865467093,0.32832139592905235,-0.8352137235835926,1.323077535270453,-0.44626807747585495
2.38646486264415,0.6127817126808037,-0.052723687075148545,0.4432879943330485,16.66865587019607,4.574220106800321
-1.2166854620974445,-0.047880055058294825,0.38039713867354297,0.5829738674577456,-3.6274663066444868,-0.6383045343622316
-1.15522535041107,-1.3404146806449542,-0.5644450424847096,-1.588712168153351,-3.3601918056666706,-0.7826125673391826
2.8389385670898557,2.0462139806147035,1.0646425807112214,0.504431759041204,15.856213342574351,7.367973362821871
1.242122551816179,-0.47147011637061126,-0.2140642516061645,-1.2065705279983312,-0.5405747711907634,-0.6327487831664618
-0.529159044706675,-0.9317233201781454,-0.38908797522461325,-0.1784317307030217,-1.3491075982027185,-0.03507219975214637
-1.356952636891763,-0.04289624242373318,0.34043560323718736,-0.091986869269466,-2.675041062785906,0.4754749432077571
3.40195538199523,3.5173630180894198,1.8972823961032184,4.658426619618427,12.242494327678987,3.7419003975059946
0.8346612337607245,-0.5950360461869021,-0.20489068081956635,-1.3044752332184197,-0.4441345342547889,-1.5453979829303819
0.9317109518407645,-0.7472469883388108,-0.23392221208439837,0.7893623355713365,-0.8774120604342411,-0.6356458308433791
5.077361977048613,-1.129967174811382,-0.4956589139172529,2.1926073864432114,4.020106372313477,-0.1480728403103626
1.4152429569476346,-2.1633303330122415,-1.046011275245294,-0.4598256379414705,-2.299758151499585,-0.7153079211730738
11.5718203693907,-0.9622754773182248,-0.4343306653693028,-1.3174294129080926,14.336068244877582,-0.45128257060013355
-1.112820847694867,-0.04600099979637354,0.2732617485581023,5.269855487516877,-2.983656525435593,-0.4615714295533515
0.07500660987441388,-0.7567713986802992,-0.30269841675936004,-1.0622093797631402,-0.9879503133925077,-0.41263796422601456
-1.3830042436036294,4.92377197381547,2.6990296350802687,1.8615824710662419,-1.2804852298041625,5.426009228597924
0.6110533390639287,1.6876962602774452,1.0528983029860373,-0.14760596754615293,2.0305661511238666,-0.03426021366497372
0.25195184644089863,1.4791598039337315,1.0045205707004836,0.3303177452812657,1.3619925348284052,0.7814114283778593
2.1952323067375126,-0.18910350115537633,-0.03582111448989669,-0.8964096271743739,8.996297386628115,2.261926999859538
7.7548022818838005,2.7832153182410506,1.4573579250077109,5.70499292645618,15.762353925991748,2.394245588471465
6.056415698434253,4.662140245725966,2.823636532440089,5.030215041288944,18.756496876684924,5.523977887487676
4.609733708508395,2.406239918019309,1.5958986030439668,5.440710872924845,13.202668299030886,5.276406582691808
-0.13503772924493923,-0.3354588830677272,0.15743115361898458,-0.3739439426133797,-1.3381262237920672,-0.06237999302414337
1.307953763471913,-0.0588132724799193,0.28130853252584986,4.637771889240751,-0.5352843601991087,0.32655030831940035
-3.8003015731617453,-0.7886931660645992,-0.40860585734718535,0.22489327475961374,-7.03169694319913,2.4505208495050885
16.38395641492102,1.9138034526514267,1.278990425160092,3.5540787415785244,27.124778015494687,0.4491270182627018
4.679913151863037,9.14447077308738,4.863786963942764,8.589582681609638,17.777470772472885,7.535800316848585
-1.6422432846602346,-0.6501331791783646,-0.21355636241853473,-0.6503776100163521,-4.674324300399366,-0.5275223784836331
4.772628877651125,3.4171503220953685,1.8854557902666176,2.215110451797681,17.14819762922948,10.330146370035921
0.24974908476396773,0.4410841005450689,0.5811002404872265,1.5040441954321118,1.7266936607059917,2.712241405940028
-0.453585150643216,5.597155824102987,2.746157259260546,5.419203165950275,3.984242434785516,5.320739369139926
2.25761860684603,0.7174756394513007,0.8637728265519744,-0.2506448852950906,7.206131960306969,2.1496742355407426
0.40469947192772554,2.383054476431153,1.2962520718236865,3.8291610633997673,5.243692334965545,7.9068953211514
8.218501321052798,3.6358165845346093,2.1380300584059144,2.866866925669438,28.761763738757022,8.721145987334785
1.0011603964937317,-0.7768148499120867,-0.349812410505575,3.506816456481026,-2.2997188402622974,-1.4552392940124512
1.5436822202670881,1.1250189799880155,0.783023636522799,6.206644136143187,2.1572462842479276,8.007892426853523
-0.2468784766667672,-0.594858148177505,-0.13328788933189603,-0.9157348402858588,2.0942725012466203,0.6352222256587271
5.044385014477214,-0.06274282836539556,-0.10271679392301288,-0.025828403257934764,3.9993572489339124,1.555545783479724
-0.12496301901300795,0.6654726926516743,0.6530303457033454,3.4421482004554287,1.1823852511017563,0.4811222866845181
2.9839382593694133,6.513903742144903,3.557136953450948,-0.684174571346746,2.8666254796817707,-0.027473873318153166
-0.19378224330346888,4.724230290348436,2.5370762006160223,0.650285227003132,1.0906787594412533,2.130947644778354
-1.288388714838038,-2.1946317170232335,-0.9790513908535683,-1.4988071819734368,-5.337172711295047,-1.5712654724593054
-0.5602144601113432,0.1630360358699775,0.6542376403582217,7.654546667739957,-0.9765297560666115,0.3744485218454561
-2.214664578115942,2.1402223584958553,1.3850194773529578,-0.5381656292856339,-4.409491030750463,-0.5948594216418839
-0.17448064820797493,0.7173913830072618,0.584463067318529,0.05272542630205401,-0.858564500940477,-0.027323192710813828
1.1504096869521323,2.638068736832256,1.7201791518708935,2.0290903081613685,0.316184815696971,0.13038165762088405
8.32754034603761,11.651453444009851,5.78550735284353,10.243097202363,5.719333250446639,-1.296533341643947
2.0505697337235027,5.505398194830965,2.878473406064139,7.106289355183207,5.022127217309984,3.415488908872515
-1.7256718729769274,-0.6325824216960023,-0.2321894634297589,-1.622688052613706,-4.9421907460433765,-1.862830839877999
-0.3511624774270249,6.350741372345176,3.23226734955764,1.8456931735487698,3.834769833054368,-0.11290621872582639
-0.04326937985523243,10.967079999874096,5.564121530093024,21.1362166969157,6.9493349765041765,8.95566259319774
4.5969486218477495,2.842368594970575,1.5492293698390809,10.263960437648814,22.34554460062451,8.869397573553131
0.8416063599750846,0.8782900489301744,1.1251822981967592,-0.4219709297133951,4.103752439097501,0.07052164446960485
-1.898157983044136,3.58777273417021,2.0360253909371746,4.545772193859907,-3.333602400541329,2.5263322592236266
2.556806405345208,3.835421143974348,2.2498180277256896,1.881980025129338,6.43431277568932,3.113008859446957
0.3862311565362531,2.2744397670184644,1.3722393128331971,0.3225136392202638,-0.19194334335861685,1.1101174470564663
-0.29377588785869907,-0.0804627156778885,0.13053162071242758,-0.0019890432078078168,-0.745414185095786,0.3872061469671718
1.9185726046959604,-0.8281076654350876,-0.3159009378271792,-0.9915975468081584,2.8564712712431133,2.795121000503727
0.9622813988408975,-1.5500585086554481,-0.6603995752747228,-0.08257606477402134,-2.066429247120522,-0.5624890423662697
9.076964510833966,-0.1250018872063271,0.18066674158918655,-1.227116723061879,13.95434833063767,-0.1705703615184273
0.7866904420378078,2.012204466317644,1.3453484886389675,-0.07859198262377749,-0.45743235935011034,-0.7667714872193163
0.5469860957304948,3.554837671270616,1.9427242200946726,-0.07083263041372422,-0.4895227022064889,-0.35473674688791446
1.586402036725377,0.8053067700507806,1.1067748082133804,-0.1550985760996727,11.808557186772035,4.337035946028175
4.98632053496222,2.791820701190961,2.612861481761432,1.432902249415151,9.123651543249132,0.7918948767199059
8.67423663032941,1.806853065175333,1.0159574114650007,-2.050028026522068,20.198414746958782,-0.25729878114158605
-0.030783681358597548,6.217089414053263,3.3220836136576932,-0.06954014841240018,3.973887878775258,3.1607636389980254
8.42252915747015,6.470207980252329,3.5145786496405984,0.7344956709034423,17.94787312544754,3.966987246397321
2.530253419506716,2.4367064828271143,1.5296994524545489,8.97486298110531,10.96833853847164,3.7773055369055104
-0.8307020727763647,1.5777127001024733,1.0642705312211662,1.023810226585976,-0.8168270685825597,2.715583194202937
-0.39937953475964816,-0.4081147522109014,-0.14950987654620512,-0.14304872376777347,-1.521820998324574,-0.7036351346679098
0.45513858635283927,2.173113958049639,1.5362141722932794,3.868955080276189,5.873345845113276,4.956009455783166
1.2319069226680441,-0.4809687836414347,-0.13377834998284552,-0.004663936456023122,0.1357436030579594,1.3177590849002565
-0.6751117635886281,-0.4467685166779547,-0.12421770103787742,0.43828500058590497,-0.5087471542099724,3.658330916998999
-1.871403250178587,-0.37762061755977866,-0.0976915356703238,-0.21991658294999517,-4.050933434022959,0.1746045260179172
-0.9823475580210834,1.655300148759261,1.1376362196726277,-1.385732602158761,-1.4353598068288815,-0.012377577749398029
-0.48557622784907156,-0.6555111079518304,-0.23583069617071756,-0.5455065017195718,-1.9131927295325668,-0.0800459727175824
-0.0828382384977,-0.7424738776730148,-0.31671747635633524,-0.6849895666334249,0.5486699961703807,2.4519329001698544
0.434637386965857,5.338046477751579,2.94095244044613,14.41737841247063,30.7474309886583,30.8570800553381
-1.3589785746785858,2.22727449135701,2.1612007973954555,8.037510308062933,4.741973498207343,14.595914571080923
3.483264945320049,3.8317938276181613,1.8065234516933788,4.338721821245254,6.200282237376341,3.4071897274944503
-4.238892594469735,-1.733688037503129,-0.7999521957939355,-0.9985982379250418,-10.948251583681582,-2.0596823503408053
5.513786581187271,-0.3411910795980245,-0.135348754278511,0.6721591925721302,9.551886300123352,2.2012872547231286
-0.9704754610328638,-0.22813455145421033,0.11979818344769588,5.268110596236789,-3.0919378464597735,-0.6279791901268003
9.5788099663552,0.9603796358661851,0.7938479804875113,-0.8476392103046886,17.56400126986183,-0.4641682820457234
2.007244100960072,-0.5808305250536577,-0.1697268645389427,-2.181890638102538,-3.7093817549166284,-3.925366019406124
2.0199004351179903,1.812139048249934,1.19307338087898,-1.0310424467078187,8.72940987221527,3.711147944724954
-0.6569262419882111,-1.1668986944114599,-0.4838208255495151,-0.029082217564065174,-2.0296081040270226,3.0602770158211694
0.3538808110219501,-0.08624386901575186,0.41363408522258066,4.647998515404464,-1.145568773922575,-0.5769380551034617
-0.3402972499856236,4.914778780565289,2.293649003865979,10.699094562238892,-1.4878841730208032,3.2076969722284607
5.87388840719647,6.313098811984485,3.325232731023759,3.819517394666157,15.149224996768295,4.497751751598137
-0.2731921466758792,4.62565239655437,2.3948717061182747,2.3433710174773443,2.845133091294353,3.720214071891485
11.009437348502725,0.9204627606905396,1.196197397933234,5.73126564694379,15.490122297780006,-0.019846687057589654
0.45669546547150225,7.056078862157743,3.2214289901767,3.3673067326205084,11.630577230330225,6.53728226813571
5.537526382660765,1.1239136854404261,0.8470755303588573,-0.6638371953906428,7.494911127892155,-0.38547604217114273
-0.37375189385056895,5.614129733485543,2.7358707809998153,5.52035847198366,3.6386254213761378,-0.398762172291276
-0.426977336809123,-1.2572336746003276,-0.5385584593462934,-0.8068238289288729,-3.6488150045686525,-1.567870739764707
7.001310537858511,-0.5252403722711556,-0.1536062653769994,-0.22057562979261106,4.723542284341297,-0.743535519973565
2.5650086086352384,-1.3057080743995773,-0.5985396299148408,-1.1484215450808353,-0.6370207958233602,-0.2432017088926692
-0.6705280727655544,-0.7339080011258852,-0.30437055050301587,-0.15484487123026144,-2.7932096821404118,0.024019284746332414
-0.19580685907548778,-0.6946356178441622,-0.22862329371014778,-0.23099393746633412,-3.1969342601749533,-1.7706650928126526
2.024002564986593,2.1149063320837604,1.27321194028988,0.160674361552666,3.4183751360370906,-0.14874611417250858
-0.5440120753760221,-0.39073500727318256,-0.05331552204654127,-1.212765617983775,-1.0646966259826314,0.32852568770967144
0.42307742011809857,-0.6409128692347406,-0.2019897538122947,-1.1087401561941828,-2.5323353205966126,-2.8754076236208403
0.22050507327500224,9.736755985091479,5.349956482919673,4.929861080274553,3.681668759047086,6.433414343562421
-0.5860992824356143,4.669685591119604,2.2507231605681084,0.23553428981856261,2.265201618191678,3.0549915437201776
8.794936095066857,4.713522026926491,2.309302875301614,0.2554674288047747,16.370219046838194,2.2607208037716537
2.752299460981384,-0.17195019232872333,-0.018846368020110107,8.16231604138057,6.855675536765028,-0.05980333119869039
4.761247785327922,3.012993362317719,1.7281737852004249,1.7248150662998682,7.157136108104823,0.7802610516382199
7.2583153495182025,8.218768539329293,4.3019420251720515,7.726344834447675,18.67466978123538,4.222767529876969
1.5026477285210282,7.001658441038541,3.322632246716897,3.205980174223245,12.18197345592419,9.269328031293528
-1.7335349682311911,-0.7630575075655107,-0.22241289689544078,-0.5386788648967944,-5.0441117119197685,-0.6279209194557567
9.593268957146831,5.0717135033852765,2.7558069299353964,1.37051156535135,23.162464594739838,3.94754570035835
-0.18829831242471662,1.7592732926173413,1.2846472135915692,-0.043602318330929604,2.7579252749495153,5.709760974914503
2.69721986160369,-0.4697478245984109,-0.15575191412143563,-0.5811350290857797,-0.19486571847825596,-0.05034536105639956
4.598779863648805,0.3039296665443936,0.06443779642273217,1.5806331815866965,-0.7876118102159432,-0.15068001654142962
-2.632648803117176,1.815458727638997,0.8288723703566234,4.977364971929897,-4.320774343048978,1.355758780041558
-0.28147251131026135,-1.8006133756695772,-0.7817147240849925,-5.614480948505091,-0.9082796060923072,-1.4712411403185497
1.2255516194461369,4.898367960686711,2.7822162443613316,2.4901871824874435,3.2547719055397826,-0.15521394657401355
0.10295952678002407,1.1582085673534204,1.014444140120624,2.038909944584061,7.703709748034399,5.019357596005481
-0.46099756334055864,1.1214854113331103,0.5142076638257702,4.219876808848279,-0.47954494080541565,0.01601189784031154
3.836244470820473,-0.2752619149849291,-0.07186927566625341,-0.5363030284568743,5.268846142486668,1.1568001529580536
7.240544492375581,2.025031001471455,1.529463909986719,0.6374008854863246,10.185489554730518,1.2366948880712059
2.636654242240671,1.0231872825625898,0.7836621743247613,-1.5717410038454478,14.036154146935834,5.089341055823982
0.44729908414891134,0.4348007626111896,0.4979204900516762,1.855946802027504,2.007072473853311,1.6617455077935377
20.561530715778485,20.346608685141828,9.971420759534563,10.907854045649803,55.955247872508046,8.560930072039032
-0.027118530316272007,2.5707155209377905,1.5808775862648043,6.2064069850721495,-0.1454364909572445,2.6929600261944744
1.5347847230206937,8.77981540300668,4.486401331358282,9.10248533685041,13.636468408759217,6.512870458132783
4.7383928244482725,2.7367150763812744,1.4850846389923213,2.5608021597516872,4.402885653020896,2.770231854997389
10.553159327782227,4.066483100863539,2.184603998203385,7.735522243480895,29.039568331597398,9.267667967208517
3.391333246716017,-1.5812914844172707,-0.6243379621406806,-2.7421106747416126,7.943331860202084,-0.061179907575620175
1.122882140675093,5.548893376727189,3.038288295750923,12.296465499867319,6.113349060994348,4.095236261076587
11.104137864729937,3.828126662251113,2.239694420669043,6.115598478204579,21.894554400984884,3.358490061150107
0.9830207352002721,-1.680339005827145,-0.7030767166468807,-1.8748055082806934,-2.5715991169688017,-1.4396148767059298
-1.2394041339867028,3.993017451480958,2.2295752721135917,3.957582725288593,-2.5278162638760593,1.7535335159457033
1.9869240125431646,8.065831755488901,3.965422834424098,11.058798945506163,4.119321552590807,0.6688252767502161
4.877901062471594,-0.3074877113090233,-0.07553597698132025,-0.7568890129888294,4.832479554344866,-0.16672247830156417
2.77465240906161,-1.2487264627267192,-0.5416757436966401,5.814268853942232,-1.7451952844000662,-0.107463432368837
-0.6074674650929461,0.013690743490079593,0.5110951302956577,-0.8110842198821966,7.386678463421709,11.781691270595852
2.8230245595504453,-0.6506076413254268,-0.3233983356425587,-2.1515031397943805,8.235936024028526,-0.14758427374635374
3.9444116147301598,10.365806887925308,5.045724193147142,12.425227495897255,13.644704670461705,4.110831948146939
1.8586429626657672,1.6691023010614572,1.214976958741844,5.492172899616932,0.5841151134491884,3.4417759303405218
-0.9954634379004599,-0.3006923281569486,-0.07242328335145982,-0.6542090815567392,-1.4707469523121839,-0.9844236230126662
-0.2504277564624208,3.312908182834753,1.7966815499824542,9.539134036128546,-0.7083737245521698,0.3981332454412481
0.9564631007288547,1.905593381958107,1.2998829682348667,4.778673246530175,8.270538209139485,1.588175175097068
2.651195682035457,-0.3152530686550201,-0.0816085770423566,2.7534903712854986,-0.3808065522763593,-0.8654604302466442
0.9822568507275495,7.304266159458624,3.913434308580788,2.967033672498223,4.896584792045341,1.261104052211797
8.512641805017862,6.528517592923252,3.0069384240773576,3.160325686278454,10.384200298204352,-0.8954470574179791
1.792861401510013,-0.048633818515402764,-0.01746127139846987,6.115272165539474,-0.8994999135565943,-0.8143477071481459
-0.020821531014578332,1.002674926224384,0.7854495758427555,-0.5733781261674755,-0.2602504392097553,0.8357902997257414
0.046709011120739885,-0.46341059465937784,-0.15117931154924996,-0.6808751468627053,-1.798439388378219,-0.5012450447457869
-1.072885125577733,2.4607859074082445,1.4680886504207002,11.125876573617653,-3.445084148289229,0.31734671378411183
14.04828201476606,2.767234766121274,1.6710623133220763,4.457416121694056,27.32765951664289,6.545000013559123
0.6190399458361568,1.2764591667505845,0.45707539986606815,0.8960647387833689,3.0587525014765453,2.8974849977998307
-1.5964617953585918,2.1906927905269575,1.4313176785905841,0.7573845358080734,-1.6310560891900696,4.129284234772203
1.8284768057833758,0.20734687153074782,0.4656592881966268,2.865777816908877,4.695107861737869,1.7915198975231776
8.579076894931264,-0.5393588717916973,-0.16787097750230526,-1.362683513032393,10.776329863414933,-0.05836669687060847
-0.647604731351441,-0.8303625264294134,-0.2913465655892011,2.5834365252987723,-3.3552294842820203,-0.40440821270588523
-0.27722695719162355,14.134946330691486,7.1690300102592275,5.72563532503142,22.347086333323894,12.07458505820823
-0.5089732500773979,-0.2744611376986074,-0.020991706401353217,3.3231569819681352,-2.393369206968317,-0.30338071887439044
-0.31563923745764116,2.1945599395750692,0.8881888691003017,9.511655285156065,0.5530629141365218,10.536349210388519
3.4404307583002174,0.5086373723934308,0.8473411920756757,-1.9564409789229498,5.187793119796947,-0.7681998767504977
0.5659451592801772,13.965555320619632,6.945435402536159,2.5845671087275233,17.860463925696013,6.511122232257762
1.5477310784058997,1.0809224862878406,0.8388640120860515,-1.2306929845259615,5.841397457563425,-0.0220467824263227
-0.691022010112815,-0.013959765437440397,0.004784056612572085,1.2813595095008359,-0.7398082966166133,3.2273457985911502
-0.20407097443631442,0.5763573058665169,0.8302468670259602,-0.5131817598369669,8.894408324738066,10.926029240370356
0.4755835258351689,7.066899458777318,3.869874075082788,8.228405423098229,10.748851371463388,3.4264527567375476
-0.9834420035783655,0.8322289511396606,0.6454623137660044,1.7696537368631367,-0.8422699741775962,5.296501664908095
6.960215183775194,7.661012630935993,3.9385792663161734,1.8758551569614248,19.073302844942457,6.880477776676319
1.0685322773098695,3.19082022722038,1.691337302246921,1.709244861540231,4.948000499992718,2.766051654144899
-0.1289966540913252,15.664485656075659,7.563582882591751,12.985227834479895,13.955106968310156,6.646988702070492
-0.2578136997704006,-1.851789169383607,-0.7437662047082692,-0.24503646812703292,-0.9624725826610305,2.6904428201367274
3.3299680378203504,4.148407599923236,2.2006826230572076,-0.43255040539544876,16.225776670642784,7.745542986621584
5.531458686153188,-0.13144699209291308,0.0003964713385395946,-1.2899367484089677,3.6620905367641683,-0.4116661611743208
3.21140963154863,5.888690658435633,3.18421423614199,5.0859820925258905,12.423441023067275,6.585182446212273
2.3182883889877104,8.494698727229824,3.2856535475614517,5.881412175708986,9.32212850221391,1.3994996293039983
15.167316328878858,9.17782248879182,4.775757404085792,5.84911152469578,40.67321292678516,6.842479763952645
15.644103803439162,1.237032481088599,1.0565263868537056,-0.6484837365024942,36.66949259809622,0.7284561544304882
3.1322079494596196,4.108916810791864,2.3930907330312037,0.47581143200365206,13.659024001835036,4.9860758897370525
0.6999555117410429,-0.5520880863392297,-0.14853562325192318,-0.14526790800610928,-1.459431267727779,-0.6024016303123093
1.3644363506768287,5.527005658880825,3.0358751155937806,1.1476340213878822,17.029858532697272,4.096373406910826
-0.03460999107267966,-1.9849807203514125,-0.9233019219695824,-0.9868471409556577,-3.010254815404934,-0.8237080650900412
4.457850750663797,-1.1606378152804824,-0.45806778013062294,6.65484916510867,-0.7596588457678162,-0.7768997325760735
-1.0190449404891626,-0.03206230319545569,0.36868532833609124,0.1632307190488007,-3.6550212411937197,-0.5152249074175751
-0.0864319423841074,-0.6378906332628845,-0.21156455481474828,-0.7309788147463001,-0.3353198059577885,4.64058677264037
-0.6210677264559991,0.09126272065479446,0.27282692013153054,0.5140592615193995,-1.0219436890762974,1.1159672183893854
3.289329695193455,4.277763331063707,1.9358211339754263,2.7343959693187845,11.04194819616962,0.3374204693122233
-1.3555197050820407,-0.5895010973864891,-0.19267861512439857,3.8377771826513234,-4.229540407101316,0.5319880929733221
6.246385329821819,2.6015602405593548,1.7242433944229343,2.6558585823040444,17.075618150620226,0.08521548752792862
2.5298380077997025,8.563812940014813,4.087758081224959,5.290950732082998,10.611544476336045,3.385055319461859
2.2342872169210204,2.186133549202681,1.0818748332582517,4.670992134524138,5.390121195926118,4.0020838225979825
1.5149588860614602,0.9574050037533273,0.6853590910891985,0.8563267738413788,2.7654284375845877,2.055083825852839
6.900879170459965,6.017957880055267,3.4667105336280284,1.1208574532350153,21.5290033165718,4.119784374778658
-0.6523015810493757,1.2149004993427757,0.9702896998599138,1.6773443565219788,-1.22729628917319,-0.06659471460252556
2.518779147841534,-0.2880707055763006,-0.07377063445300043,-1.9923915461614001,5.164124475461775,-0.418072074896652
-0.40602198689178093,2.7775146843885805,1.603027252065791,7.597422875157957,-0.8045647161625367,0.12016755133806445
-0.30933770158148777,-0.5645581389397082,-0.21611228361568166,4.832936639081576,-1.8323731443986913,-0.4885588269683586
-0.14273626190441654,-1.2055447787069185,-0.514879785390005,-0.08012432805714541,-3.216345287536653,-0.7667383069779746
1.3860580579498794,3.2705872764635835,1.7214688380989556,-0.19047282804917942,5.6977075658344845,2.8608075838469835
4.565999615400345,-0.5493896798030823,-0.21380895918797613,-0.04042549614209201,-0.16048534755746305,-0.0687724278515602
9.691652712991218,5.469826197462939,2.559449755466273,2.930554445243015,14.801314393009694,-0.18548971182909046
-1.0972491975015208,-0.6185779658976321,-0.3319017621495499,1.327863023321023,-2.2824818588175044,-0.2851710695128637
-0.11676930400994277,1.4843874484846484,1.017067108843413,0.3530462476510277,-0.9054650837758825,0.23565233495473803
2.62111641561076,1.4881462748626202,1.1518512824252773,2.5395338167676442,8.315445401975593,5.111498780848727
0.2609915293963203,1.512860118740101,0.7125333974010394,2.2240693549442225,-0.31448822451644376,-0.03401685850848708
-0.46831394255970216,15.996537953365305,8.020208018882393,8.327428453756086,17.211846606195376,9.971630091933331
5.633369636194065,3.0821103962692535,1.8103120725584834,-0.041011292300632676,14.611144914552076,0.41566102362968804
-1.4056076808998634,-1.0914128127075884,-0.43143717811946386,-0.469515393871585,-3.066796243872087,0.056044491163899646
-0.1570689110146745,1.080127326504778,1.5994158070101212,0.6643881706903604,-0.948174286129412,0.058615585608501
-1.220803921382136,-0.7196687476401973,-0.21176875049218152,-0.4867343684604899,-4.762074095048333,-1.561123708142306
-1.360122676019939,-0.6066187073053355,-0.22234556751647308,-2.7811470624991834,-6.64314626991833,-3.459895471567005
-0.38402440558145967,-0.5813946120652913,-0.2889497471304487,-1.2282150939405827,-3.2009700346847376,-1.9797895190075288
-0.10629918291189099,5.889580990905067,3.1557646357610594,3.947186803418708,-0.007899731585643655,1.800999729633107
0.6265567905672683,6.0433478799457285,3.4243527277885337,12.690427392797343,0.13522839383658952,2.5972203849062794
-0.09935146307081891,-0.8552976383073339,-0.25990392467433204,-0.11361121185166333,4.668822450491564,2.531931690814437
-0.32003861671994493,-0.3073772801985258,-0.03107035049905911,-0.5991884730193261,-0.47456513462442856,0.13034883066988978
1.9028365331675254,-0.5144314038038446,-0.11023550920093879,4.687386982250059,-1.8533552947164886,-0.9249713844285857
0.3127272344638835,-0.13906597620115735,-0.01712540837515695,1.2625314141099693,7.845195329499132,6.8267893697066455
1.3271896569818098,2.389567026979861,1.5565758588855618,0.12499350700454104,6.807484504018972,3.8912229721785376
-1.2070485868739569,-0.011564721326195416,0.3894820379360263,2.9859718051580524,-2.4279894782511584,1.0199589039952497
-0.04208979377715727,-0.16348357018747905,-0.032786227337307475,2.419183143878161,-0.4893895643068407,1.7950987815948345
7.30180785617616,-1.628183546015162,-0.6895228090502731,-1.5852944514755984,7.079105780936047,-0.6855889773570557
0.09843109783104809,-0.1661996044012763,-0.020702038140535662,1.8864059284500223,-0.7371042526072643,-0.4944715931301296
8.13399312299008,11.882464198327293,5.983251508121235,11.430773148437794,24.825578731916924,9.018979620487405
7.160978969969905,-0.11671575887875452,0.24652961568499504,0.016622244431867106,6.917986104651645,-0.780905279850374
6.077063420216119,-1.0248679059536172,-0.47920839403082144,-0.21141851887299384,12.952401135588017,6.569500212508931
7.31457109882343,0.3916538455030195,0.34602132549718767,-1.7731021567049627,20.424561045531508,6.411661649054517
-0.8047878267330063,-1.505509161403008,-0.6618805025557877,-1.3829733297678721,-2.5425328194226093,2.937577278503152
0.708459129892461,3.1266472362356184,1.8430142959963074,-0.23653112203746365,6.135282204185869,3.4438886793363412
3.0081041338036583,-0.5586552575232773,-0.31920387541835943,0.9536477322642799,7.492314369696479,0.0400126726578397
2.4623585218701383,-0.37021555109952553,-0.14684575868475022,4.785716322624722,0.751737766626327,1.2053651890255899
4.6257939197732005,-0.2444175435262692,-0.1377116809459769,1.0931713917161265,10.684824810993495,6.867047738692162
0.818398716061968,4.52430485272155,2.5858783575947912,12.571454753240802,5.265738748571554,4.365938010069066
6.355418632938295,-1.23382010574176,-0.46022233466127216,0.11655200363254536,-0.4004853960473958,-0.43189556624311404
0.5474678038587039,4.92527839423894,2.7444176551052686,4.123760562587519,16.180408703077788,9.202318518934474
3.957310537682331,0.7045656069014063,0.9178423793457211,0.589903878257874,3.0071361365391156,1.7319521446802664
-0.9011408475775117,3.540517171015401,1.9649133425957443,4.3307007579909484,-1.015492661403724,5.601942760596115
6.901566914293949,-0.433284166456624,-0.13939204370333497,-1.6693121235384962,7.758843375709263,-1.6732940864342671
0.13790008543372045,-0.3035763478437914,-0.08187426474327252,4.330827433740322,3.3408501038866016,7.311480879991691
7.276273423884156,2.9673619546536782,1.9328752862065657,3.7124668387545032,13.344567581280105,-0.018691348131384313
-0.875348829752385,-0.8189178814624303,-0.3361304148190427,1.2782690262686351,-2.5541242272498708,-0.3245428138986618
6.118454297164269,2.152298936527489,2.3414870179373035,3.572551794988053,9.97322121082558,1.771220511257678
0.09069938363793373,3.9582133937164277,2.453399979712641,8.114025079930203,4.639045791443279,8.174924129786282
-0.6309525355665644,3.5877607421211497,2.509973078372902,3.9799279677135955,-0.02093556235576284,6.59608795592428
-0.03988212257656281,-0.7869378821077727,-0.19484684913647665,-0.692800147762744,-0.5295958746110724,-0.18641054764673937
5.855974180670782,5.793450889331553,2.7335798334184624,7.981833263953009,10.350655763900082,3.5872515258262077
-0.18217223986576242,5.214055826168365,2.5695195275521066,2.0052003987212883,7.742174089900575,7.059846985120637
1.1426273560892406,-0.015585176533980906,0.6114414525089107,4.647822992401408,1.2066968209573683,-0.08322397845790613
-1.5079220774309319,13.90510445586076,7.195720197188543,8.296944679281712,7.224609455071549,10.653671954792612
-2.3143892442155276,-0.8534747289310842,-0.3348787305867286,-0.6154061713765252,-5.402890339894156,-0.13508928707087914
-0.38231239002961437,7.52911606956833,4.056586438104823,4.000897483457429,2.3152248544048564,2.050153720479644
5.244740268741847,5.5055375894801895,2.214719453135041,4.95540608346596,17.769814606512792,9.515436325602602
-1.3945183487067536,-1.128009107237675,-0.5032544287163033,-1.097083707035899,-2.8703655580943064,-0.3961083440299825
-0.6488578204871734,-0.9493111332492031,-0.3951930602966631,-0.6107544668922888,-2.671054486136617,-0.9172550658648645
1.8359276803732028,4.6831456951954396,2.2272479588438294,15.460532609428244,4.996820743368972,7.054369800513284
21.475833840020194,-0.5395480584869048,-0.19855682694832308,-0.37024471112077534,37.22622202093617,-0.3250912131884147
1.5001253556193994,0.1398336870628848,0.41479096322277764,3.3340956758387987,-1.838301352440955,-0.3986030131955862
3.1107766692613152,-1.1491015107751428,-0.48272911036595256,-0.6783648006465524,0.4983432362835516,-0.43336545219213074
2.0603157589789447,10.267578587059791,5.298509776330581,2.7332915348248012,18.117209415767608,5.490164706210795
2.457437014790222,-0.7720824126400387,-0.22419788012093364,0.6910369250264403,-0.3970988214766288,-0.5711960802503276
6.093537677295336,7.386860372966462,3.2311336504046437,1.588749751270657,15.367704387871255,2.7438189596240075
6.017183506659183,3.6145448429936056,1.8159241923327696,-0.6944203889059568,10.344789449503663,-0.15817115522078434
-0.1554832161179591,3.6307926876364567,1.8301107730897006,2.4554298906785386,5.2751326490363315,6.626921339911251
1.6894249569224833,-0.6873468290996634,-0.2721846852472131,-2.9560205411303104,-0.7287170510871288,-1.4020788548674172
-0.13800253607258495,-0.19361589300604315,-0.05187361293269899,-0.2755988604506862,-1.3581152596316803,-0.3853437228116183
-0.4782506321401934,2.2083796576855352,1.6174968208263378,4.191773915475637,-1.3925456580070361,1.6337432868026949
-0.4315812016448744,5.569660727267678,2.8795120741729403,3.0734035292341746,1.4607605742773209,6.092319634773113
1.7702275500694358,-0.3584071492377679,-0.04994357796199909,-1.75489832906044,-0.2886711865858264,-0.6649847028893863
-0.10490260566019792,3.0077848567950585,1.811269988079728,1.6300891226583776,2.15492211740633,1.0906692972018341
6.30538254387516,-0.04446032987007234,0.21472616263336736,0.3224744840538354,5.852335768050661,-0.05950666562810106
8.350834210295908,0.2814822388981712,0.5416698589520416,-1.3279680905830649,13.986374699194839,-1.0824278182075282
-0.5443197788259772,-0.5794875878689403,-0.2024330212769798,-0.21102370460518333,-0.6646543543902395,0.2409923066716846
0.795965451318496,2.8763652729302556,1.3370961560619423,-0.5696057631264024,3.0551484364872348,2.876087572615706
1.3701296023055827,-0.20497788771758074,-0.0014930685744752204,-0.31456397446398277,2.691166613757889,3.062538684166297
5.293831635276232,2.4007764400261964,1.3180905336632724,0.7398920398932147,6.759185426473206,-0.19507557607421977
5.741527245554153,3.9995028329247586,2.286879221887691,3.864935472564378,19.58804741272814,5.768233390062805
-0.9460339789929455,0.6044081819074469,0.7692791854204886,1.9427547603493802,-3.395711986440009,-0.32345184161785956
1.6877775183936112,0.42710780819167393,0.6130983801547506,1.2297123308430638,6.895972322963525,4.413233595921583
-0.1874560147114933,0.8643678338664074,0.8029430119043836,2.16889347301532,-1.4100952502698978,-0.4211347094740866
-1.9498012323451146,-0.603042471874332,-0.19282012507476287,2.210335295419868,-5.062227764795715,-0.26791465309800244
7.319646502502487,2.5507700688338426,1.547133967663299,2.8463148997255674,20.887925117691363,5.089868820189338
2.8422390140619074,1.9133801587327404,1.237049598681756,2.596862261577039,3.919562523013358,0.20575863730708777
5.867200240455265,0.7106230434613068,0.6587953599599411,3.5300888281899656,9.731016629817253,0.3404227243979376
0.9979365922476047,-0.9273771472960489,-0.30820613659722257,-1.3147703303766227,-1.0115622585637856,-1.041056203982192
-0.6878231623590084,-0.5554039149055201,-0.1998341573948848,-1.5491301923475584,-2.499887577153094,-0.6096694098586406
-0.06608999611878845,6.551371233636494,3.504711777109628,4.735459840363437,5.984543780786498,4.639507102344964
10.045760023068377,0.9491736607915248,0.7931625716762256,7.499573188702181,32.379979069468156,13.401426900984433
5.125742141165073,1.727652045334787,0.4484982423325078,-0.16701048070545826,4.5951904719163394,-1.058963296409862
1.8651825457551616,3.2465058731113623,2.0776457589876625,6.640476736012244,-2.151328915093529,-1.4316190180880382
1.124534406544491,-0.9252192260027199,-0.3415455781528441,-2.2996561837387755,0.3600028564084874,-0.2398020223576015
-0.3920079367371115,-1.391654238267318,-0.588123670312479,-0.9306934261071954,-2.7506786849328315,-1.0130931468533324
0.9045507103654291,4.107332917186047,2.2367233589035536,7.954779553506054,16.13958805455411,10.082742387443792
0.6683398623312508,-1.1885101125343993,-0.5062036405602461,-1.19343746365154,-2.594161375759981,-1.2269249280135408
2.8974776963321975,-0.1604908805342329,0.7319134990318741,-0.004080400065461287,-1.06253698428912,-0.8003358319622529
1.7123610699278236,0.6607764243489266,0.9352032713203562,0.46162860708492864,-0.16317509686018966,-0.05996731917519674
-2.1112612729258124,-0.8547940227152895,-0.32665459240209405,-0.7428849282071686,-4.886629886324467,-0.35996838425766764
0.9138613105844438,7.7254986991752,3.8783589856994363,11.85913353083167,1.3824082559024582,4.29787157994237
6.353461424100257,11.152404688237441,5.849629255371915,4.036032067304618,8.973390310226302,-1.277481340027146
-0.8260135791552499,2.800890007310559,1.1496398177952272,-0.2477381918809145,-1.546988227385344,0.6751919808760097
-0.13662340227275888,-0.339065377252074,-0.125202908509756,-0.030381908327472475,5.489548726972603,7.15661446269836
1.6514925713156647,-1.14675686105127,-0.5443912991770306,4.158145227916943,-1.4734980530319672,1.146339822164762
1.3010354976528427,-0.448066300752169,-0.05978234884519489,-0.7909433827556118,-0.8323162453654412,-0.16133485555775273
2.8132861126993927,-0.8786001192436935,-0.30113725727867097,-1.4662371135332548,7.298634558369725,-0.7102717107518828
10.195613475265636,1.9818078895750832,0.9959661849965137,-0.7363348040801798,17.64854735952166,-0.3930672340406691
-1.2640122794498494,-0.5022722850209865,-0.1804671020891624,-0.9076770770770808,-1.3300895390663214,2.4232561250917666
-0.9040792768068338,-0.3898826240322323,-0.12405561317837305,0.878908908740961,-1.8343003807132474,2.663448215621193
-1.2758243361684551,-0.08529242572985488,0.4340291714101504,5.492227453008669,-1.9579721750455208,3.136587223340876
1.365254868479075,-0.1305790847966151,-0.007299870439834999,1.944767639317477,0.4091230322596951,0.4458382108393283
-0.9099553379430105,0.13506852349486137,0.541510934215215,0.30068646288919976,-2.4958886676062795,-0.5707772586774731
-0.07933545604090138,2.9909534094965085,1.8386380384487626,5.220380310896006,4.971073903029221,-0.012581310500337173
1.7233972633783095,-0.19329620339590992,-0.01988149591712487,-0.4522698306322912,-0.8980106534339415,1.3281401195032312
-0.35122692069401723,-0.9338144186886373,-0.3475677916771014,-1.285447426241073,-2.1784327583108247,-0.7046521699480057
2.3365023803018143,-0.6016158261141482,-0.2194418653058291,2.5903769461680417,-0.07673793681455619,3.2127068383568
14.144699556418407,1.9500928736499805,1.331598316148356,-1.5314818480746348,34.361976118246,4.5720754318593935
-0.7024859531424301,1.8330311263898484,1.6804773541097535,-0.05402273311623107,-1.864639256516827,-0.5697202982077849
3.4217237285662403,0.8480190061942123,0.37926148705877827,-0.5783124512718754,5.839666848014477,0.3471736050368754
-0.7627140093736872,6.843350195478335,3.5703439891510356,6.0556442107416055,-1.0461523579731127,1.3715168506343267
-0.1527709648354425,-0.2845780260802501,-0.1516328814973413,-0.38694253438840825,-0.5010801801509012,1.232754208913965
3.5681524928558295,0.5134337779419901,0.5157667956015449,1.2855966523375886,3.0092454133268367,-0.38377681730504837
6.660005942424109,2.199569861506475,1.3926473333552558,-0.1563798241133404,11.437476879111165,0.9644449368177095
-2.8950438933872427,-0.6668457264686947,-0.22812964107460043,0.5389133400511067,-6.587863783392932,-0.08023323902339358
3.989577905143464,3.1199859201286246,1.3517450697497053,1.6317393281159562,7.904266441699998,-0.07793829909837201
-0.6308961206079129,1.5062647310508068,1.026176689134464,4.900497938912595,-0.8387208006055271,3.516158299138567
-0.12936203430290477,-0.6434920544760037,-0.1923144300005146,-0.21806163097985004,-1.1303997679370277,-0.35254819265105747
7.339405177798925,0.5454298436006835,0.6027106327576072,-0.16603323183306365,13.74945478927226,2.9660385627072303
9.606071828623987,2.0299727172720967,1.328463889317315,0.5728853522425499,4.865458431673423,-1.9501815442826267
-2.2158186624398146,0.7233804304472484,0.9519316178791808,9.308548320970093,-4.282057240648071,5.943932540902708
-0.06105823198811322,-0.1120446148654921,-0.1400592871740666,-0.4658220182951667,2.002172246483285,-0.7652149453745317
2.233128249326505,-0.8459175633515262,-0.3207665425273148,1.106292528696863,-1.397064138758455,1.814654545786554
-0.48851035621885724,1.972917830295295,1.6172867721450337,2.025080670453982,-0.8195859854407547,0.6810329089858782
-2.180755674630619,-0.7429648592317555,-0.33840385162551334,-0.8099899009770937,-4.619830108366588,1.6649878796286415
3.3286158569269135,2.0064305963330487,1.4639280147912919,2.8425621312261473,-0.35862506568036834,-0.3316665651183517
-1.1998032371626037,-0.9517329112219715,-0.5483100654860436,1.6793301526039985,-3.308335611489706,1.7528507548171104
1.0793590062755771,11.966307363462995,6.154799154562071,4.5453380468012,8.824146300165326,2.789312076478833
-0.19395925144796325,-0.4340226987071497,-0.13269558583660065,-1.0645937074060052,-0.6562969192152832,-0.6398461401992228
1.71388184873981,7.916290098000766,4.039660415210469,6.070093398270526,7.2626841030698435,4.611554058650538
-0.19441422846457415,0.053787175790421804,0.2318938615423879,4.891407146156243,4.0668958634341035,0.6723242765827373
-0.09007368954584632,4.187436219789247,2.079853978591833,6.262417476026142,-0.5799602058706664,2.2682418854431665
-0.5192565305581777,-0.9959092774192823,-0.3951025146612132,-1.1368919057877782,-1.1222923098160824,0.5267897318946029
-0.42188897321003777,-1.2845212086837159,-0.6201191005656531,-0.5573005503000461,-2.1766137970839674,1.024122073011246
6.098440340590198,10.063954930124453,4.834223031659953,4.597647946268015,27.192295436644923,10.660876140473901
1.5028179496281533,9.995877957759932,5.257899175330068,4.723609676503218,4.671016836027363,1.3978224138011965
-0.26589127254009737,-1.7061994205023296,-0.632823720296854,-2.8854342905358497,-2.3257967344228847,-0.4166508264326611
6.434535887323988,-0.16371153862556842,-0.034922499185435156,-0.3794155784203253,2.046780816675349,-1.4016038656549186
18.849968428611398,6.14584812302703,3.2640924545098855,-0.7013675724927808,33.81929197395596,-0.7431436346086179
-4.559717957471613,-0.8459316676614734,-0.324301176537883,0.025871553036623918,-8.922817825471487,2.434518585997078
-0.5603496766186721,1.0395859043434152,0.8099706412607757,1.7636836836261516,2.291837713655874,6.635911934156088
-0.4702835818784449,2.9081555809120765,1.7472461224894533,5.125009166261984,-0.5567271097753845,6.039820890027884
0.6512658122692346,5.588221889334377,3.1474640396229745,3.1406727920888216,10.020297635616629,4.862567765861406
2.804847924837537,8.009990566440164,3.9988953460393226,11.36524495283413,1.9254650151785415,5.167385150733336
-0.9182080092811518,0.650991078739399,0.6169328179332896,-1.1569095555755557,-1.4074256622418129,0.7031666953194252
2.057285254220895,3.551962520681411,2.0149354994331543,14.482617421397855,3.8493419643117663,7.371240217075986
-0.45618204427197906,-0.017283685356673663,0.5064471136671632,4.122889479124562,-0.9405947041047379,-0.22005365019438483
13.496293664572976,10.222054758149662,5.309172600844676,7.768540361836256,33.49673209795384,6.680318360131907
-0.5577984254921818,-1.1150947427542153,-0.6099716196720788,-0.8803914070248793,-0.6059169720019609,2.9925250530910574
1.6838369492996388,-0.2189993505358796,-0.06209053844047061,3.0517452155865277,2.479540370458781,-0.07713070800414186
1.6360873451076146,2.723748025972678,1.6221221335692215,3.6821883980128485,12.735112611217751,6.980349870863484
-0.2906507521948028,-0.04695541700930109,-0.08349945398840286,-0.37338403488277994,-1.0331574599239783,-0.5304369818823481
3.989683569476626,1.962600323250077,1.2815019098341338,3.998457281581853,10.781550776301623,5.435341341877897
1.8668241603147586,-0.014153445707431067,0.18475047509559728,-1.0597382053919906,6.496122567094905,2.954301701167318
1.5412226481065388,2.1521530659438373,1.2411212033612213,7.63752149691703,-0.7428073512840356,-1.013008462032187
4.048404728062585,4.661569844895299,2.1638448855767374,0.7304216149329312,7.616924527977425,1.2077169470242695
10.745246017468633,-0.4196056627323123,-0.16268744161283588,-3.732921159358233,15.502903992099911,-1.5243910050780616
-3.552005510096935,-1.266219327229489,-0.5364916263190839,-1.4542330212316434,-6.207089006608123,-0.3671300617797166
0.10193103342181897,4.840419053374825,2.323338539715591,4.474601912693325,-0.34249800093761495,-0.23534411995483398
-0.2654794081274618,7.309194905879103,3.9296619088616347,5.786297789981265,-2.7137186895428846,-1.4624512185511662
7.0986507124714215,1.2189432700476739,1.0101512312683865,-0.18579452930829216,22.057258207343686,-0.11663555832838846
4.028197007819126,4.085890446766356,2.211865215637303,4.154286711643099,6.5854871690261065,5.09019681704089
-0.5993737218648623,0.9427225791749567,0.6000853503725583,1.7176386994451986,-1.940729111300118,1.081642298808752
4.15151370905529,2.2650746220809337,1.3995682394181528,1.4928182093056455,5.502025011706393,-0.11115204030867276
1.9554405037807565,21.03595542202419,10.671538971933373,8.283999981673972,27.199673482646556,8.860820685327099
4.377131510387193,-0.3826713802801231,-0.09268173778357736,2.514468421506823,2.519018486394756,-0.22512335721732862
1.2535068241414256,-0.14590048290872384,-0.012947820645649434,4.405894728453859,18.9691416438833,12.86729551147085
10.427533878593776,4.188070184661217,2.435065971583411,-0.26266123971641064,31.098270577656113,3.180518410402664
-0.45654482746255776,-0.6193700873214882,-0.23814510159752367,-1.3275223707780632,4.596378104231388,5.402680867440295
0.06188487419142308,-0.3873508332979656,-0.12379952968279594,2.989633236016201,-0.5973572450476532,3.054830394442676
-1.0848588186435633,-0.6774653000167405,-0.14588646716147236,-0.5669344128458246,-3.020246498032376,-0.23025156732397598
10.737914635228693,1.200024562216749,0.944783786523195,0.9829682412208591,14.466183987593038,-0.1434406717207901
9.31558009238442,-0.4994267324627674,-0.27743060739462283,-0.2722202318763742,26.635453520723875,9.553813723032611
-0.023838396493708072,1.927015386159089,0.9527045966523893,-0.24845811797081843,-2.1868188012765177,-1.4428891369216577
-0.37360311490543907,-0.2853349086530744,-0.037443104143064954,-2.2959997769841,-1.4028965490221128,-0.679229552092081
5.619261841766137,-0.29533731171689626,-0.18795352994795872,-1.0031097525879722,7.000686697496262,-0.2810958207938496
2.5441435124339558,9.60103251734297,4.614564054024081,16.582761789726522,24.53500900520737,16.881105367266517
2.157000853548631,-0.6517199213292146,-0.2181878336046412,0.31720064604872583,-3.2246631712495883,-1.9148353123978312
-0.8390491089602149,0.3048583648284316,0.6800556717262699,2.552366621091568,-1.184718086655145,3.193935284182375
-0.8258141494158044,-0.25602596800716526,-0.03102103815661801,3.1708748391990547,-2.6049406491994747,0.735688341403538
-0.3067948991230685,-0.7111632101647154,-0.27159150050875874,-0.2509637827057202,3.5307082377082435,6.974569934069751
-0.6967777122268579,-1.0509222156343492,-0.4753362208297269,-0.7459885367038512,-2.8161401719766808,-0.7119090938176513
-0.6085758885380749,5.1427935522761485,2.772539470922984,2.132477344645724,-0.45161810271679964,1.2988880075243245
8.251779442542144,3.772419353741967,1.2710491883219506,0.501027821111959,20.493142452508618,2.919436475465387
0.39237005670490965,1.832626230858955,1.1807017012957168,-0.3125746151868095,-1.2560583900903637,-0.6077189920805286
12.285774838051616,4.671177907888459,2.576752255073411,9.506271705439996,22.495257334814095,4.5414547531530225
-0.04952800579102182,-0.3439741707404295,-0.08859137003601632,1.761913843754935,-0.8945861702681839,-0.40179796999401296
14.80219851035401,6.534892039137353,3.5928248840942736,3.3342612961369866,36.22288797351368,3.285946323005115
2.230427444361502,2.368081211202544,1.549181183414765,5.386967394279822,-1.3243590099702787,-0.8167215286116554
-0.09764530697214946,-0.18819149669019625,-0.0055103101050944184,2.5256256124218224,-0.036714411361439735,2.629231213176414
-0.07132443440298478,3.9216017726007233,2.026902231449524,3.408613289989831,-0.029569092925191855,-0.6117138161771131
5.316208010355493,5.012600702951372,2.2453916987203257,4.412596743845817,14.759954258438333,2.2552782383127465
7.447555531467585,10.90530709640184,5.831737817199642,4.550889345808843,27.385617362057886,5.136192252366773
3.5228522745705506,-0.35870078985667564,-0.0871535829091028,-0.8899334867107911,4.915246188496147,0.43468649923268254
3.7035658019521316,-0.554634104714691,-0.20560449599926686,-0.11822188322168721,-0.2759586323590867,-0.20171531310525698
3.0240106456708515,-1.0418487878674154,-0.30782652388657833,-0.8772337147889652,-1.790193433783282,-1.7392483947725197
4.429042088975765,-0.06325172336568954,0.25241801663166963,-0.8695573476290754,8.13462586529833,5.43246474179567
5.483607550183449,-0.19367276011606974,-0.021905838528125467,2.133072905587392,2.610940021554183,-0.49575883537423754
-1.2288187504179922,-1.2171726767396678,-0.5736580693982936,-2.4217536152812116,-2.5566337639524397,-0.4319277217967429
0.000636088904111376,5.096032444550804,2.4801680513165056,6.430925930493105,3.6107241900358646,3.978275384953106
5.035362378539594,-0.15530611903865202,-0.08907957942227257,0.7221340622237854,4.096183409522447,-0.45481245948008786
12.474319729630814,7.574274907688128,4.329043678092527,4.6602880704083836,28.63829077255755,5.620947287395646
-0.9494805724076358,-0.2231986313322213,0.3612930015218303,-0.7043036694067579,-1.9594893496783972,0.1802259556493916
1.4167913028999946,-1.4038347382165324,-0.6439296859103976,-1.794042605606541,-1.3096263163782866,-0.7246562277317411
-0.22019977153985484,-0.28006469437263154,-0.050271161658734555,0.5034725086985015,-0.8720943712667385,-0.24231446544644047
-0.19731596915543897,4.852649494633757,3.102891398253395,1.8725055137802398,-0.22851381280354552,-0.44772973373270575
-0.3483352115860569,4.271096640318786,2.9487818697815698,3.2348878525344604,-0.6223032599401677,-0.05230010915351997
-0.22117005545260318,0.19789185370451307,1.2698013484033854,5.195634882606864,3.081628947140232,2.540417632963255
0.9668461566468443,1.73456751197602,0.8938713837285615,3.1420152715608314,-1.542650570605308,-0.8406386550668661
17.220108472498037,0.8793270852346038,0.6965857280284979,-0.7179968742236851,30.95755285428809,-0.10742790966663747
1.4275662459852532,1.9765205735244202,0.5445873231114027,2.96077700599699,-0.6157187467394728,-0.31510035873250775
-0.27734447736615303,-0.6756118108131606,-0.30163127747990814,1.463987716419993,-0.07720809228861486,3.235808608382958
-0.2025784738113893,0.17732597137186512,0.4038754773133578,-0.30038871058641853,1.3152963693265751,-0.767475658541974
2.2405562188975523,2.906768527583966,1.91130691732705,4.352906000653284,6.641870307534174,0.40165043035309284
-0.27741610105398107,4.336754623935448,2.3169621485060152,2.005100347652567,0.7337569867907358,2.5177456464916412
6.740777705589255,-1.463420961935574,-0.5420562620084797,-0.11093764328351496,-0.42024677822298584,-0.0683528944812971
2.179767730987101,-2.1474420928832125,-1.0194426275844835,-0.46443414225583785,-1.3017408528960719,1.2710665475316318
-0.31241245397703554,-0.2041087595952794,-0.049825655385897095,5.348533933294377,-2.5111434760471796,-0.5212137916654201
0.645037522429276,12.194145746891843,5.9184098634935935,6.715098683148919,7.415744300018017,8.430349093575916
8.01693587972831,3.5826357351514533,1.9491919318882256,8.769300370817746,11.139860684256545,4.4228817925133805
-0.5954057350591561,-0.37104364043020555,-0.13452589803575385,-0.9023897091276712,-2.427080754940937,-0.1757854957187925
-0.41353448420655214,-0.8302818066740273,-0.4090138460302746,-0.6519560174860768,-2.88602573535281,-1.5896215710119186
-1.384044763415936,-1.3617140100036988,-0.5672423300465076,0.1813343842067051,-3.152928280420171,-0.3169878996924342
7.516496174400753,10.04563982558318,4.85237792270205,3.347146907682034,26.687708581206877,3.867009798105899
0.6203174931095166,5.996164269195764,3.0247209285210928,5.425754315476309,13.277749186094903,8.452817515610437
-0.23005925859934978,1.1863209401841632,1.1773813309791454,-0.009169801296280911,-0.9823322232154722,-1.1042441152365126
0.16764989951150755,4.007414102416091,2.1373771410853584,6.665047923613685,5.84711623164189,3.7964253074014076
1.1809451369570174,5.200380689279755,2.9713140075170212,8.911348284502623,4.860134554976274,3.7423285324942395
-0.32365796290274945,3.410427282492164,1.7733272485017784,2.7390150673055085,2.8576161472362025,4.935116519467219
-2.981208115031973,4.473550786139652,2.5999271183296324,5.246796095582739,-5.344017488851195,1.7357752072663917
2.3259077443823806,-0.29270675278586256,-0.40486019884545765,0.9098965845715627,3.1479934820838027,1.9355327165435552
10.296614848490481,-0.5618088374685388,-0.20990614892727538,-0.3225840089670471,13.845982466060502,-0.15811951392513943
6.030871395626738,-2.824792600526571,-1.2409707642013652,1.9935130336903681,-3.8970407199416686,-1.8418521236209786
0.8687554730515994,2.8197621642058572,1.668469760452341,3.0951570157960413,1.952223728283724,1.1895616845027044
-0.9708844346759723,7.076952882705785,3.6848665453424556,1.4386253754788298,-1.4854681786227548,1.9679771853870767
0.0484890255679854,-0.11514916866759467,0.04233449151290325,-0.3884924340538011,-1.2847837021893507,-0.3477845742906657
-0.4280719033513547,-0.31906034733150723,-0.1168095909953939,1.4620457795371888,-1.560733274953045,4.117285392791232
0.3489402558701957,-0.2666917706123503,-0.03961499725058868,0.4588322238201322,-2.6485645784808867,-1.1560302843629717
17.562787179714434,7.080877514871622,3.803916413381882,3.575788645958637,36.89917899524165,1.3245784390159079
-0.9838771546018393,-0.14251214354325092,-0.01741714752599124,3.2857193735925385,-1.3320354171615296,3.6336053976984957
-0.23311491211093208,0.25151215116135883,0.6077232069970276,-0.1389992818186848,-2.3790820480272328,-0.8243168045364957
4.280272521101731,5.018739213763501,3.2520202155256936,-0.12805348602672592,7.037696356126123,-0.6485727405953414
11.669286859680783,1.2558020398237904,1.2409100430203677,2.5745581117870824,20.21220607609768,-0.901355033202889
4.4580013354766574,11.233167909687534,5.591564762284686,3.2705790001967125,42.359699300066666,14.41001085020597
-1.1878903346971554,4.283028802759297,2.3103137314515747,2.9748927498283777,-1.9227561215896423,-0.045764414448176055
-1.6036873632689268,0.8002396977381054,0.20073688687919855,3.9390322850742585,-3.3774381347222033,-0.20035726985484567
1.9188718571494376,-1.228360396347069,-0.5458345648393284,-2.282667881348363,1.2865768178147918,-0.9917225454830165
1.656558995568094,-0.07714426402985264,0.17203698677926943,5.7710902712017775,0.489293096397283,2.455054872060067
-2.2056858696675063,-0.40348906134780044,-0.1299982918329516,-1.0598039235921068,-4.088547238023194,-0.14529546063752705
3.3454965362423295,1.3221008492883384,0.24316041110571163,3.7797901774348173,-0.3106773898603769,-0.2611682233097575
4.082634914805498,2.581679312097319,1.4544602396497996,4.153255701097654,14.24133790419639,4.68096572931605
2.7578143048327597,2.76694375104709,1.6649623260015234,0.8600407225324636,6.437118680839487,-0.2916381836931604
1.3995525118827512,-0.8351247024399925,-0.4336856809110563,3.260419151516433,-0.9277433752695168,0.7452822612580158
2.9229586044868254,0.9887121749877431,0.7230338420999078,-0.7942560034295036,4.0327055103561955,0.8574677688671096
-1.2001881829385226,1.744240872058533,1.1549444983873607,9.04480637057415,-2.9864110113290288,2.4752146536261064
-1.4730918069572587,9.192148349497963,4.718898567962164,10.888091665056804,1.286955580545638,12.756004633474314
13.69001520851253,4.48164360684411,2.147543800935618,1.8878698625336523,29.532900702636088,5.219179838442907
-1.1676105318055343,0.5292076652060613,0.39509228199317714,1.4168553023560566,-1.4704210007973224,-0.28654087281904367
16.71575646210688,10.9589877602058,5.25543844826438,3.9796979659061575,40.633811740355675,2.6465632834440305
5.155682722054556,3.1648418095638116,1.6260663785399507,1.901865330281633,11.403875763977995,2.357308695805619
0.5533004825978125,0.8742603057960168,0.6925572099330523,5.107529101939764,4.927329202678322,6.750039323789427
-1.2557587922037703,-0.6269632563813767,-0.20438712718336072,-0.12943449135063845,-3.882334223602289,-0.2348637093534126
7.541067509620062,16.60164408276961,7.498959093820916,5.499282910752547,29.8101778174502,8.28195935803652
-0.2593672034053793,0.7268816871402675,0.44444035086786104,1.5218814314087692,0.6738758382386492,5.031520813467895
7.531593580659067,8.025156971756214,4.306492950042118,0.9423213000951384,21.84558588257935,5.571050987842771
7.831108479099192,1.3248764100806119,0.9901883769060074,0.2221436012351209,10.622222547194628,3.530377456204321
-0.0038084272325183965,0.45544746772265965,0.35307663938791234,-1.9512495319700318,2.9622189557578977,-0.3533021906059777
0.43284295873615325,-0.592496903189407,-0.2269424040339826,-0.5986386206936825,-0.9227704895627998,-0.5814102037763501
-1.3001318099099466,2.1244379059387386,1.2770856216414814,4.6825745455136465,-1.3249175725096627,5.334659187285619
-0.1326062898350084,2.0260858630735386,0.9112953457568769,-0.8623239789535054,-0.24463759633783236,-0.02876400102334782
-0.04864442407306879,-0.662024170620726,-0.22307995371333833,-0.12600218751254078,-1.2664020259259634,-0.26295709822238256
-0.905375933989462,4.105815330190592,2.566901167083457,17.625055602955282,-1.174524138411973,3.8625912933422084
1.7224512543346502,-0.005320219948462968,-0.06398717979687452,-0.06505978749085305,-0.8034637026042204,1.693684639329288
-4.566691197806967,-0.47071610207640585,-0.1710579714829451,0.9269117153626876,-6.618682285349191,10.33577722872891
5.271985889856996,-0.11696663611297915,0.08785109778607303,1.4180446126957926,14.917491471972431,4.603630317598013
1.4403652907189537,0.3950907461072486,0.4787558538582672,-1.1570051081841255,0.5123392440324582,-0.17881307915853017
4.46233461101411,5.457831668422133,2.618287015867399,0.9867196637806979,7.397054393925709,-0.3241276425518004
-0.4961004236572539,-2.1439145762191205,-0.9697785289455466,-1.1838942061161715,-2.9336861369277396,-0.6991123726826842
-0.3697287495000252,-0.06920337078965631,0.2113681411031329,0.45711474906383076,-4.286514161758545,-2.9578669535492246
0.7268749462156909,-3.0462554442994514,-1.3649370162576309,-0.4223373846124517,-3.690097403460342,-0.7958560565433999
-1.9464579726917994,-0.33519460177398513,-0.09903606815844444,3.8392323275253615,-6.011017863051645,-1.3618647737949614
0.8049642529377135,-2.243784971185067,-0.9733335494630375,-2.410039230626777,-2.0486296058692175,-0.6309509052281899
3.9040751456582807,1.765798880132023,0.8801389247113769,4.133486595132075,5.787036789882006,-0.5495289945972287
1.367820418619778,3.0210867849674727,1.6915839902768488,0.9365657610595244,0.8956991142683222,5.132580499785309
-0.40833300477083956,-1.0968745418733068,-0.43612647850129965,-0.4995280759815261,-3.065528589815908,-1.0561175566190222
-0.10268535012249447,0.5473893865801257,0.39370108772249546,12.34147405800707,-0.6855234940534812,5.92980122348374
-0.5301100889468199,0.9239287238350359,0.5375559699920125,2.897061301122898,-1.8720694777798266,0.11909089194287825
1.2622873920568276,0.9294122629307142,0.7073195137103728,0.9067135518779189,-0.21927044614365335,-1.443177720429188
2.114410395995134,4.210951941902539,2.3492919016360085,7.017718622764309,7.4506187182819765,4.4636893126702075
-4.542703461813198,-0.18987880038155142,-0.019834999122334218,5.808696018488326,-8.753541623360773,2.142834000005041
-0.4263236770036398,0.42065504176847013,0.4661502634789687,-0.3655144343439944,-0.33915010422505293,2.7822667723149905
0.9713393702205695,-0.45886588291312375,-0.16475427483246474,-0.7729153789848899,-1.6411315518568537,-1.1687338392336935
3.1404967792335245,2.5720706737806425,1.4843103897563505,3.5519858993826876,13.298499020915315,6.89225376221775
7.219175878950366,9.386153047384036,5.176068638731508,10.756240587810668,23.065901346647387,6.845299153835521
-0.11523031658543147,-0.09124460500433032,0.6791089943830293,1.6816031277630246,1.9567386231303536,0.440401899994887
6.03517265319587,-1.211783244477075,-0.5335118456447513,-0.48446877347496287,7.182132597394874,-0.4582221889919229
3.576049304224447,2.611158014267861,1.5156668301249585,4.7085344213079985,8.506198639541028,3.333942334421293
0.7675052553416349,-0.5707526698220885,-0.28291485212047746,4.123832192081318,-0.6105481211370272,-0.6258429002240558
-0.28539598198442995,-0.42708808526961883,-0.13357140665303416,-2.093711137437515,-0.6225790355368985,-1.06949527506313
-2.065410330781316,-0.5574099622363761,-0.20878757971715167,-1.3680216652696313,-5.005321081585584,-0.8271153272666658
-0.21362008909126243,1.1415496723127587,0.8178188641720858,2.6028302699946098,-1.2479963437273691,-0.4373733282684711
-0.26386691643423255,-0.03308226129534166,0.6030266558066006,-0.14916899373271045,5.673025197435637,2.7403294928805733
5.297525231192006,2.72013022272319,1.977544869886281,2.321409855224299,23.48177674395246,13.89494548934867
-0.380859537132814,-0.3793183170678236,-0.09274575369886327,-0.5367217723449249,-1.612716774655539,-0.904899259372482
-0.9115003405269111,-1.9614120650844624,-0.8621833532965708,-1.5839052456811575,-5.069812967407422,-3.592161266756273
-0.13779244666045143,-0.4778380341154398,-0.18256064891051374,-0.15050608401185658,2.0871696502054298,3.020178116016088
2.703896083060962,0.08156633798685797,0.2980827269300487,-0.32497178192335285,4.708321888319628,-0.03730541547167334
5.238449332696197,11.410234514991245,5.6239245628996395,3.8278114665991465,15.634838699419097,3.212863141006806
14.407203572358137,4.7971317116423755,2.7020161322984895,1.6314924786081955,33.779500507171065,0.754098816672644
1.1434206388356167,1.4912152790541582,1.2254206329737034,-0.6932651317564082,3.7747775749006816,3.772935821642365
1.0433267842142053,2.7699923993447992,1.8252407001983333,8.263885239207935,11.573791495420593,10.665519986816374
3.559333513380383,1.6620754576203791,1.1343104654901328,-0.297614566774327,7.355331606070217,0.4666889517807894
-0.4712521444086976,-0.13928853763383015,-0.010985041727156863,1.5515910221079272,-1.6549689840812822,-0.8030060123680736
5.570717048856621,-1.0041165933686507,-0.3950257303329616,-0.31900050120749285,4.140053777938639,-0.06609331431709546
5.246113283076429,6.456475177648723,3.589163968370835,2.654162358105487,19.723167821495302,6.414433736747035
-0.03857988864898798,2.5271312888183437,1.871457666458122,2.0332706096094193,6.492435049952136,3.0693457772694197
-1.6656272977927071,-1.5245310051973864,-0.6570775245257883,-1.0420115577320632,-5.871382274945566,-0.840902513700727
-0.3332848367651892,2.24712769252696,1.1637697865090075,-0.7196413649137082,-0.7511246211241981,0.34603168935067513
2.4624879075126733,-0.10290123632613242,0.08626625559551504,1.7846303633966742,3.2904583528082902,3.02095320929089
21.587592617380636,7.200420992090537,3.608384271013615,5.9196593395446895,38.55833432357529,5.6868162619122495
3.428073488916821,0.2700651989113459,0.6430591860070117,-0.18606389430704673,6.889245571333567,3.5389400844390595
-0.08142039361834037,-0.3311018588590732,0.03845828500166015,-0.7371764651743691,-0.24322379502292002,-0.02541097773595882
-0.40087110137437637,3.7176734299938072,2.2653368160373826,10.000427811617676,5.1868595217415,8.242505878230821
4.733728355415996,7.206809438488015,4.398959501718792,7.344719481929432,11.039811365484775,1.138160910693383
0.5949642057340483,1.2697183880368108,0.4378786054934244,-0.023510138888409915,2.9751748846814934,1.169273079326716
10.721135556806653,2.173159997760465,1.6334938571869755,3.5412837942432116,24.20740838485368,1.9549681065885454
-2.0265917886565465,5.805958903212463,3.1658940648742564,2.0554344569750587,-2.968194297964155,2.780642863845306
4.060377316459599,5.727588317403538,3.1246346503611075,9.73218567443311,-0.4171613247043291,-0.3604046722716312
5.418264355519378,12.740222014683663,6.243400383730101,17.69503032268777,6.011842676971631,1.8012530124715975
-0.8773780984105758,-0.09933062735582715,0.12905573794339226,-0.28388381171490074,-2.1941810557169528,-0.9572167481242722
0.03236754374686357,3.897758073297547,2.230305238005032,3.2582994274821395,1.2792351948769927,2.8411930727250727
9.217437367329893,0.2644704250169331,0.4155889523425004,2.899633272977712,10.283562221949616,1.8495325387337984
2.0853886300249167,-0.13892811058861876,0.03410794242891946,2.21290322802182,-0.20564449312902966,0.6408781315802003
-0.30104412142454623,-1.5988487023351443,-0.662790424435389,-0.9536160655170782,-3.1454059033388653,-0.6955127867167546
-0.49768907552113134,-0.36558623155145353,-0.1075609491721945,-1.61814583553514,4.72134680820151,4.399015900665786
-0.5944665542651574,-1.3999240662756212,-0.5909462161113157,-0.67559605060504,-3.4793954217096577,-1.1023847603590955
10.738627583142467,-0.05660952094312577,0.25977118922312925,-2.2528394920219195,15.483386223325352,-0.41890745566995613
-0.07674364515530017,-0.05037695301126284,0.355521444089297,6.087854828867111,2.606909232425596,4.408811644289534
6.726583721758744,-0.5469790616789543,-0.21290165107817086,-0.09147398903167923,6.6715792248000625,-0.2638171687766944
0.7603909840509668,6.4459615451046695,3.394308326445506,3.042794784572653,11.990552337878421,3.79944443686826
-0.11895258259211228,0.4853042617588512,0.9518188281231522,1.2975342458919163,-1.4169172971793245,0.514684504324194
0.864392452439304,1.5152299879260802,0.19329707511342564,0.8138965133134606,0.45809729519446996,1.7162488854002942
-0.3436281626676879,-1.6072766840941133,-0.7906293177345081,-0.5102270302998507,-4.985937468052355,-1.8620930948609127
7.771379067816544,0.7525248716651435,0.4174806204827113,1.1363950244556236,23.659886820298336,9.566528775395655
0.4316619815430183,-0.7469247251084,-0.31908348053967184,-1.7771628139241233,-0.2926613852942103,-0.1804624689483788
6.878595506167948,-0.3579259185188435,-0.08487049935152809,-1.3446922953026457,13.957501961976034,-0.2843297975278984
-1.0856690916129086,-0.49784337145030855,-0.1818609278598128,2.0895535495381345,-2.0155906335898925,1.727118180911698
-0.8907008623485819,-0.014468582056789426,0.0956309734565215,6.107732042484961,-4.310250397081326,-0.9528540777627716
1.3617399635398084,-0.17805117842516183,0.1922610577590328,-0.46905367458102987,0.06378236113279045,0.9349515585607593
-0.4842128703816494,-0.186103540468055,-0.05112860450173243,-0.24379116048041705,-1.2895170757248686,-0.40198388965229254
-0.026512974914692868,1.2602810752515983,1.666230647501704,6.760647851874862,5.286991912875732,4.087135050156043
0.2992253171939647,-0.16778593079236342,0.10867813614317368,2.3130104009293415,0.8256705537491669,4.4186133930561855
0.8561879071674847,-0.41711529701811234,-0.19005540559852224,1.7841565973797016,-0.41537338358242143,-0.21598379331780243
4.504586970288678,3.4820044663366576,1.6280962110814012,4.591628271416595,9.389480153566282,1.8784257099635964
-0.6883420328325451,6.333793667515192,3.4901477316846656,4.082671775338426,-0.14619914654921437,3.4423891245053264
2.02526511287203,9.616607272940117,4.8944446162621364,-0.19209896704110885,18.517958798690312,4.3719595801538516
-0.3078616119076334,-0.13548188429882388,-0.10155353415476759,-0.8203194489646276,-0.8688046936481779,-0.3154571926866597
0.4411099846193193,-1.9748005524231464,-0.9081144683666162,-2.3654372927938745,-1.870297549165758,-1.1174285767487044
15.649456721460899,-0.13927953227682818,-0.009266529086043062,-0.6414221728425109,36.27203255843201,4.866512595703075
1.0813098319496282,-0.9264962346396877,-0.3549779708173829,1.9635633647620734,-3.143094097349447,-1.4897383840612788
-0.013775014083881643,-0.25471077686028915,-0.00765815438068862,0.00385016679139194,-0.6620339203174512,0.4225397397991456
3.6909593909813134,1.684278325585817,0.8644335083865786,2.741242562975942,-0.38287563701807914,-0.8343162779165699
1.2482599670455132,2.8883899917340154,1.5517155125931863,5.7474064275325025,1.4750284680903851,-0.7770590080286633
2.152662321145228,5.1003181995037075,2.6409784730234516,-0.06248603527755976,7.014955040778861,1.7252904036669938
3.6996036845448934,7.717029137926016,4.103938822097902,7.443525609304523,13.798643018345539,3.0943704223189377
-0.2768907337403425,-0.5812719522675349,-0.20031273067190059,6.298182205439534,-1.9304300982749174,1.058202223345299
-0.4881546471709955,-0.4240879440504154,-0.14925348334799593,2.8032976010594517,-1.710543540320744,2.9833734949238444
-0.5694180335903551,0.7959321501084134,0.7240182744444069,-0.20880475502323603,-0.7593695094891113,-0.1109292076076725
2.0797849593079984,-0.8670952089593144,-0.34873060958242297,2.3668741049029185,-1.4270396773056193,-0.4710127691168506
-0.321055710452401,-0.8468285108403164,-0.31440837618524453,0.1929523968516592,-4.036637475506215,-1.339797561030594
2.5855627667786196,0.889145482646719,0.38799938377963705,-1.2539893740985857,7.588555677984245,-0.24597292540403215
-1.0092811724807254,-1.596117224663594,-0.7353885285443076,-0.5973799921036503,-2.898266632743505,-0.38285223541144714
0.7059897272527872,-1.9554063937584925,-0.8769947621293461,-2.061647995691893,-2.108590161226733,-1.0010456229828568
-0.8847068132904593,-0.7632211012830881,-0.33264487594051717,1.9417354611714894,-1.9985630655111923,4.360082479988596
3.8080952999348847,2.8199092219945787,1.6860233772617212,5.732404358319459,0.7482004453323019,1.6258038517069917
-0.6851918946588058,9.486397791692717,5.050726475781663,6.1631593273056895,6.283064148154338,5.275705708683498
15.045000010591904,0.08307572094132909,0.4585359266520397,-0.51227087074104,25.379500727167027,-0.04839019603495192
3.8608874516308465,2.233991427231272,0.9012032452112643,2.734262761006585,6.39918215461884,1.7933331526811866
-1.0298544811864436,3.2018812904298732,1.8365297368459153,2.6760366616043103,-2.0317399048572082,1.561510893225201
-0.2760026263549064,2.697107029764423,1.7008327405464865,6.047300210866245,-0.36071420323060543,5.944337034153772
0.2212210162625471,3.5237789079234725,1.991237273714144,4.649339709242786,2.169302944137494,5.331177604245343
-0.17730960197757117,0.1561782706894954,0.19452759303677047,-0.524478440498004,-0.9748060828946156,-0.8500685037558577
1.7380691664845087,2.8847671388885305,2.0524927676782463,7.784619808538853,4.321116488676642,0.8727176342266435
0.3425428159874077,1.8287422857658107,1.4000115287621597,1.1763670709077663,-0.9701789195359357,-0.44426723243722943
0.25890357263100805,-1.477361483266841,-0.5986187795426198,-2.1617118469899657,-0.8479724523063059,-1.2355947414025223
-1.2840059846709426,-0.4432388408792897,-0.16767161942829892,-0.030180548612519755,-2.45476250673519,-0.08605494843331503
-0.17863832262468013,4.600132798667653,2.916709016583282,10.540502938674486,-0.5184130285248527,3.9115356511138826
-0.25712099421842305,1.487583414066326,1.1197286092182757,3.7171956527819727,3.078879801884548,9.021410539837175
2.4139984016817753,-1.2834084056964765,-0.4463641341568833,-0.5354351299144268,-2.071724009636865,-1.1706096518285685
4.236545454663944,-0.44248140337471026,-0.10236738934461545,-1.1410876942955483,4.5983009238321015,-0.6794244690742941
5.710391856231926,2.79201456283847,2.1095782978550566,2.152990717026157,9.69923400072567,3.5409521355689737
1.1242474620587426,-0.21289400982860435,-0.03390309037840333,-0.19149793382491317,-0.5013773521701131,-0.22118117898146444
9.54104638810535,0.8340638088956819,0.6354071081041162,4.875780665058111,18.143805629271416,3.0077409854162633
-0.7688867133390199,0.07759802041617647,0.37056737168227905,0.6929921603720219,-2.830831666216749,6.643418850263271
-0.16577087780167743,-0.034798439114457284,0.21716982329549528,1.015454014387032,-2.6627331670649106,-0.774182187998103
0.43926094622249345,-1.9128656645976674,-0.9815117080226652,-0.5257606214472246,-1.4945309658725405,0.018620622045943502
1.3677207745057536,-1.2149267097255338,-0.46137552542795596,-0.6228536067096577,-0.9304617347212085,-0.4384501618308164
2.6722326778989656,0.4131194073626532,0.7255783211983317,0.6185395675191856,1.5037443380462516,-0.4936548258829282
-1.7957118976255302,-0.8653062569666732,-0.3836728819666503,0.4856664365276357,-0.9466519520676393,10.309770264409783
0.19882888554580358,0.8572603624676782,0.6098351607973787,8.077973463129188,-0.8879193763142954,-0.4954954021237617
-0.6405775291117037,1.7735606086404943,1.1814603044246437,1.3046236382277243,-0.5270835645803382,-0.3555610615500792
1.0276514467744933,-0.06827959613684194,0.0058514211565054985,-0.5884323907164554,8.361795846053056,7.129676219989196
-0.08947770680694572,-0.8595605020023875,-0.2537756614130346,-0.13573273864696525,-0.3128878915265295,4.4772236446142255
4.254251298104246,-0.38375672029771357,-0.1279882480779635,2.053920499738811,2.3298371060898937,-0.019929480840779813
-0.011241682070167403,3.1608995851754345,2.2259929987956495,10.020193862151364,7.248045039132915,2.1979587852735816
-0.5615797449872927,-1.4342321494348411,-0.6383380492824172,-2.1062568289921444,-2.9831477883972273,-0.4013934353787125
-0.10527655572139039,1.483838310001776,1.0039286052474798,0.6078738878671881,-0.7407327864331066,-0.17984437333326608
-0.5049237949923094,0.2919639941126307,0.024246499758140194,0.8484871325068706,-0.3158686324167982,8.14729512694066
-0.274357729018295,-0.24343130362825552,0.07246502061476523,-0.123546593920184,-0.3830752727686452,2.149048894757365
3.3508800008461517,6.140340761594413,3.1364697776937382,8.257048636545214,9.094993778820147,6.629805116334521
2.4891761036657556,-0.20811683802457975,-0.050426871469609405,2.620512259516727,3.2214422714865782,2.520258789473635
1.2345444113762434,-0.5441748080580354,-0.21068687928208957,2.6231395433859275,-0.7428095407361326,1.3961591674831149
-0.4970022842764891,0.05010391834983885,0.12167656761081153,3.4578053852237325,-1.655771584406004,-0.5615946936490767
-0.6252198739576852,-0.42639791501240465,-0.11211552649128526,-0.2747923800781956,-2.3735493817590667,-0.4326654180957837
4.17823867181225,0.6348263926968174,0.7701670533597381,2.107200288321132,0.7557558868540453,-0.3827407212860164
-0.542287787928425,-0.8579367316634117,-0.4305008636264178,-0.2645986462166791,-2.1602988815247155,-0.3415099342536796
-1.7961640648768324,0.8587925450007426,0.7186445380221751,-0.5635386011992483,-1.344453118577003,4.0933754040512635
2.021300593351194,-1.1899716086978362,-0.5439042246691023,-0.16136348535278683,-0.9080338092171181,-0.058594977251613806
1.358109413243561,-0.057814630088388476,0.11205288673004427,-0.44822157015580705,1.1607141492829185,0.007250714934483926
0.06350593536304716,-1.2757849308550684,-0.5517645231508321,-0.12988935042235336,-1.1222514156328447,-0.13884072138782974
15.800528446142506,3.6475025589468384,2.1409839132935145,-0.08976107320831091,34.77896367638146,2.0678561755056117
1.5980695842657062,0.978163920338069,0.4124613045747253,1.2464696239227366,6.187828418789076,1.4351392497128526
2.1742354102503496,-0.6835137715011761,-0.2592542919378302,-1.9002580174894115,-0.5904935037616357,-0.9156785323210679
1.2848320499540642,4.529339561544166,2.579137031591351,6.191780814547992,-0.7322534583852157,1.2383583226716972
0.6383445947411809,-1.1256307712040146,-0.49992748620061545,-0.9594505766769802,-1.6749532353402345,-0.7839072151163147
-2.652976809787708,-0.41857315190232075,-0.24595507504067698,5.605107632377647,-7.478812334592409,-0.5458604755422114
-0.28526774831929663,-1.8824949171663719,-0.7794260274611613,-1.012956466396449,-2.14768147329561,-0.7201146702620561
3.7236631417479424,-1.081692010308617,-0.29963523700260025,6.900828682896677,-1.6410113240270416,-0.1282445762862349
1.8491148016851053,0.8927717793920398,1.147030861496791,1.4203786919325205,5.382170486150352,1.2099592013786604
1.3189516057988109,-0.341468114991513,-0.23758224925752458,-0.7849587748845679,-1.439125202298506,-0.9165500599055273
1.0139918792710896,3.930094542674715,2.9334287119508518,1.5422042715632953,15.0434776086587,1.8410084039613364
0.9083323000388076,2.2436356337081484,1.4069010915371227,1.3604510137440151,-0.11291873372660283,-0.3153727811528795
7.9862158825725205,6.311994789151731,3.297139359071047,7.53990922557462,26.848224517594105,6.310539987520328
-5.784255156171626,-1.3522660132010678,-0.6651509332736074,4.233026732924731,-13.884822271720708,-1.2291097053360844
-1.1666739450838823,-0.40915269372509216,-0.13169909067681584,0.967205196216564,1.3877123123137967,7.498422346316997
-0.4895817599660175,-0.12851799065544509,0.5987200677301796,3.964384105941141,-0.7484413765774058,0.24620980232099093
0.6652779842880021,17.195794759499385,7.628399014194795,13.710151513782664,22.43532606550404,12.172557386229855
12.36108708307073,10.811910065071261,5.1718140037124645,7.160291214602801,24.31980862131225,2.6426376039326254
-0.13242266104402775,3.282205162955789,2.1210980875922107,5.407495883696652,-0.3109790813458001,3.782844091024172
1.2386852923909057,3.3203854559429073,1.6159975670582034,-1.2963403866283556,12.195592929399401,5.760315090955616
7.644950839529622,-0.33859127968343866,-0.0012020147482965761,-0.43815378954934997,13.310071369813954,0.7883898454041622
-0.5294895582279777,-3.0525619163333033,-1.4012044275572002,-1.4605090805583212,-5.709666608463092,-1.8623701023508374
4.97128436733566,12.5872410927216,6.3576537066666035,11.160287498155718,4.92301622706918,-0.08813223133833965
14.1607650607633,6.933019202641961,3.6179797581617166,3.8558578984831495,37.01839933261466,2.7366489302312056
-1.0351472064696778,0.02218386260433758,0.4483907892700727,7.514848089743574,-0.7852266142121656,8.74753802549819
4.507125818080552,-0.11284907651302188,0.2936032280663287,3.633444206127302,13.45011362256432,3.1621433874927325
-0.1917015001720345,2.3212307632269855,1.2180121603530227,-0.6546043043783606,-0.49230421142061903,0.23271472628853895
0.9629988667834397,8.397747148071529,4.623745904994146,4.764685321165037,10.644222850285326,5.192276732556913
1.3215679583260478,-0.6016261140278049,-0.25534467698002866,-0.22258160409626374,-1.8962167449458214,-0.45697671105265397
0.5482472447471517,2.6748220957045254,1.7317068136148643,3.6660932625987614,-0.7612465798870303,0.10269239127033536
2.5019800057094685,2.880232109113073,1.6549413025808548,0.8498365986509832,4.2166974874513,-0.7991379766492271
1.0977822994652373,-0.5221313754641689,-0.12871000864473045,0.8196463432141249,9.756561107534191,8.483801133845388
-2.6308038501568163,-0.4596850255435431,-0.14133442945669503,-0.35130310375392787,-7.815866245324482,-1.8230244858224147
0.8095541352591712,3.2286016339281915,1.8165601778147937,6.286428599707716,0.3992541346853514,0.5050965679890091
0.9000139086941799,8.588001428336268,4.234631060952365,11.006034245250083,8.336376014340217,2.4723571770621318
6.189789176720377,0.054267665766034034,0.005732585320532002,3.1493004297558507,17.485779340954974,10.077902955804715
-1.3313839401913854,-0.15131785971212328,0.18183885703527575,3.5713935958853167,-4.88957290615615,-0.7374731074656184
-0.9312476205900823,-0.29550948898075163,0.41601535551043883,-0.3772689887339675,-3.0876339484279813,-0.419006946318852
-1.3333591871318098,-1.6644490892782628,-0.7485203291719685,-1.4822131637630092,-6.211945234143971,-2.2695130326981037
9.85701765569183,2.4019329362624084,1.0336245419706613,8.484367565213788,13.35241302490026,2.2583895027235315
3.0835574688020806,-0.08162202118980788,0.08925256768841816,-0.48607596018228333,3.342102938259017,-0.15822496926948781
-0.13561873590096957,-0.12658652751772465,-0.019431877115935903,0.7984585018417507,-0.8718027184833588,2.612732562480643
11.41474926065169,3.7201315338278107,2.906267560785211,-0.13601210646119907,21.656298212144822,-0.14503185498844098
0.4503434614659241,1.6388942330396787,1.0383359113877952,-0.3611945893699633,5.659080890472462,1.9250884132997408
-1.353340576037509,-0.7242514454825633,-0.15703830314795653,1.991237038253811,-4.083269548744208,0.12444617262605384
1.7764702954283187,-0.0023746911794040094,0.8250656926666811,0.9038944952341477,-0.7594776958360021,-0.42651823661717114
-2.0126070782464596,-1.4138975886675866,-0.8064639462899095,2.721436077155202,-3.8416621493410363,1.4197909194165586
4.560768568199663,-0.5044745694649603,-0.17384692722950656,-1.8985889982741313,6.740951387808457,-0.4407603906821736
3.425737086481603,-0.03389122602067165,0.2765584314159367,5.907371439951498,13.705357087898951,7.9395699596931
-0.5080631479467534,-0.3977123149935968,-0.0732750172043873,0.33001884910449497,-2.6482245992104954,0.0324441462691577
0.3769646998401544,-0.01688038377814909,0.3275170513929333,-0.8610349031293947,3.855415440002522,0.7412694775786122
5.558639959120251,-1.1643113272129917,-0.47558900912022684,-1.3379592504574551,14.922751077469197,6.349872299406994
9.11154851316601,4.9935977261026165,3.6295244012585006,4.083282599130355,14.018859404892389,-0.8800129369148677
4.257242015625784,3.3118000185445027,2.066699409016385,6.4689367832566615,13.470718489707307,3.520348445628456
8.261997356229731,-0.05141544863169532,-0.13093199482520484,-0.39486064347600497,4.184348903949167,-0.6898766670881079
5.566651931865068,1.771957180102126,1.1998028125587412,3.2027227280989585,0.18647542857696742,-0.9327348013942299
-0.9288090277652783,-0.8539974788131608,-0.3620419460407973,-1.0669018569503443,-2.7392811667318364,-0.4473136029338918
-0.9012029368087758,3.2740985400915674,1.895513571088836,6.485982720553179,0.48141716450892635,6.011045673457997
-0.6982833037103178,4.0152326161828045,2.164597263578715,4.2343341659536025,5.34648029482697,7.884988737970152
-1.3008049566953774,-0.6346557453535852,-0.26268551196762674,-0.024651052273930253,-2.9959257233260046,-0.10518954184019941
3.0846774836936115,2.3962993050312913,1.5680822684452602,8.2881903668668,5.733136591002132,1.2576838181477432
2.316131635749529,0.1648668335939743,0.15664112939128627,-0.5594660552637472,-0.39497527579789077,-1.7585966230791925
-0.05754934901893996,0.7585370433897701,0.13512291427145495,-1.0090732298517695,1.9299953274311856,-0.019844184358109397
-1.1342886939909336,7.751462203258932,3.3907017677789355,5.653392934418863,-0.7189375055786691,5.932615867736423
0.1613062369222955,5.151582804122532,2.629102127175926,11.92143448045172,23.03584332034212,19.733865765452748
0.855369424730334,12.064180059084935,6.090723535223347,12.414790439720415,3.6669146736792997,-0.21621160308229814
2.1658459899748843,9.578805555901448,5.20465367742,9.374808186811501,-1.4171240291058513,-1.5334229472365415
1.3749040319833252,-0.03479773958620926,0.4058115231213027,-1.8098228931438418,6.871082494783877,-0.530913877847539
7.80406837457961,-0.23295045846419465,-0.04589309380440985,-0.4095633338572466,11.36311893526668,-0.02666333160165766
-0.25827348331524796,1.5417133993336105,0.8983729394797952,4.924928213346692,-0.5827559918069125,1.2871070908960776
-0.6958276930929362,-0.3717438113874496,-0.12344916897979177,0.7658266326235411,-1.1049175980547206,4.5214148792041495
0.17621296621637672,0.6262922988256934,0.8255428866392294,0.30078441227505076,9.763143653084155,5.904800335666346
6.539544551143129,1.0169447836869867,0.7069956160115672,2.34980130947495,3.779660390387495,-0.8329520729503038
-0.4614251593166996,4.409954555056405,1.765110626898488,9.885090459085177,-0.7201598644299205,3.283407903191253
-0.5258148893855369,0.521656249486397,1.0362201399387507,7.123188915772067,-1.6768890404788033,1.6318016725594602
3.057811524521469,-0.3823176731486916,-0.09032523810931976,-0.731143364956734,6.2106070410687755,1.4733252725389558
-0.5484867496071827,-0.6953052352610072,-0.2678847408920661,-1.3352745007989013,-1.5250188893112742,-0.14877926168955505
-0.810508209419059,4.263636852471329,2.1581696298240187,7.588500295632623,-1.9799534661333515,-0.18732666260137198
1.0237053889080696,5.801506455025589,3.0655857743737447,4.941839969354052,2.119242313527779,1.4683759158870677
18.093779833358518,3.0769208583861216,1.799066900966024,-0.6706854319808175,21.147219519805855,-0.456709706545152
-0.8180977084348119,-0.10923870097815425,0.00490650114080482,-0.8557359227604547,-1.8155135180421587,4.454572271218418
5.355159399737788,3.0495559184523087,1.6206727101426914,1.4230216814892485,19.087954289774927,8.414880023900178
9.000531938875515,6.521386057977646,3.074924575392098,-0.207703627872101,17.636531119370563,1.549841174167494
1.3743058160236514,2.1251724535757908,1.2959501434867504,2.827249209228172,-1.8354134790094694,-1.6517220396417611
3.1726096979718594,5.228360042164099,2.868492581698735,4.435927538534291,15.08275796880169,1.5822049747511526
-0.35134669654170647,-1.3018166509639144,-0.6000345925106921,-0.09656501492030922,-2.731014163703089,-1.0902482295415046
1.4265821056822316,12.425816551108225,6.4567838630811,19.1878974277405,6.631965899668188,6.703382826886544
-0.6480206652077686,0.7235978708640796,0.5996041342448707,6.635087742027515,6.229084304652323,7.9191039822960185
2.0553577840726307,7.2629085967192175,4.016125826538813,3.4255526226931137,12.128821141278806,5.3754086367406435
4.843689386217468,-0.8171607120316049,-0.37889716536888884,0.2694928274590896,-0.2716888082992231,-0.6174817530663003
2.0545330807156477,-0.10675715067610814,0.6290973775428974,3.0710890744865162,5.401343643526315,4.56484205381851
4.276719378616274,-0.20176933259202015,-0.03613946788547034,-1.1582328513777753,14.991134140215292,4.927902324851928
-1.609242973945074,-0.48919119535517686,-0.16268638867866103,-0.23245936941019993,-3.5031315068362296,1.2216939911465388
0.8853872028017178,-0.5660334939800024,-0.18786551174929547,0.3670288632034987,5.014734623940774,6.439313872213951
-0.9746870827536077,15.506447436377407,7.4677887940403735,8.866180653111496,33.45398148941422,27.422675595549364
-2.2458193244752165,3.249369787264337,2.1540969119656586,-0.4598716650283965,-3.206506046786858,7.597775137784291
1.5830236087841734,0.10833236145397124,0.6933328090414276,-0.4284344756369013,4.824904716747477,2.4591062936251338
0.7917223489908256,-0.14549805367780982,0.012763985935833055,1.677272977418898,2.1541483149857115,2.531771467591863
-0.0565570027494402,-0.030997254620572637,-0.0857934810974514,-0.72226507049617,-1.7011427948204831,-1.6510497520249894
5.694495837748344,5.632233489081771,3.480283376653695,-0.9133177470270852,15.28467500242648,-0.321831867990231
-0.2217942791538795,1.2477072209260593,0.4537439849363494,-0.5032237827549467,3.624366175186097,4.507480749042898
4.389939124222453,-0.09041779953036932,-0.01540634578704685,-0.0920591163948576,4.507867997575486,-0.8337045091447778
-0.8426752108621886,-0.00647713839580677,0.4926077318944075,1.3346744855304595,-1.7345793665924043,0.46706616825356223
-0.5090061548822086,0.41444899131620694,0.43570811453735636,-0.14058008522824947,-1.3413923149649678,0.9924169926993143
1.5065321224276875,4.2486312989445185,2.4329413473183594,3.7444487736623673,4.841310082436401,0.3243328363081738
6.6194878728439415,9.138247056609405,3.9124111579050402,10.794559351879448,14.845388289979603,0.885467119350891
3.9555367671627426,6.47016950209194,3.3043117915733027,4.351661549117641,12.822015835822766,0.9833615116298237
0.3913852688174163,3.4379564883803515,2.2914420692755524,6.933348842969113,-0.5914054322620543,0.46928816622316016
-1.0391713823683622,-0.3587532683285821,-0.14192140745686496,-0.18849493036277615,-2.144323637460083,0.44057927413602765
2.651017631550615,3.069461901157942,2.07850788323706,3.705139608556369,6.15022211231986,0.023800745913095667
0.5224444617662309,1.9740037735804434,1.4780159618620665,-1.7915670402900057,-0.18466758295162358,-0.702318241518549
-0.7334392645568685,-0.2680215031543637,0.060441505743698,-0.04983785063203943,-4.447745376326279,-1.375093297759328
7.217494550867598,-0.4042198642324967,-0.12021090861956144,-1.1058133402145267,19.80040310915052,4.288032955526111
0.5078818251844541,3.690713162739157,2.1094437309461203,4.499819860766573,4.5903499695575425,0.26013400721603747
-1.0992935105023538,-2.434319666206493,-1.0027557741258348,0.08780171941611614,-5.819026747773561,-0.8536079136245068
5.713137154711747,3.5442693627922788,2.325105417969711,-0.13025258840214593,16.42887709526294,3.497629591319815
4.300879938681273,0.4998967390255755,0.4148459265759583,-0.129477893953417,-1.5913412174614072,-2.4862384923462333
-0.7047535537841503,2.9759927142784433,1.62727148804425,0.8658511421279615,-0.7675792300196561,2.8040949220665343
-0.599662610366928,-1.9292409466092455,-0.8081823309633397,-0.4421027827005283,-5.017440459656001,-2.0850043647958594
-0.07957434620256564,-0.3980887572052858,-0.1323265354119792,2.372125938354797,-1.2325246657460915,-1.5192891209952506
1.1798590955720063,-2.44314636339518,-1.0705327522383359,-0.32994367544482495,-3.114876990233533,-0.5976239880824581
0.9194155091183188,3.4652963412347852,1.9953676626079433,0.7757922429540246,7.397638856489988,1.6871049294291296
1.361909206534319,-0.09876342903658808,0.2927543446886859,-0.20623432311035136,14.712317510160432,10.151681881282741
-1.3700867068292304,-0.9438970562983015,-0.37423226450457303,-1.8564129038292507,-4.547541770882162,-0.6491026710169931
-0.17097861563205782,7.621983911637566,3.54341383828543,9.648398494050404,4.107753520161711,5.705580857681983
-0.8485111816286063,-0.0672264436586224,0.7057855323113433,-0.9762660669294863,-2.12795454025284,-0.4246028934463832
-1.6942146878859394,0.978622017763797,0.7372574720086187,-0.4236037971376201,-2.8062711085653866,2.4494426537141853
3.4113865735860047,0.788934218899335,-0.05189003623239779,-0.3076231722389227,-0.2599828284275043,-1.1192745808170128
2.213349171864638,4.8346786379322255,2.14171227991506,-0.021681556349223797,12.19032157754196,2.8686126555322717
-0.9690903251598627,-0.1788075641658053,-0.0749398186711169,-0.9563373184975803,-2.7954965743307487,-0.5443443150325967
10.931692691023317,4.010827063795242,2.0204259093249473,8.006081845211856,21.458682310588348,3.0835170414756865
-0.8382289646090579,3.204651851548743,1.6253900611912493,-0.39696475625428596,-2.016434300125045,-0.4173472493132918
6.344836150876895,-0.09568793067732394,-0.0051941132376547745,0.6977931827996862,13.970235019493915,-0.206500484847329
3.850641839933532,3.266367819357559,1.9035751077555083,6.785782019469736,7.356114586378553,-0.0007139314631777083
3.7506059568495402,-1.6848589098908056,-0.7455371997699584,-1.5606217790998116,2.824731339617036,-0.4352533155689784
-0.09409568299862997,-0.0801943480821235,0.10706259958348519,0.059642326177731575,21.57913737689011,15.308829339206577
1.6844909795962724,-0.1469795738608834,0.008686430252847877,0.17624661444708412,6.149173029241909,3.312135252212781
-1.7583148059746234,-0.745817144686595,-0.22688109188636416,-0.4318162629267107,-3.4536738342233146,-0.8867046996496358
-0.6196126125050686,-0.6238297209982199,-0.22143005426776835,-0.2512044208094664,-1.7041093482245007,0.08190340767801452
-2.413321407761755,-0.4320751904908853,-0.18278525904496218,-0.6856012393814512,-5.27040822253371,-0.16335014632534028
3.945276631044944,2.622117505282944,1.6248557825520042,2.7509741903188507,9.876266944307917,1.494711118037584
4.7749583681429675,4.499750008799196,2.436625427657638,3.7462681419469304,14.13768195850893,2.547652987005667
-0.21973330437588295,-0.13705770642487186,0.5126488508218809,-0.881715787934759,1.2383542673623107,-0.3514700523594674
-0.8023883958220804,9.770535057189646,4.915510292358056,6.361387160245833,4.119997676557394,5.707183788928475
1.4529756028388254,1.6326598043905842,0.9975960396417269,-0.482881972527316,4.824520214216856,-0.20227462404773894
-0.5788496334967244,-1.180585041071644,-0.4812969950715723,2.402391220689144,-3.519903916501024,-0.3592522539403523
2.737634264992339,-1.0121498615262599,-0.4301988392457792,-2.8564751081849655,4.960609499948924,-1.0081467750065485
-1.8300496424989465,-1.2098056766014476,-0.5468162951726294,-1.2684919301334512,-4.985714899271959,-0.9799024577750466
-0.6950247624929937,-0.032086455350054166,0.2254264133561883,-0.35865144705872076,-1.0836137466748963,-0.24344370373897783
-0.04201143122928397,-0.5401781955597217,-0.22812215703133873,-0.486962836636533,-1.2250451544332348,-1.5210303251966877
1.5224669978917043,5.001467390809337,2.440173653338582,15.032321697033167,7.2566843168002055,7.104840490384094
-0.055144483751250785,-0.9707539752391203,-0.3768829724117344,-1.1683878957946898,-2.2823625816439903,-1.2290639346975185
8.625681558965878,1.1710249574032636,0.9771384618224539,5.981389881678395,22.999910068903308,5.086101906293687
6.088124121033323,-0.36750335393790146,-0.08181790148648416,2.793797307046626,0.7137373444901735,-1.1197081745758457
-0.0983703039266764,0.04499033945294917,0.23621756464417593,2.2033180307166447,-1.284340115391938,-0.11731797106469642
-0.17968322910711587,-0.6813939804575125,-0.16512291676147772,-1.1701461367165604,-1.723396880236872,-0.8077938403884293
-0.5689355540649874,-0.9931531066527377,-0.4082189090676554,-0.5245703106633729,-5.971219614706975,-2.8897503437183243
-0.5370288377282171,3.1259690349312654,2.0060659743212756,10.382571190661926,-0.4118867041898622,4.7849201767488525
0.9225072449474675,-1.325764602764559,-0.5191330797705023,-1.6662920377435417,-0.7145467405632497,-0.09283340152626796
0.8214653248106389,1.1665980435063514,0.36584993608212457,6.680495189101932,0.899951978163856,5.755447163711925
8.833872336324344,1.1071785149919746,0.9765983863860549,3.5414717723940825,20.735947168503234,6.2859568720575325
-0.20556782862306924,3.945375123940384,2.223821806077277,5.568863475336887,10.654581128603613,11.150664896573678
2.0880889587681377,2.631095300209078,1.8560082180132034,8.264436727286506,4.797995080830241,4.843196527128871
15.435557748010728,6.198947038606426,3.2955241355052856,7.693342808743381,31.358045670349146,4.809904759761144
-0.5603284776392377,0.7156226791074256,0.0959538894154161,3.132519347176917,3.883656087269772,11.255659144843555
2.7069526418922885,2.6562878551730353,1.5047032751321026,-0.17540482099903953,7.937417924057943,0.16897151195637095
0.43336628789578646,-0.17895142555267934,0.03693926971324013,-0.30625227057080423,-0.4807324799382075,-0.3381999654296926
4.348056366148724,3.908275340513784,2.0938714864931507,4.33246375834608,6.120669500695274,3.934271493613478
-1.6212826694300546,-1.5132282809254378,-0.6580568783731309,-1.2227766769008372,-6.368875563974281,-1.8041610916073347
-0.0037437920136146998,5.292184293450489,2.6070594535556784,8.212138104238003,7.727710601573284,8.647645144493946
11.63953975163353,4.2876136749647875,2.357534693433931,8.688945789369248,21.53804017420172,1.368717644295439
-0.06189317118868618,5.140677113541423,3.1827347780022843,13.764183044900477,6.6443356583442235,7.641042413269244
0.30846502062740133,6.449298995224161,3.230937578641282,6.30807044601172,4.652962576957085,3.6180177459823737
10.987461414853902,4.051347522605994,2.291604221405831,2.0678282588066645,19.221016865137663,1.0477866994419178
3.162926182316431,-0.245613399697824,-0.14469880476635819,3.51150141154697,-0.1609188646486933,-0.8943114866517411
2.0975318745147766,-1.2251755980240409,-0.5622218243425,-1.0021837396472821,0.33864037051525775,-0.39217893119430147
3.1737360702085144,-1.100840518864488,-0.5350850721181094,6.397419128827653,-1.0598453521450109,-0.05977794802584411
-0.23874365238035897,-1.5741078954025385,-0.7405258230882181,-1.131089588593478,-1.37049772345315,4.289873549279758
-1.7148684586467944,1.3751106608935273,0.5967098620637318,2.0730960140935384,-4.6733557324972494,-0.8240797308568804
-0.20836044728805253,7.297597831896934,3.7979728632781415,1.7769409768199351,-0.2513236403627171,1.1935682196453297
10.319330757664197,5.112752991112446,2.7485765801260027,4.68595057926671,20.138507242497965,2.247896751690102
9.066873136982313,7.0750170048791885,3.4470170741160033,1.8119786163294735,33.85697967981379,16.468177745238147
7.877358973022834,-0.6754097213601846,-0.26764470005789465,-3.351509632660892,12.552823252559055,-0.6586172944356513
-1.5108722037080868,-0.1594503421516461,-0.017853077012261267,-0.26239508672620837,-3.974205739005857,-1.060103839255867
11.143448379850662,13.740056743816773,6.688407538460647,3.1130744431208406,36.728062228346644,6.835605314890453
14.174744835388378,0.23054604606324214,0.5236773512768483,-0.2622463951965948,31.39545911248901,0.05229653676782009
12.557486055479734,2.4876334812573035,1.5841366988421486,-0.037029012548086306,28.426517801357146,2.3852622557282492
-1.120352458363842,0.5296031865110339,0.37628482763423743,6.384620793285571,-2.654403617919993,-0.26558807708858984
-0.4511148126467506,6.962849927053083,3.586448559133772,17.692515308465747,-0.03969950098375639,4.552676818046484
-0.1872316867669187,1.5485263480832567,0.9520883849835348,2.388617825106153,-1.50003036549835,1.2676955185692669
1.8835976919955428,-1.3505621661162466,-0.5521618040167907,-0.9598210455956931,-1.8635086106323866,-0.968413891404667
-0.3348012613108481,-0.4752971629015099,-0.20797409910174453,3.6736353418324503,-2.0392528519934863,-0.4272207428499947
2.059509936649432,1.4894264926739882,0.48520824139850655,-0.6077609267462653,15.983640852440022,5.3120818935906815
12.331432699493762,15.077687090730276,7.487700889246352,11.190287267614758,36.50448491218251,7.025059123728871
2.6485063796808976,6.7398458437485536,3.885434991610002,4.710237240482695,14.367546122579839,6.199021158182856
8.563710162179353,1.6659223202753015,1.0125418211021169,1.717739539693035,20.351838430511908,5.292198725820667
-0.9930519784773998,-1.4643738064071394,-0.696644719034813,-1.5463675410927573,-2.856279040563628,-0.7747088085048601
-0.05448588264354322,1.3477849473786603,-0.013821467126079479,0.8354097432746321,-2.346839084833718,-0.5781632374145236
-0.03506726265130757,-0.13557485887387444,-0.016113923618040094,1.532976657607291,9.396504464960435,7.588422790925421
-1.7564393064299937,-0.7779371639178105,-0.2763279048348863,-0.6227011304710639,-6.30425442544369,-1.5498894292840428
1.197118964987756,1.9383967642861735,1.3311769135569853,0.9232387467242755,0.5602310505886863,-0.4859737983863157
0.24520046899415193,3.604232109851715,1.8194184191028162,3.9137568973131502,1.7893778806173786,2.8630120980893414
-0.46325500868434144,-1.2442331017153097,-0.481825818531485,-1.9776928530508808,-1.263953859292589,-0.603810028980766
-0.5595706777222048,-0.6557045576086878,-0.2577150675177396,-0.1670184251252536,-2.081028361416071,-0.5644969778916101
1.179975116456471,-0.25338850143327857,-0.048994625705199614,-0.5130145294420337,5.150319005523688,1.9657847418623562
0.08297482122942235,2.5527531355206072,1.2124112568886667,0.5691938456732616,2.3039858392866015,0.6334159684174916
-0.6486996901968957,-0.08205585417822572,-0.05150995264384291,-0.4049961212236857,1.5865043343491738,4.801381800190772
-0.4048821720703162,-0.9501970894997959,-0.3941378088909316,3.855660729001957,-1.4322003422815133,2.481034684082151
0.4656591488340676,0.5339575289585927,0.8410620478093774,8.90419708094498,-0.8278730583124692,0.3062114675759149
2.2828826816726107,-0.2523886195190005,-0.05068629917361365,0.48572421333717936,4.4915558493673355,1.957654833271338
-0.45283642833443666,-0.4321641567259136,-0.18087006108112216,8.698890623254371,-2.0424186138222713,0.9725492068961135
-0.24920064035160336,7.797881148462716,4.011148863652819,11.689618077786335,2.6955230359382516,5.622745157329553
11.317062380654317,2.754828101577387,1.74233809535592,-0.045732902100451424,28.135879486609344,7.409427081364659
3.1078482490214023,-0.1183640070601012,0.02662489154751091,-0.06967448843577327,-0.22984243585091263,-0.33051023995661416
-0.7902273986144984,-2.3372228540699007,-0.9991651905997019,-1.013871874888035,-2.787115686064749,0.3093808934989315
1.454449728510892,0.9828946824109379,0.7835749297860481,-0.1328355920694185,1.4631866775297595,1.1335432809576256
6.971872831300643,7.9981038257363535,4.565105537734931,1.6615363962871266,15.350831026936952,-0.07682166605579654
-0.6329166645004953,2.383849485954006,0.5957278821444275,0.7198384996649771,-0.8319233382527447,-0.06040835913222456
1.398306888984048,-0.32377377486044595,0.6116735270195992,-0.5753222071209292,-1.639440775547033,-1.2592964795832045
-0.9339382631987784,3.093435879031994,1.989275058533775,-0.13039535896466167,0.23156721503210048,6.422411435715908
0.520406109963563,-0.702865444727495,-0.31022797540319913,-2.024900372229859,-0.15439177921319253,-0.7594790596966234
24.139373997698407,5.30352825418412,3.006370897095559,5.797078992905226,59.25414664614308,12.772197691793789
-1.8083381327602979,-0.9797099628585784,-0.4803110017801635,2.3083498958397457,-6.3893335682499055,-1.2268596437797166
6.697179460844213,-0.39944362321738974,-0.10990043149170003,3.0571400762935923,10.951904216982737,0.8932376052669354
5.281665116679737,-0.2503214582502869,-0.03299280289563868,-0.15973086154992924,-0.038790448183121586,-0.6163618949385885
0.7373147125270375,-0.3402191392186995,-0.11941060490878819,-0.8075986230210597,1.0739605645488803,0.24069009947159148
-0.6714531070133587,0.6308545102604658,0.5490465529150796,1.0895205286269616,-2.2517125559707645,-0.8776668154685053
2.734252818919799,0.2631344433628183,0.8592084223156294,3.909735782377334,0.8865069839142541,1.3426075193365925
10.39523313136231,3.8794878498086227,1.993034574852895,4.163238767922745,27.989014486564137,7.854028697521481
0.7165927569686219,-0.04781900597023743,0.4398980298405232,-0.502281680894557,-1.4435762463427826,-0.5206422279356698
2.035825848433997,1.5349495238720048,0.8178238695944687,0.1853924861974573,-1.197423906848122,-0.8612912809269218
2.208101237467904,-1.1468994276932258,-0.5777151688667234,-0.008201662310350355,-0.027391429190997997,0.9333303753217025
-0.08143184164439328,2.23462723481177,1.5245634166440685,2.8182692902475246,-0.5287517232789976,3.242532205392358
11.778084887770262,11.164369091699735,5.906133736722159,5.1218518266263295,23.10259158636622,0.7442739772278482
0.9316612597135139,-0.0025076164761826283,0.5927622513979085,9.076418903857896,-0.4187005172649918,1.1427328810079305
2.1421410786377324,-0.007449275505668563,0.16878142157910964,-0.14279991420806987,1.9051374425761112,1.0009995969708074
-0.42346817336794995,2.4550596167274192,1.4783537735498116,1.5310506552983938,0.8169669235685284,5.944228146598231
3.8863947700465964,-0.10109010220593068,0.36324936570616995,-0.0440664503375295,0.049385988930743974,-0.12900847389081235
-0.6866497371578479,0.6557586058073316,0.5783886006663508,-0.1750767821311961,-0.62353434545861,4.4086250524215504
-0.6788342605284785,3.3066640455095926,1.980289973462552,-0.03939248538033451,-0.0190006006288721,3.7006113466165838
-0.46521264408672336,2.164778966666806,1.855871533640763,0.6877366567023306,-0.6045255526092321,1.1132622070738556
-1.9907134139366436,-1.162333874064574,-0.4896685371551839,0.5411462231058062,-4.807316299707821,-0.6224538269986768
12.421527613423448,3.121998656553677,1.6951755523602838,0.003600207781771503,26.0740667010156,1.8648041207803565
-0.15158099482251514,0.5062670540394079,0.5192247921132234,-0.18786780478865636,-1.0518722558183287,0.8642659556600714
-0.6560594863210931,-0.9040153307434491,-0.4040437741540018,-1.5761089599154987,-2.839415275830717,-0.03885757173019906
3.7566274693726083,-0.7840674291367695,-0.32777923962441724,-0.2715467884276786,-0.7656229284724297,-1.0366992188301163
-0.7632933278837202,-0.3329043073228912,-0.11594695219175369,6.632240871388034,-4.460497273200544,-2.3177152004917274
4.681985894478084,1.0197240708260829,1.384318959814404,3.4875471715742146,14.971494039352294,7.834921346392159
3.3759459454940535,0.8159133312602178,0.7537833327374278,2.054199369021508,5.0610875299020694,-0.3186665350733456
0.6891350168458603,-0.588288757375516,-0.20714276289804948,-0.09506570019929717,-1.2085742356550617,-0.31055865210912054
-0.5326798334978163,2.3629690108530172,1.3821592999072352,9.245200135692908,-2.0239015267555125,2.2767496101396825
9.363072539110306,2.111764906606559,0.9856367857373672,0.9305198136434429,25.760412533539142,7.27108505770475
4.840965639495477,3.2838777481884915,2.0894392937303623,-0.04253443442711498,12.602992844327819,4.477022549031301
-1.0380771151263626,-0.26898749445529363,-0.07615368992348018,1.1841182046542782,-2.164691855394409,-0.25029733845070523
3.0475245490929446,1.0324349096641594,0.7838066276127971,-0.5030273962134704,6.3429471650836025,-0.17066747350494427
2.5006871009465237,2.6785624151420224,1.565467433250869,-0.49945442169293597,8.697564689900632,0.998212384558131
0.5290645508191893,-1.424655917640349,-0.5680194638506038,-0.7202432776260489,-3.6392527936711114,-1.535921200519612
-0.8136320252237136,-0.3234374387835146,-0.07148178900728941,0.20658642096232993,-2.3273149006251264,0.9833879843504701
1.769146306800194,-1.651887326612367,-0.7310260579786617,-0.7505873567436139,-1.8529616357921879,-1.565270055405078
-1.2486944330067162,5.002301936199993,2.82278268831155,4.951418247807553,-2.0384472847846866,-0.1611337481094054
-0.053016315347945486,3.96016575497799,2.0242667660461997,1.1823568961540714,1.511561469582688,-0.10434237265031934
-0.20858827838802374,2.1527710448685915,1.157767199142691,-0.2644557255531949,-1.846476583893984,-0.9386967398009081
2.4768700807599835,-0.15439682909937316,0.05034808186625073,-0.3269279190978975,0.9523725462561167,1.298034337624483
-0.2852506971745247,1.9981467042050358,1.073481605269622,8.291754940519972,-0.912821184710122,2.505688118855348
-0.06536879083013965,0.4461426875180058,0.5203467825858915,-0.06599460654591942,-0.09868315988198109,0.38155866364725616
8.21125396195997,0.981294778223746,1.0840816411385654,7.305145481144418,11.57557170232584,1.0641148310983186
3.917895908062939,8.828364772550469,4.520520796686904,2.6924410877453147,-0.3797755878552873,-2.6536095970990803
-0.3579215619104783,-0.30464448346947715,-0.16083147420713112,2.6654629252690323,-0.596404672328096,3.2600425667271438
-0.8067467987061004,-0.6611941821783579,-0.2944416921183125,-0.7682714899967925,-3.548412852515255,-1.5918871871856872
-0.4882669455267317,-0.48383525629193547,-0.16517494498858856,1.7765915980190468,-1.5493512380071257,-0.20938247086002276
1.7381280539847337,-0.1361808879787709,-0.07395145361789442,-0.6236467510316187,0.36925387674175303,0.5934557123963136
3.5635472071932854,4.679021779572978,2.33729127434215,-0.008077145525901176,-0.21129080500425515,-1.9103064695481127
2.271485616437336,-0.47916861500219343,-0.18227165379383037,-0.3562453230560357,-1.9229275073314946,-1.8128085766021813
0.24521424300193906,-0.04943999712744323,-0.009959319103655795,0.16080836960121392,-1.2039074252675135,-0.6947854177314844
-0.28958324809515673,2.2254600848099826,1.27485825754797,2.890071591577147,6.314485003901838,4.31228644730595
-0.8177093437674618,-1.1205554984879817,-0.49654390108312874,-1.9190710243203335,-1.9123498774067298,-1.0810357244513644
-0.6872498324304263,-1.3505842778587207,-0.6698809218006709,0.5330748295068681,-1.3677569876794913,1.5000633805720192
-0.4251618596956533,2.269349657977406,0.9912019571993816,7.878801188071635,-0.9539542948045177,1.7195253372460875
0.9395327176158287,-0.741807477098388,-0.3158857310628438,1.1191918708073583,-1.3370794530786494,0.02326817685818927
3.7316034937794242,7.07298472977178,3.6474101740776743,3.4327184558625268,12.136403854814475,2.987434922180773
-0.8123919484158973,-0.8520313664501009,-0.4050426420115078,-2.6710926575859446,-1.548807215709914,-0.37112741862806886
-0.5472283560837664,4.679516942363021,2.0952905682099194,13.89780107337574,-1.7933422781339552,3.8080597724409673
-1.2294376123928004,2.4613778788492016,1.0237419394435456,6.833199536230938,-0.4838704182698328,5.322178083216695
-0.20254831024874292,-0.471987649755076,-0.1378215640281759,-0.2872177965824835,0.07032276195689013,1.2153372518071324
3.676780139189175,-0.4011838869430278,-0.16183008087346618,-1.8189504036504993,8.632954977752679,0.22679869229155536
-0.028594897781225394,-0.8281824703185294,-0.32597124688218415,-0.4618689470914101,-2.7512712727245905,-1.715351411960414
-2.1033944728748115,0.16449909653642342,0.43630556649384444,4.22598273773551,-4.448141765238762,0.4269513901458988
1.3453358683485894,-0.48575207227076467,-0.12825175984090587,-0.15586640758838444,5.824962752521997,8.96966714452661
-0.07707963002685464,-0.9475536923688477,-0.4257486968115634,-1.1129187354206853,-0.7957510676393552,0.4464222199696749
20.016492997945214,4.406415220951203,3.050663808722667,6.587592362621685,41.30548871628527,4.530910711291154
-3.1258463606958524,-0.09321531273103381,-0.0042569889545501114,0.30943199752220696,-6.383699210587133,-0.44971849292949245
-0.07528852681983667,-0.5254291498536022,-0.20568513756542728,0.45033655473261436,0.5165278645851513,-0.07259312056037759
-0.4173060216975589,7.67402681966763,3.9950189288697056,4.131696162178059,5.093282781689864,3.0380122134427223
-0.251041408335338,-0.4593658963802679,-0.0983068144553903,2.130285406066281,1.6524748822414566,1.6034521354434603
2.852298444445392,-0.42068701717455914,-0.11720177210112813,-1.4628165543562046,11.257834390960804,3.207950017253758
7.02884643471093,-0.10078093502994377,0.38251494054615104,1.3356282583151118,-1.1240814787717242,-1.4593944900378917
-0.01594094427140751,-0.25555628033786454,-0.11315873804051378,-0.6336146674355896,4.375080155423219,2.2691820245993854
-0.29224038850077133,6.86556285554048,3.4502287817702864,11.510061631647782,0.43372328652494085,6.137603276822557
2.736891931749964,3.082374611172326,1.8077223210806568,5.389231094102906,23.108187467265424,18.311691486456258
8.941500005595962,13.911984636858806,7.009743742541041,6.294220710505579,39.570024063798485,12.472324608182639
2.306408678955087,-1.3416550331310961,-0.6004191919885286,-1.6023447570356906,-0.8526623986306149,-0.40333966721044984
-0.3598817906525811,8.509316518917291,4.80235604533097,8.978213111373636,0.03094527821513815,6.564787762757516
9.107818878297461,4.97861200600996,2.8193215333999118,4.3315321143656025,36.58759293243225,12.2075582362058
-1.1649207115148263,0.031266154869896146,0.3355439398740685,-1.1427539710602144,-3.877900263144744,-0.9188955499532085
2.154037704892518,-0.9274926734949922,-0.25698774960491094,-0.2424240315271,-3.4257805457735233,-1.1723972019508981
-0.12766947456599462,5.245700570926412,2.9341253499164988,9.222199498180627,9.266145243902836,9.015079268579923
-0.11660990486692456,-0.3394277062504709,-0.028990035052304998,-0.4633066054035451,-1.517690433549129,-1.0839446994983637
-1.9780292348852417,0.9474926137978847,0.7283369248697316,7.406999251491097,-4.2411302062482745,3.57660850458283
-2.485742559200169,-1.8634264487378296,-0.8072040178468035,-1.5710422793866232,-8.455383521699636,-3.144023678343584
0.5941701004997236,2.063443753617866,1.0021369787932657,1.5581682482998471,7.355335405824093,1.1986954788671222
2.387700149203539,-0.9583108468161406,-0.49319380897625864,-2.0552058137371936,1.9183563089157039,-0.38392480781831373
5.208661251645448,4.419639590851699,1.919503704399109,6.721854386428756,13.314492912850312,3.8068253463336736
11.539368659076088,2.9236288935379444,2.306476269609634,-0.6330702177484174,18.107948762026403,-0.6536882797924556
0.6620376388470056,-0.7723814622138732,-0.30781870039184656,-1.2404631963953279,-1.3582704059473656,-0.43721618685842945
1.8694985230669041,4.387931602673213,2.5503151050317667,-0.010793713972192243,10.053964725374042,4.307180475652115
4.510131134228388,-0.3410963270380767,-0.07415005261657051,-0.038294963346369754,-1.3091769489131515,-1.2408895635003505
-0.05301853313804408,13.989734058593019,7.152179466125933,3.051671764430198,13.279148639856189,6.3764981191027434
-0.17963670706672039,-0.0648274385424904,0.7020314100196063,-0.5753372111055377,6.4110603249318325,3.33423311086007
-0.7876286527766481,1.1090887956338573,0.5610281289608583,-0.5191902778036207,-3.60153617039814,-0.5912908402680513
10.765682563408774,-0.393235768465805,-0.11304649901746125,-1.2435529222239385,12.879813750363548,-0.3992931323343316
-0.6117579449085698,-0.04583719764418168,-0.06511662798269018,-0.5041576415390084,-3.5249896686600195,-1.9505492342998096
-1.6975563064926296,-2.073414614577152,-0.9252924502766092,-0.5148006719591834,-6.892683669273596,-1.421178814848048
2.4969481501249238,1.9150958467038195,1.2434544030113504,3.581527840260607,-0.7654026786683439,-0.8897444099977063
-3.5158673854679323,-1.5785530207174276,-0.6788923131110653,-1.1974989373773235,-8.575065884426389,-1.1452806702676535
2.4517811809187515,7.888826703644609,3.692766221358109,9.206633404322064,7.164762293659415,3.9794314468688947
9.792557463615625,3.1934949579671783,1.5619882372526364,-0.10115673503775119,20.577466651370813,2.009367064820098
10.337917034425583,5.014654495669091,2.734814678011883,6.472542199496579,18.378224259053532,4.611377087679762
5.738964404776702,5.947682531311044,2.937280900075548,5.978121451897337,14.723779590055674,1.5209510463695508
1.445605100306255,5.172178220021615,2.7474599482857647,0.08914934769391003,2.2919509698960736,4.190272817892297
1.0041088439204673,2.701546025308281,1.9320713067590054,-0.11540616996234432,10.393598690698376,4.029982784210753
4.119152417020077,0.22375437574521406,0.6891027150079042,-0.3358755084899349,10.479221552444063,1.2454750360058686
-1.1367859159806486,-0.505949353613173,-0.017445090184926525,-0.2974052910327768,-2.952098812810922,1.50294740769997
9.012957626510802,-0.3502995216233263,-0.030949107480720352,-0.7404429735377314,22.709421911604316,2.240041715168052
1.4571252734461964,-0.296142443295219,-0.02273502251158104,0.0073310496100954525,-0.6169090360836167,-0.1380195157903842
-0.6220135001912603,0.9861514194608014,0.5837703535687806,2.623828073028551,-1.502985071871421,-0.40526802947463203
1.250008125850551,1.595605000080818,1.100331204201743,-1.4203390830316298,20.025107623232998,11.000593299001242
0.06208235730570355,-0.5592842509457757,-0.19980723989668803,2.8727683349351985,-1.0346628290852347,-0.09885992428267452
11.737962097824292,8.91683884611501,4.562729757474779,1.2821364341596864,25.813181117464445,-0.7808159745953955
-0.12345501337716734,5.148975061157859,2.778981163230407,-1.4433798937924598,9.647550569681068,1.8528927694790511
0.4354420506945036,-1.7742459001647863,-1.0322747257007436,-0.4401014260916043,-3.2570273655978514,-0.3561667304722044
0.7928455398840298,7.785794221869643,3.5469942123492837,4.692893218130141,11.668076230413769,6.765771218362734
-0.48514365915956664,-1.384830248323777,-0.6676006537985825,-1.2314707743544089,-1.0882845926665394,-0.09925780649704846
7.440585263530914,5.009795847223148,2.6586053341777918,3.149498222936985,13.907036181177258,1.9380993391907526
5.799840319384567,3.0892110044197043,1.4193639404266776,2.836681074706931,11.161831952101627,2.695238365840166
-0.8588051992251468,6.645004673981295,3.664079327610509,2.12235767700247,-0.4051788717320813,-0.2522533125265357
-0.16305882611475472,-2.494899782291451,-1.1117293924183103,-2.2343139550230093,-2.619908528670872,-0.6219903421247323
-0.19251501914658053,5.305379132873784,2.515518195078273,4.107321782362255,0.6428759563559403,-0.2212458634563979
5.31677780032644,-0.7612692153663747,-0.3582055959258442,-0.6498638826527933,2.967927624949878,-0.0892078645268041
5.333662653286051,6.0460400564439105,3.9632691500133252,1.5051533994149702,12.533063469813815,2.3216003494577784
-0.633141099322156,-0.6683645571282166,-0.29139780922329106,-0.9919504868390631,-1.0006511677873637,1.5183956129941643
2.218789696498282,-0.2779072090641571,-0.12277112632022341,-0.3448934656551297,8.95147289036144,3.609592921742375
-0.3016585430727452,-1.3711351684939954,-0.5249960643254108,-0.36668103429765614,-1.9254326928709293,-0.31245399740582797
4.944955867511606,-0.29836443661164724,-0.050743171185733175,1.6578633111932437,6.328774032133483,0.5252143104232341
-0.3672867662254437,-0.5611038614887119,-0.14308739254442737,-0.4468807776150877,-2.6867548961423764,-0.7997550826667755
-0.10574300535998687,-0.5118921558901094,-0.20758680194538567,-0.4713183940575874,-1.7911717963403924,-0.6854342835056964
-1.1860464100927937,3.588915702264594,1.0310149100775554,8.985374428685265,-1.8394510034911336,5.940521168168571
-3.916281514320662,-0.2607923854815435,-0.006091539660511747,7.472114139151544,-9.069064524242336,-0.0014988507518528317
0.6130325614272861,-0.8784358310757402,-0.38541421937711506,-0.7533768706937274,-0.9200775488153168,-0.345225745398573
0.2655619096658304,-0.26494963759499185,-0.1795424535329811,0.0004938477244460504,-0.24225494840300785,1.7113277280950587
-0.970022158481657,-0.06871389853487112,-0.024532986614837916,-3.027562445833057,-2.6530907854608565,-1.146373269150584
4.419226738235444,8.172725244193437,3.9810740160538707,1.8719467841992354,22.656969557421288,5.3162744935544985
7.852163833022666,1.8810421715937906,0.8797865324750429,-0.7105201266246898,16.02939477841579,2.879938587904115
-0.9890610240921728,4.870105826866604,2.589288289895703,14.775481360749565,-2.0315546054999523,7.002987622446887
3.808443966271847,-0.2924795445808811,-0.05808777649370607,-1.261028021940064,18.88643200556168,11.136540622816222
7.0817004899792035,0.5534879992290469,0.4925406848315447,2.4068110633094113,9.008459070260013,-0.23748896256513186
4.921085630484285,9.329226225731148,4.570812539613032,3.3641499981838363,25.18826429165281,7.015598543042405
-1.4831431039802179,0.5285509949872813,0.7958240252147664,1.7007326479845108,-2.5994747888292826,0.07255411013833335
2.4407407036772324,2.497994823719416,1.5109064400205148,4.621278798229263,9.413313093688606,3.306621327618985
9.657666878651385,-0.13097536842050939,-0.03960225908996276,-0.5695728772838363,15.15161359625033,-0.21010003064779173
-0.4073891756359158,-0.5494189543446227,-0.19770106121789366,-0.5408934031106905,-0.16601903179084218,6.3569552357285986
-0.5726331533816085,-2.146387425595073,-0.8538532416660121,-0.31603538665338743,-5.267409181108242,-0.7942119205722963
-0.0916124646767723,-1.234889021703234,-0.507655582778645,-0.14239211264833315,-1.5060033931392587,1.4486061265458905
3.2165916491602218,-0.013117260050747226,0.7675239000188868,1.2416067908840027,0.32197092727570215,0.22673701843367655
1.6131021868982387,1.379928223261941,0.9499824519716986,1.5615879188201305,9.93726610767568,2.4887517554740715
-0.6528275309353874,6.1212144445491,3.241666108864233,2.549896836796276,1.5716345108950087,8.038175907045467
-0.04014025506640047,2.9384978666393198,0.7820925823807905,0.39090047366710384,-0.36045976665655033,-0.24123844282785534
5.3576251532689465,8.13909264095876,3.8771624009434307,5.074760427886322,18.10624197888185,7.537876208792001
1.9321508320850083,7.340600864449642,3.8424031295083436,2.834078663377359,14.08723112308126,-0.039534827693514865
0.5316553959869761,-0.9829198288309666,-0.3407140256686842,-2.1640460463193576,3.0713705556204873,1.8249904363276321
0.6705347489732506,1.433187498504217,1.2654090796145705,-0.06304479389878592,-1.1953255620655612,-1.0588326307393643
-3.280770412286717,-0.7250393560571954,-0.2546169746377587,7.175727308278542,-6.831661025156599,-0.07902094904017037
0.6256278578216067,5.784437614971652,2.8593487823860695,6.47036462730977,7.462117914121296,2.745526705632887
2.857905943950013,4.334001239317059,2.309721951468512,1.5639005556168184,-0.04093929989688321,-0.598075160611948
2.52582751901367,2.9120990486636344,1.701197351324836,2.0370345053241508,2.462860387922228,-0.2619959190883592
0.5815878333581017,-1.0833599675049679,-0.4549374742839352,-1.2299793275258328,-2.391299070616213,-1.346632788478855
6.193704208383472,2.7529554812037835,1.7135563403840075,-0.2550036291450535,16.24161428814099,0.3209608863218372
1.6379864497895729,-0.3589269540040551,-0.1554699959977014,-0.3217455188104253,-1.1139455812933228,-0.14477612183642052
14.14289759768039,6.192890192147671,3.156510430274308,4.725638455500455,24.056338272617463,3.297010378748764
12.797371517248742,4.862526007869695,2.363016784846259,1.102527757417203,0.16249403785186023,-3.512729174970862
2.8483500187399438,3.9379639740083467,2.287013436156024,5.816466520395119,6.691602895382495,3.3303115229620595
2.767868456640742,1.4506455485274716,0.06004948443480318,2.0232278282746465,-0.2516806192902033,-1.2570189481941438
6.100362744762093,3.9113724620416,2.0669384246362696,-0.7297574892398494,22.325920051595883,7.4070360314935915
0.6171786724410856,3.4099960973915,1.8673174495328215,7.553821509581908,-0.46364666398965265,-0.9972892940156568
-1.1010476198053645,-0.10718897938892498,0.17015869398814992,5.454985425374245,-3.9904585835830972,-0.2854084426519318
0.20236027775695054,6.944390907988697,3.689894008642723,4.046810009522153,5.625045050678203,2.7057507036930932
2.1104999678683685,-1.2993676624954007,-0.6302980130644041,-1.0444591469359932,0.018412874838273252,-0.31331939054811175
3.0160813795340466,-0.4496600998648463,-0.054825004514737846,-0.27957129223242816,-0.7049477171112939,-0.4532889118436618
3.984491126759937,-0.10882452657714928,-0.004587537415293874,3.3002494603682875,4.17519503840823,-0.3064457976579935
-0.32571842796594863,6.329277510506564,3.846602984534104,3.04371661307652,0.8158498440795783,3.945438204407571
2.460690248210626,4.008447619337948,2.082649633754203,-0.2676091896866539,9.95094308859218,3.0109488414682435
-1.1903119599651333,-1.2174907495929639,-0.5288168715637805,-0.6822647746549674,-3.4894669977717423,-0.6169261381569147
-0.6655424761844224,0.19637163886755787,0.7642310038551898,2.5124463186314077,-2.0790764608026584,-0.013631235848170387
-0.1871009357243202,-0.8326246520221932,-0.3200371263422013,1.1674665659846735,-1.6877705956079492,-0.3773451125586833
-0.7199629799949636,-0.13178885249896244,-0.014483907515749551,0.24339198335993806,-2.5399969168471195,-0.812949789658714
-0.9135193755123217,0.04608870637038742,0.4026410649883908,-0.21450371336025015,1.4010171467214294,7.2462492558219305
6.3236051648527765,-0.8633203731488313,-0.3451480771224937,-1.841625151642071,1.61140787463034,-2.1801638532649834
-0.6607012567432513,-1.4285287227685115,-0.6882109097352382,-1.3699109146263413,-3.5505835414080766,-0.5559060445151612
2.297726033762768,-0.09504997634599122,0.13724139369055116,2.482073502821013,6.674624329819321,0.368634217718192
1.8503046634169422,-3.169662576561727,-1.5770523576395676,-1.6698399677802342,-2.8687493350084523,-1.8028712825275308
5.043800743251909,-0.7058258102886528,-0.29494432957911565,-2.0010030046501086,4.118837005177229,-0.8858060062567109
-0.45502492266392847,-0.9325944721708229,-0.47955881943634576,-0.17421134513604894,-1.5462247615167029,2.3558693498511207
0.02327980587786116,-2.108990063260657,-0.9416109307477885,-1.0324918373498888,-3.424660803682016,-0.5988100893284376
0.40185718483113453,1.6720750154641348,1.118288240940427,3.1377074552499593,-0.3817722078176637,-0.5151424527080929
1.90164301938858,6.884159144349387,3.5702133255513493,5.7462701214161225,12.928536085036407,5.148366774207923
6.101669297423512,-0.5102079467212443,-0.0787348034821218,-0.04507298296552192,7.133128250744405,0.9050073578748126
0.42969337050444073,-1.7871113813986643,-0.9310827543226889,-2.995689831060619,-2.2503577140273046,-2.011572139019625
2.4643699448319056,-0.4633456787367938,-0.15865410703423125,2.370263355855334,2.1670297360127644,2.2697357091767927
-1.21252933091163,1.1320841383109888,0.8113057803788382,2.0940535184713838,-2.310682849334377,0.0795628091434144
10.725791291712511,6.554031787125846,3.4426255505959262,-0.6099162695922882,27.462650262005806,1.1104080492828317
4.996674464974554,7.251564524908998,3.872671491533908,-0.21393471370736517,19.931017541379855,7.166617250261866
-0.9041390875967918,6.372659049626957,3.067706836279806,5.916073733556096,-0.5905205848485376,4.2905965476559125
-0.23356956153366792,-0.6767443805049685,-0.2782120608561968,-0.33299781899296943,-1.1923565082236998,1.1663310074785629
-0.8402567825073783,-3.1961716877379445,-1.4919722420472477,-0.005645832236557635,-5.045859817100129,1.7779690391606444
12.991927229631077,2.8851734303685417,1.7117355224158075,1.9188906454662833,21.895512682417184,0.1877109117665835
-1.984166546615362,4.055588500476563,2.446467081302052,1.5313041255944484,-2.3669682074021927,5.336862523708075
-0.7139271098434904,1.7893724595656337,1.3117237816787837,14.259377335775527,-3.8859030897162334,-0.6941659679747474
2.0443537881257496,-1.8851153554070184,-0.8627708973318458,-1.3427420451465188,-1.7727320937099549,-1.2873805168092676
-0.6968187074360227,-0.6560772047108854,-0.2847967231186438,-0.5539701951111428,-3.4171723533929277,-1.2782438558210363
2.134257376847561,3.588125050993804,2.125653948844745,10.111898816723446,2.4110007490067216,1.2230220930118163
-0.19717155217430415,-0.41017200853336694,-0.24823480199650386,-0.6437294394825858,-1.7746108050704645,-1.404255115138894
1.3532237085390793,-1.856482177144482,-0.8113550500076881,-1.5920110294759047,4.804263743870332,3.079865771558592
1.1118726317267855,10.001726572113798,5.048948043973523,11.40062612162408,8.101035836103506,6.29195802073348
3.132703555826706,0.7708695100620893,0.8229208954254555,5.799320984009042,-1.6751172596270967,-1.9064980637868072
-0.9225905525798983,-0.3854508215576699,-0.09196368304787775,0.4683764529660287,-2.914081377889687,1.0510041144088131
4.981931932116233,-0.8466078816804643,-0.3210871425970836,-0.3620763412195531,0.07506065554272479,-0.532639792776966
5.063775518281186,-0.2938796872035791,-0.06476606319765581,0.6118708136797134,7.055626406438227,0.8115111795815728
10.147375100594022,5.958252620164574,3.371855607311759,8.7922257003925,11.30458648455738,-1.1209375419493721
-0.9641670792419501,-1.11064314206425,-0.4068612462933768,3.996857143053851,-3.9612478776975366,-0.32071763748032517
2.144247591170477,4.609950859391658,2.670374963678723,0.09575157086950792,8.128318950539265,3.641450769639971
-0.232962838628858,-0.07314447618566611,0.3450601799934202,-0.230764113443162,-0.41065911872005467,2.9134456776145043
-0.9960541666134646,-0.8455994313969382,-0.09666005216690068,-1.1313339169955385,-2.8593459886210373,-0.4504037380155838
19.413851797991835,5.607152458706453,2.8668693964696526,1.577629237869742,40.055946478570675,2.558800451943278
5.0507791501866155,2.2505011150037317,1.7306248985150523,0.9017657392476693,3.4537007115849865,-1.4309926807991562
-0.01260140049129448,-0.5508758454429802,-0.16414086174425596,-0.22268396283743616,-0.4300384608761767,4.265379936963576
-0.4953529842065161,-0.9035764874190337,-0.3732037108137653,-1.3467808316176062,-2.421769716181669,-1.226525703411594
5.651713765177676,2.9005431501050616,1.3483049092285277,-0.581877508807691,-1.9249119154830283,-2.7409831882539595
7.44960122546481,6.361756738969772,3.3583198997263017,3.1484701455393544,21.61773825598079,1.4178956242140093
2.6298166947468125,-0.3055835545921841,-0.14760424928697713,2.5282075748689987,-0.8412982463896435,-0.9823154986241956
0.08487242193251032,-0.18857504071218573,-0.03043279474212317,1.8420378397861543,-3.462944915805915,-2.093656230760867
1.3668683462996845,4.735288273022016,2.165949168164544,8.529415438178079,1.0584405073892695,2.355399243597758
-2.0579808291839217,-0.4713848411689858,-0.16292148637876414,2.6917087660078556,-4.357335646639337,1.7913255731090967
1.0922451127689616,7.31655752367515,3.532790510495478,4.264207054807509,8.453262855736005,5.259459644952653
3.5022199105332286,-1.189768580444533,-0.6522110981573739,-0.36560047441017546,-0.7284821138914271,-0.152268580327507
0.5124347922540649,-0.31152861375382623,-0.0994117326360669,-0.08334303691303857,-0.4730039382118456,-0.314851747659604
3.6273224716558046,6.294848860310918,3.1886860632269247,1.7729166503458864,15.116634712041124,1.593778195235152
-0.8350031915314049,-0.282637948326554,-0.0376178743247259,12.351018394538523,-3.742007711044773,-0.3895921233926738
-0.6772989465667667,-0.2774455312305352,-0.0943004435935516,0.14224259741922363,-1.795684729975532,2.9799572121777977
-0.6263304214050431,-1.0421286854346101,-0.4558560669958662,1.696762017994144,-1.4557379366156484,3.5421655934292238
-0.20467458621347023,-1.3732832457191932,-0.6915423477193935,-0.9512719280459452,-1.0700202680414694,-0.6535856376287503
-2.6061766680963507,9.511415346754882,4.851546614400007,1.736983689564099,2.393603339785825,1.4217402236936905
1.8988982438986854,7.9937813314189246,4.107257017467187,4.548773842095436,5.99190438682303,-0.04512661804725984
8.635928728952651,10.885751818575502,5.504797959590348,11.938378284331902,21.821306411893275,6.301584475544747
-0.5673861096136591,5.826481288393563,3.144781618701417,-0.18715539714682913,-0.31587740096091405,1.4271150039068277
-0.985601668706416,1.537997078073767,1.256914889036778,-0.03009523264703249,-2.176337556515583,0.8259049569909416
5.2750960011343055,-0.024538568318485266,-0.005377289527890273,0.388241116352213,7.356612056382106,0.44017471630781985
1.279026243188257,3.278621398605818,1.5446604438242666,-0.7142998988695232,3.893307601307488,0.020456742633857106
-0.07736243274152979,3.8177851632005937,1.8351525267959041,7.806851647241039,-0.3651093101116205,1.3673404599879297
-0.32366258595679964,3.0180320285271227,1.746946242938684,0.586180840959238,-0.31313769670836655,3.9523549050747606
-0.05347893441383938,-0.1977789494941434,-0.028480051690287556,-0.04910265382735837,-1.6870711630867612,-1.6938561104102279
3.43658545231691,-1.4648687199454693,-0.6072068428397988,-2.2720253841854077,1.6111705820549007,-0.6672766675032538
2.3220934095146504,-0.8218371784802981,-0.29104550467560186,-0.9445178369062482,0.22205348418728899,-0.8526113311396127
-1.2271529424188556,-1.4021263793026089,-0.6343513448043625,-2.53492315803784,-2.6461059050849025,-0.34617484066972365
14.307250443026156,4.29457130674969,2.5734223491470383,2.630943501405881,27.23621475076269,-0.5927644252702778
-1.0028398916767924,3.6187263959576645,2.4766549311380066,-0.7644753587129491,0.2828023732058769,1.937129919480013
-0.2602151768080797,8.425006885680661,4.4325224468883695,2.1967943356170494,2.774381471980623,1.2716265317737743
-0.7723954660181329,4.248426410927483,2.3548652941072663,8.124961527635955,-3.6187401892203144,-0.6306367662856918
3.789727109039676,2.2406156512647657,1.3466923331315903,-0.024524494293843225,7.569487294780892,0.6364059020729258
0.15413898346247745,4.082340400827495,2.8797857578153767,1.9216868077569984,4.935363976639776,7.436185885627652
6.587611461794486,1.4843301854919544,1.2309231529396123,2.0704238756165187,13.800963687539223,1.214613221483753
-0.44328510194890147,4.251259664860383,2.328804942249341,2.7387518980827705,2.278312486244251,-0.3470019131551426
2.732583035532516,5.735909198309214,3.206214500225712,1.5055266943499566,14.037943602102096,6.762304772386244
6.047610279590793,0.2673350226735578,0.3230400346119289,11.300011189128359,11.941473820222377,5.6760339021500865
1.7248595941613796,-0.025020704095679625,0.2251503189686317,1.6586348860069284,-0.3082779184876927,1.7434050814877797
-1.5816144191204504,5.323407625500172,2.8341355963110617,6.327063847283315,-2.284986710662952,2.066057116638877
0.39665669301890877,-0.4996248338241162,-0.16110633574752478,-1.4426366005331506,3.4044778980800046,4.329429027640173
-0.3561660255859806,1.1550749733022432,1.5424867362168508,1.5396418240129384,-0.1318077528806921,5.672032617981829
-0.2063269870789648,1.523530604883559,1.8816399158559272,3.528204548374439,-0.1626560604831359,3.4133207065528577
-0.6139889988619986,1.3673061780230813,1.0383211272383996,-0.32551641670542314,-0.8911704218294768,-0.01183815930082064
1.7624514129759379,4.587162396012811,2.637966331934041,6.570069451359416,10.389466155757466,8.524307859021368
0.7169661898339726,10.311369656113259,5.202609744281791,9.519487015615915,9.644468108412418,6.071263166735867
2.7741590963349445,-0.05467456296586318,0.04179539537426735,-0.2808220368493849,4.068701784267344,1.1672045601424428
4.219542937504809,1.8411776162441846,1.2173312507839111,-0.3951588545755291,3.3610263709707406,-0.41186367718097827
1.7177180865473978,-0.20572044553001848,-0.04166985020883984,-0.22306053694466652,-0.5631896387878194,-0.26487515249964483
7.052161628068285,-0.17846928571152637,-0.11073716832849244,4.419697428482867,14.887122669017604,3.889507487366717
1.4966110842057332,-0.1630257657502315,0.01070694940785355,-1.308177812154085,-1.155745343840709,-1.49686486103648
0.11974901897104862,-0.8766553932729146,-0.2640790346751646,-0.917713310790483,-1.4522793494611412,-0.6339509022207963
-0.22753686695352685,3.5849458413201525,2.0473885878028093,9.759740994053663,-1.741619219981892,-0.28019869276006737
-0.5444035960207199,3.0488235425438437,1.315585918812479,3.491572574542608,7.408533098336642,10.692704607964561
3.5918369433004296,3.1735114294600852,1.4929680364948394,4.5737243902483575,3.2038974835805685,-0.16020402520559524
4.22926080126674,3.9243822082569104,2.085001038542309,4.050011526833008,16.256195925237513,11.011878416646416
-0.846589689228676,-1.8358725882267484,-0.841450672308945,-1.6251346593849842,-4.208700232248563,-1.912392610715055
0.7080059285511664,2.515568157585248,1.30948708419089,1.0498861753675999,4.4654064786935495,2.537903457554057
-0.4908485905085968,2.1309801819578627,1.2533818770738048,1.8809574661500565,-2.405386131044203,-1.2320035774165934
0.3443782406560463,4.0324818154979365,2.295822829267455,1.9694474534613335,7.038232744049636,3.582323941237915
3.3042465338180165,-0.2829251192125753,-0.06593074935897839,1.129051544416129,4.20122942285616,0.7973015094617447
3.006248989929434,2.6018980623791443,1.885085246202912,9.073932648934251,-0.8554454970790453,-0.20569488445227468
-0.06878794686741947,-0.2755702320431267,-0.005989532028162704,3.9574660680147966,-1.503468540513853,0.33261519655458066
0.7088804164659792,1.9707099011942937,1.3851731677165282,-0.15307420045229905,-1.3503754102720702,-1.643791168878277
3.459080616981586,0.18242936495493606,0.10870155239519019,-0.3293692440857642,0.04345386490672731,0.43186731124447714
-0.43070977632785823,-1.1574069514768663,-0.6286465550262508,-1.8491971476655877,-3.2326562385033704,-1.3479074301671021
3.0633310168228274,4.013824872625025,2.3061428134528708,3.9480422506891584,6.437363037921218,-0.16370977320337854
2.3919885813610695,1.3721875022383545,0.39510693016926113,4.19154008325156,9.151953037190836,2.1477377827857893
2.044638201957306,2.888519366149141,1.5611563060045068,2.7635833650566375,1.9092853124598625,-0.5686219173609953
5.1690413200397165,3.5160330158148394,1.9566305868172085,2.664236244434104,6.867636398447329,0.3763470972767126
-0.8903959648526936,-1.0885153453310266,-0.4964510388894219,4.313093709554694,-3.2148269326645575,3.8494806964004447
-2.462949673891337,-0.54177602776006,-0.21421944304545937,-0.16350943460992542,-4.862300363876064,1.3631514788361039
8.694778653394298,3.1208308494463055,1.79462512736842,-0.5625407931658345,23.06371400969351,5.741009668129889
7.0042244823697555,3.0473789743428545,2.1045280660448453,2.7205505670329306,10.75485303690917,-0.40881933707576956
2.9640953363116314,0.04555962207838371,0.11116954985147887,-0.33877649546481203,6.416966199510306,3.4300831630464597
-1.2972246044493163,-0.17296195450366397,-0.01933431315023364,0.5662757162424817,-2.4270421116174803,-0.020780310041212214
6.329189967034157,3.620249718693961,1.8615614380484393,-0.193096552148054,9.779643648621011,-0.5066400336584034
7.615694660311315,5.302377123245394,3.13622693189428,5.456276086488091,17.36403123581536,6.7394838723770745
2.150974407199151,1.5368669587599493,1.2941781356791948,4.545137473319624,0.2788645649401156,0.9131223109144603
-1.9716893755628018,0.9774770347717336,0.7684044173627332,5.171681846180143,-3.7901515575601934,0.845132466347452
1.126482009573198,-2.1886144319031726,-0.8698464722487493,-0.7128699519660859,-1.558711742992072,-0.12681881809927828
4.392495249278676,2.8869134524534434,1.5455565945716534,2.7266564644210405,5.298520831184952,-0.09406288667262169
0.7141636596666212,-0.08713720537011044,0.007250110187291714,10.938231056629343,-0.4232956135830646,3.565574564174974
3.5567024158325697,10.892920663369276,5.440270773736158,5.991501735350269,26.173223366280908,7.792494816674677
-0.563070567708731,4.859363570857137,2.2779861518379088,-0.44121280637881793,-0.22814101263339026,3.7115891954475053
3.1667703380814043,1.6444954257689042,1.0964013840416702,0.03616849380140941,5.916531470346502,-0.5714423733424557
-0.01835377525052533,-0.4820522976047409,-0.15558571825909626,-0.5685267414713637,-1.5876060932196097,-0.7724336912844985
-0.23354341507294502,4.1963524455718835,2.2782096196542376,14.545683895536289,-0.7246201899998024,3.4329484556533174
12.593663733686448,5.353481915463084,3.160720441875029,2.2786657326250035,30.51851502014494,6.818034542323185
-0.8182810016342965,-0.015038775631409007,0.034139954760768254,2.101634233969119,-1.5879737905652151,1.2747320642879383
-0.07772537332027363,-0.33688782621117985,-0.11142503400031717,0.7452748657729081,-1.7393859225916952,-0.9351379954662241
-1.8297866768891435,-0.445041793341116,-0.20058862268467803,0.23371200225473754,-5.224690136253681,-0.26631786081604464
1.9553317941464272,5.484437724622455,2.6109623470667374,5.348527405395809,8.076948747639463,6.146326904263251
-0.11389813508766844,4.2588251577908425,2.3285421981827783,10.475302549788433,-0.42582420345863303,1.8325475456046514
2.606539069757456,-0.4642449194208319,-0.04844107201503145,-1.8916518266361841,3.8246787809008302,3.4313121744810315
-0.8593257036307609,2.737441611498777,1.7834463871585555,4.716314096308389,-0.6558398900530501,1.503103415259267
-1.5938123382632432,-0.6970612119117957,-0.2739406989202625,1.6818578716489778,-4.124357210470057,-0.609449409603503
2.8924012109831656,0.06553459305630027,0.19453989533885113,3.3573847463229747,3.554041141835608,3.9951415676593376
6.002698818279216,-0.5825632280756129,-0.231881789175008,-0.24811458602762015,7.8410282780130105,-0.14368136921342908
2.0138056622443976,0.29117005574937416,0.14175237300849475,1.4884973046367025,3.3760514357056657,0.602761408041117
4.478698851672407,4.125464327541192,1.6458037300823778,4.073758200535241,8.198812610196166,3.059278140930199
1.58302133473854,-0.029335821975098632,0.22055842035331658,-0.8801464225192119,-0.9978287548864835,-0.9371470020583774
4.076649978349672,-0.15082011107963592,-0.103581388469421,-0.6617622742836651,1.009469779777626,1.2572682539924158
0.27282014525193055,0.41518783077641663,0.5369107224120703,1.4622022146935771,1.4804421866582875,-0.06333200692165995
1.5985382178328058,-0.2653342510437172,-0.04801783028529898,1.150344565666963,6.310617474287651,5.941502989264254
0.5312693833084002,1.3230801694601162,0.8676499482086393,4.279158624514342,-0.7155472871200654,1.1981958753423059
-0.24682525809198042,1.5265789918536448,0.8422349687119006,0.6358281555350576,-0.8236939356331585,-0.3790234035476217
-0.05880879951538365,-1.2728144803777284,-0.5296351273460498,2.3231208163422514,-1.3600461968745376,-0.6863952183516405
-1.0321381355061272,-2.0559716804846135,-0.8801291142056661,-1.1226703966837042,-5.034108330402548,-1.377596169114839
-1.5903715528501368,-0.30066360819233423,-0.13476357378765888,2.4691080665615353,-6.992179315749205,-2.950333542809288
-1.2350845698100215,-0.5001608495512918,-0.03544105214306235,3.585109599754049,-3.6966077869782255,-0.014617315002723875
-0.5183847434939178,1.2812321735205834,1.1544356742707196,4.750558118751786,-2.425370672472887,-0.3523181887751244
-0.6302822707286602,-0.4457574209113611,-0.2672181064533835,5.488386499745868,-1.4370168321163288,5.092238418014798
4.314590244021155,-0.700778265800424,-0.20257075815286343,-0.1794533060428154,-1.6585216120026847,-0.9786576163978467
-0.2567278402090995,-0.1914545413843296,-0.08452978678292672,3.0564585098901667,-1.012691619123604,-0.041671391769860455
-0.23194795238536542,-0.07066710080008982,0.22476466000257628,7.652300399159801,1.1895576568017248,3.437230580900124
-0.9605701450717783,-0.8285028765873874,-0.29008777889867315,1.156663317969547,-2.3804984631497055,-0.2672457225646967
-1.0692609830232678,-0.09763798602187171,0.028774267610666038,5.730890116892055,-1.4598757955595714,0.8248818906686204
7.121145103629778,5.155145271539763,2.983476255575343,3.305515421581924,14.802557990264011,1.6808847924292958
-1.7449275693498938,-0.4442212783963087,-0.18664601311077,-0.7231500304706963,-4.039336495056884,-0.8900514581315448
2.084893311033235,-0.06622091743747438,0.23023916104048792,0.043640763135813554,-0.3390722837688224,-0.13963149711816594
1.4097210650430707,-0.22367693838592403,-0.05651982177912349,-0.015676448556221214,-0.28484904237455855,-0.4412100101892307
-0.10240161055822115,1.521244947676702,0.8153484313733357,3.2094571876827196,-1.4180919127890517,1.0493334618519556
1.1252805499295033,1.8435712881038837,0.7718319577373702,2.8201251666007385,-0.10657449835456256,1.4119134253329866
1.244356812018867,3.763201233243123,2.018445132164815,-0.12383214088072765,2.388855498899518,1.3945025533125697
2.2200547266154183,1.880716800160331,1.4071517184989975,5.9644271265138125,5.981006385545499,3.4923891636751527
-0.5977848637897243,-0.6884733675549297,-0.27977462318438867,-0.11858716192962913,-0.8741434039023206,3.155088431951053
-0.0844841178883359,0.6548910351145475,0.6544582550782871,-0.9350715453087027,0.004316208047720482,-0.44085779594556274
0.5270306807255024,3.404005718000576,1.9072234885284685,6.519251018016675,7.659732633721237,6.458360598317105
2.4095017745378433,-1.4225669441773694,-0.6373948408381276,-0.4315400754931764,-2.0094364211906646,-0.8898832040581088
1.1943676593194714,-0.01884499448068999,0.4545649902992648,-0.41209588440852035,4.200013718621335,2.665574526602681
-1.0712195791978578,0.3364152293959721,0.49026532311944787,1.6364166224168928,-2.2610705074486663,1.3906092367051102
-1.6063216205000814,-0.5275494658930572,-0.34143058871531135,-1.4279439630199016,-3.771437329709716,0.48815945191950744
1.304652991141615,7.593652344958186,4.066165984818335,3.2192126188759866,9.692689720358521,4.866801159263943
6.780032068720893,9.221227744466143,4.740975699484641,2.6740604946964837,20.4659966858479,-0.31242631194576204
-0.5527784291175436,4.82716722466737,2.4171627639308517,9.97169097487794,-1.2852653402520922,0.8238647370598701
1.658471816644006,-2.3921440444915376,-0.929925385572642,-0.5500642757350577,-2.4888376640275798,-0.6256260306840858
3.9965305019068182,0.6994235785660772,1.0051476215290347,5.410239781123573,-0.7259604906093675,-0.868818274002749
0.5944049596743611,-1.4972560820381824,-0.5403970993922063,0.25844687531586585,-1.6693823024832302,-0.9608859879364113
-0.15765966383244773,3.4336072972056693,1.8320256616870467,5.406399714111745,-0.02805959852092295,3.066023031501029
1.556222243237296,4.128000310821863,2.547811610884487,-0.47685513733991614,10.966696938713122,1.3976001880833733
-0.06915321192377344,-1.1637521935023036,-0.5099639541009275,-1.7809103654114613,-0.34833282322848924,-0.646105177857497
4.699350435394443,-0.5601519069367784,-0.20145058716716124,-0.16775421399519327,7.546949239466657,0.9043684528127709
-0.22250522715731452,1.41709990251327,0.750981427117585,-0.08718552506335855,-0.9183720398008133,-0.2376109239307974
10.772986858929261,6.447482713519965,3.5323970368537916,2.430913240265202,25.734595549432306,3.9315746613472955
2.00621624700013,0.24356899196375753,0.5095503407699786,3.4301029043486553,-0.07386405433841695,1.9807165871002939
0.7313312627638787,-0.28161597122793797,-0.06869786889694321,1.4923936551571702,-1.3735066868041086,-0.7997889266449238
-0.2512446866069509,-0.03781009782899911,0.10528746751202439,5.057958886171235,-0.8362349204843733,0.9389022464032426
4.907347867089458,-0.2672323429695972,0.1343250909543821,2.9626958358284146,5.290759249512715,-0.131604986465763
0.9746782744471673,-0.13107477800333592,-0.04891608487765591,-0.25594514635136256,1.4934828325634686,2.906941708931747
0.09478059057091115,-0.3063281983835138,-0.18149306319566605,-0.9538812474932519,-1.8014177182104518,-1.497150191845141
-0.27258890129123076,-0.5056505613223564,-0.08022668728368583,-0.12763374790437876,-1.3825538295788098,-0.49645691388878976
12.023765244938808,4.605229232619637,2.4040238095077653,2.793625058425226,20.540410303443778,-0.19812423167427495
-0.2971105843205363,0.9770511692870187,0.35001063434592533,-0.3743198364805286,3.805500777200001,1.0851658450420365
-0.7324199648381224,11.800934485275894,6.03031064896468,10.932962664779208,-0.04249039155239285,5.011345837607861
0.3210782198537045,0.6269567315437727,1.4603708877112866,-0.20308480732727247,11.794665452348648,3.710643389601586
2.2049703362398496,8.710543557298143,4.458408033001385,7.562937601949011,11.834046316393286,6.945398249930966
1.6890734790722748,3.548649113740773,2.1740764923937843,6.998580973402362,7.176113233305937,3.195258187102543
20.824475696343818,6.040570536197692,3.222582802927276,-1.4710739309203076,42.74084207864829,2.877430570775087
0.27268633797954356,-0.058926350838013924,0.32505850621407917,1.6767638428678477,-0.658368935087651,1.5426446665606917
2.8855601403639612,-1.1244859245468628,-0.42878916374730286,4.797801620181507,-0.30407813278252926,1.5976146629463783
-4.254422332282702,-1.0214043409986053,-0.4567120430468801,-1.4495488448409548,-7.943633573708524,-0.5739394637382214
2.4107319842985264,4.608819461557654,2.592844986940613,-0.1762622976558514,9.379408271472927,-0.3981029916668232
-0.9509039562239526,1.1495673319476176,0.9081420849471039,8.225405403465539,-0.4994475231466604,7.106957865515555
-2.3639316388251927,-0.7845815871829176,-0.3451846771752738,-0.38253392107442036,-5.280029367679408,1.5421414828394517
3.1420196344383102,-0.01171369623088312,0.6538722993106356,2.44069775272548,3.6160606989862347,-0.28486780533482975
0.781854984609785,-2.2020413123129337,-1.045647508456604,-0.30632992325864183,-3.047712951741903,-1.2414911325070273
-1.2814440807215723,-2.0356844029639247,-0.8973658147910104,-0.9333629223536732,-4.561565946541566,-1.075921528404298
6.2605301139866025,0.1623692094824858,1.3583150297778934,7.0154491689506795,9.82366022611009,1.238000058950426
1.2646093522024286,2.4396748631367764,1.4056997107384785,-1.658264532575906,24.17520297611523,8.101466572265545
-1.3980263424313446,-0.8111508521338507,-0.32373324355448657,-0.7749626939403534,-2.4672213180088067,4.922964178981266
-0.7489436782886947,2.5028941829178537,1.4027613771062604,0.4096746943105286,-1.7804152487711147,1.7711172928885195
-0.010750278787254009,4.288927701192117,2.3692387901099794,-0.16439156138345734,0.7665812834273689,-0.4957650631289182
-0.5589830026431386,6.598779914560788,3.7886263446189017,4.207498261009519,-0.17084737536698505,1.4639495376230958
7.294431167773392,1.8285620816818273,1.3212472117252836,-0.49229704415013115,15.017350010244902,-0.006302952966289466
3.5280823951395597,5.033968989975022,2.7485008784308746,2.324675062066313,6.64766587995302,-0.3952017799934639
2.0677670103959622,4.561486535463856,2.792788627253033,2.242226714564009,7.904587102228708,4.186590288975594
-0.720951096563987,-2.5673821558087386,-1.1591874771873807,-2.592211294309726,-2.8574392452784405,-2.002316959016671
-0.09943948257556673,7.988475462137962,4.082737436936945,7.753427717579366,1.4580115189172602,6.436415410396552
2.115370950511097,2.06536705738902,1.2596154127723764,5.243793522514919,5.078078856348967,-0.10391925336529391
2.099685425815686,0.8612741749743578,0.25266468387144986,6.909320919772468,5.931638103244917,3.8282723499031963
-0.21231049996031534,-0.10797218700047717,0.273864659025904,-0.6886707607230513,1.6953745875803055,-0.2578874003644746
-0.0332932691298669,0.04386284572270405,0.27125359492780904,9.741762801686296,3.4717600926855217,8.844841207216085
1.5310380454072385,2.3075566119911035,1.2993296339021856,-0.16196040362706482,14.434935201648521,6.214661496774648
4.912506710079853,4.929103849226944,2.9378133814100726,-0.21808442504304537,3.5212867731084643,-1.2405017557475055
-0.2672948119911076,-0.28485792068381643,-0.1045960032607463,1.7614876004114675,-1.0613859963054402,1.1311170582587704
3.3117050720477295,5.6537885481355685,2.5052687103439215,-0.24809208673952543,13.266337581171681,2.4647292683017854
-0.6354115244366938,2.9778684503496065,1.3177814787232363,-0.4036089596264278,-0.023414723713249465,4.055682303979116
-0.2141509035672464,12.699776436714455,6.6335503156080895,9.210525846345337,17.084977199057903,11.340423750435045
4.577780535944208,3.273311470135476,2.095048705617983,3.8200238443700814,7.3123450309724,2.992380423967165
7.9862870024511725,9.010421026168464,4.491595651584558,0.9560549111161097,24.732724510593407,2.2626990755721508
-0.3877791979518432,-0.4264457830491731,-0.07749950364019745,-1.1078164561500468,-0.5989415867566301,-0.16332163782544487
5.38381101789521,-0.25864479670789037,-0.17663610470059257,1.0864041306861734,-0.46336437106350287,-1.3124664718864196
3.522839418759112,2.6638859371332084,1.3004526134661385,4.739612257080852,4.813294965767127,4.521744171104627
-0.14887613230933017,-0.4617696790246897,-0.29284993417520966,0.06709998656977989,-0.052197792010236665,4.70412662371335
0.9896007228665639,1.7362198553919832,1.0911875474664787,3.845295569335706,3.1452634677260045,1.7278393794549411
-0.10309940717986486,7.132145807520555,3.913549519812449,5.448705252588159,4.487114869657038,4.532482757542122
1.4092791241328269,4.74179402793034,2.589725501349135,9.25251658100321,8.118544594376106,1.9072544977802837
3.962335324510007,-0.02982775219526548,0.17685755026200206,0.20592383613631804,4.104150247546109,-0.46396048429843995
-0.06923407767938561,-0.6367269396828519,-0.1886826913722565,-0.22416940982661787,-1.0353157075776773,-0.1320258398235378
5.171103436694129,8.940703466277322,4.791062058264064,1.785901914657182,21.83374432699989,5.602290980384841
5.886337049448455,-0.7323749189579045,-0.30852890449712594,-1.097771900802894,8.552038264977158,-0.42640492215597414
-0.025607645534892743,-0.7265304330831626,-0.2591803566933825,-1.302783881165393,-2.220008561149092,-1.1379236097785193
3.0389527218562344,-0.5541399922643618,-0.15803614368398985,-0.5112640147031569,21.33206166344872,7.444739415685949
-0.6377329131140308,-0.12611697494914673,-0.003459478775316294,0.7834076601535727,-1.3608988488491354,-0.1011479982026768
0.40290527710047747,-0.28515196674212967,-0.07613298728641288,4.115230705455744,2.4436542387934708,5.657049172944894
-0.1448991062145004,0.3796534592465931,0.46599949169479493,-0.4348177222539118,-0.7157772516237904,0.934807363703382
2.7319234356758493,12.382481432540253,6.308087455022485,25.45206589294722,6.911618797821762,11.320561151394038
-0.0738556095273211,-0.009357530766654977,0.45182455151292167,5.650739506911792,-2.135325267654262,-0.4448948001062341
6.05994080245388,7.017097294227706,3.860292452616954,4.378725468368436,15.972238014423738,8.482696036018593
0.8011218180385995,-0.5228580013725912,-0.13617472440314,0.9973616954993735,4.369536816459325,4.461794895804402
6.30943127487553,3.489021241427705,1.9056355978026083,1.843348437596739,14.306103709810555,3.3632655685956276
13.306731334933962,1.55998043169321,1.0723344473079326,-0.15371236623373663,28.280739125209177,0.005103187226350947
1.9062441170008424,1.3998458057505432,0.8508241774790105,2.789120877802442,10.703003091428323,8.22391614699177
1.5271527079422853,-0.6438208751936023,-0.22031593887944442,1.1867263467633988,0.2934362912709627,-0.320574619863393
-1.6414044938466277,2.033416486367175,2.0583019348747356,4.2967298909674785,-2.843160310135466,0.860240305866505
2.690892949266658,-0.06331525038125266,0.11554687267875036,-0.01792962464606145,3.494140427579753,-0.6075032749331412
-0.36754818627334246,1.6175023620923188,1.0902550175248953,2.1140253396296127,-0.730129799182115,0.45942677852439584
5.679597148337336,1.596587743528735,1.139206909794101,-0.24067531933318642,5.919399654507475,-0.7152523258056092
-0.9907553384579221,-0.26740000178184226,-0.05604666643005445,-1.1518021402596952,-1.1993347314574148,-0.49355715426395347
-1.0854225735228844,-1.6336432861574512,-0.6904891875509321,-0.2694410692840669,-4.926680756735297,-0.3609300204972265
-0.3129442500181402,-0.4962189735550778,-0.11536201510730676,-0.26322810808539976,-0.629053649760539,-0.6121493639913977
3.005095691814712,2.973587482932954,1.5922948026578534,4.180281335026423,-0.20338593449902362,-0.4556965559604191
4.076629952156205,3.2930520435946735,2.2570334276355037,6.197267866669422,8.73272199200368,2.6991407960911005
-1.1856865529178542,-1.6244746985169032,-0.7174946665261692,-0.408621623741054,-4.290149012635324,-0.08095036610679772
1.83646112034661,1.3126422370216486,0.7256195672627012,1.379404249682544,2.0073123414884813,-0.5728509870309971
5.9478877594444235,-0.06989144305822917,0.13817423307257248,-0.07606287403615508,13.454888312716626,0.9937951081825653
-0.04250817998426833,-0.22253945173059,-0.04167356492601337,1.6580865419835427,-1.0671752938373815,2.3689015362218004
-0.5285334716215239,1.104265119131874,0.8880242205896803,-0.12109285767839145,-2.4544434990579744,-0.7560179198774399
-0.42268593400646354,-0.8479505312429375,-0.3783623215459404,7.55904514158275,-2.496204578272121,-0.26496343174056824
3.402588789748256,2.6267323057055876,1.7765270714913506,8.266056430250362,12.404088142759521,7.545816886665181
2.9668693464586307,-1.772109016607082,-0.8510128647005598,-2.4354063480442654,-0.9301326022435321,-1.2759512930031762
-3.1615261096042824,-0.9344459256444893,-0.37567045282086853,-0.970731150688526,-7.451066830863894,-1.2734714675457979
-0.662479653027658,-0.5355723718162836,-0.18936990915297539,2.5131683585913303,-0.4779982094805719,0.7018785706060277
-1.504406360934656,-2.1073100778993377,-0.9492634667923954,-0.9183559069358509,-5.289253007543394,3.158630985929329
-0.16927473779833135,14.075057145985086,6.923039489462582,4.300991016997764,13.74724973456825,7.156161120227309
-1.1658992472197118,0.9924699242549136,0.8045737774635411,4.428145944144555,-2.0786928359661196,0.9935956368597932
1.9741417321151897,8.331964834422509,4.504781811563715,20.151895692800768,18.02308650439917,19.03930241542929
5.481522393579962,7.1124108747000365,3.3597074549865424,9.226023514970684,7.009162462071174,-0.4614461754456846
-0.7620336801730293,-2.320672071333775,-1.03648513292822,-0.419637334244209,-4.606589472008001,0.20740842295920714
-0.29395753040400013,-2.2435285609082554,-0.9375737228817981,-2.2101368794321252,-2.5181482272765425,-1.0340415407275256
2.907221524894891,2.136259584156811,1.3730577056696154,0.3979699899240044,-0.16314018353556603,-0.8089531571829265
-0.1455962838272003,10.037277885224093,5.061123509771521,4.68738054137418,3.796427997268452,0.16209181841877063
-1.0734775002989065,3.4846176986867143,2.1214127899852526,3.9278804424951117,-2.636518346656443,-0.26531252851605197
-0.5064702593516416,-0.013234713653100206,-0.005002082630867811,4.287066379488652,-1.173239218266658,4.1579603539669865
1.2031938222651373,-0.14652799349200993,0.14244812733119966,4.6495472018746185,-1.5202615721448207,-0.3129205862174519
1.4435838222284851,2.1112452318228687,1.2713560929074488,-0.2613088771325099,2.2424353577821687,-0.25697534785583104
2.247918165469568,-0.5417861585367908,-0.17989359294878537,-0.4492515179255788,3.3076255416012095,-0.4464015124299898
-0.29057620177068916,-1.1141986882843142,-0.6127889016689686,-0.011270017353467244,-0.7909203889989982,1.0665300350532798
0.42879282946771813,-0.3335875666830072,-0.10006137877283261,-0.505904721783175,6.156330144158223,5.258320954652926
-0.7059311006625812,1.2158124795456406,0.8436798678121796,6.548562587806925,-3.0123931834625464,-0.5194426234170335
2.839498082658105,2.3710218835742602,1.3238603408517977,2.795264499982535,3.572712852809089,-0.04743339683761941
3.081452378804534,-1.4882190141845812,-0.5335975599950279,11.883778097210321,-3.762116671432373,1.7080128138668242
1.2384761414313916,-1.1409745133459885,-0.5047181257553771,-0.9244122878224217,-1.2449900199615158,-0.4676097944348763
0.19964156083515927,1.9965341852975067,1.2112300177095503,-0.02857437654082147,6.570204746231054,4.064291227532904
5.026600415845294,5.7897662838029875,3.2250698133389952,2.961639615716444,13.840076153492634,4.6392110744785695
2.489458296822116,2.916087962372983,1.7631149143038183,0.565980978708395,6.471183135281886,1.5466198245353062
1.0827374336767668,-0.10261789133688731,-0.023492301951748652,-0.5638079300808626,10.182752384426124,0.923842129265013
3.3520293316212406,2.0497847449611175,1.0138580250262117,7.713305488354278,5.5749725272235615,3.8530358761593098
-0.08016701854331872,-0.5213158866493288,-0.20294358961577857,-0.4020533501824744,-1.2336720326462258,-0.45620022800926247
1.5004252966528169,-0.8397087064295423,-0.46247792014312045,0.5982640545690137,-2.5505289257828356,-0.13720972897652026
-0.9203681240566592,-0.37099295892985823,-0.12383525501250876,-0.0027765218330774613,-3.7158230310766833,-0.2541347875642402
3.75385302924336,3.8401063900273047,2.044501658944649,-0.2167190154641849,1.5007160727455178,-1.0588909087335094
-0.5186462341879591,4.1243931982306155,2.204888092852425,3.7378833792635415,-0.05384488811476387,4.174451324775723
8.333992748992838,0.5456461082924754,0.6606714168458184,-0.10732980888471455,2.2705615920729616,-1.9335770319278567
2.1657334033604414,2.5488788651336756,1.4648939342778435,5.691472015377388,4.326396596619436,2.617886743822808
-0.27876284320779143,-1.383287014815993,-0.6284945541724752,-1.0685369023270872,-1.3000933912906036,-0.8439251262872087
2.910313595859371,-1.0033879709174824,-0.3521187784052357,-2.47075402067869,0.17552427019241196,-0.844904053011261
0.12451911887762579,0.9868711490101311,0.7536483902969566,2.61597694074835,-0.02893124437013883,0.7878193468597111
0.2726911977560494,2.26104374769123,1.258142058111639,7.822535499282717,-0.4891794965801233,0.46467073153829336
10.062166893849108,3.10460336473732,1.500362274578479,3.101051777016724,15.7575059380252,-0.16687822378741043
3.426700392152389,12.605232342964134,6.57219228319509,18.218668281379067,13.303839748685261,11.314117934363814
-1.0784432643851132,-0.12246946477104398,0.048333125592231574,-0.2787732808685982,-1.3898154364565483,1.2203496970345595
3.3423134773799177,-0.042670001482529155,0.23323045152548105,-0.5796696537168231,6.226201602071333,-0.0462059092253472
13.819325382945703,-0.5451864932909889,-0.19350441525312295,1.1567007366390831,14.839374803019425,1.017020843333185
2.738968196929827,-0.48194828035947507,-0.18976136972504987,-0.20605918748248248,12.81043379424415,2.514218286581472
9.85214010053707,-0.06629677190253354,0.31544127903782143,1.5944123026891461,13.927057277458221,-0.27384055747307684
-0.7883222797715764,-0.3289765007089184,-0.1193241499801267,0.243476511825504,-0.49521194915070715,0.6330177228343487
12.570203095743834,-0.0341862669115441,-0.10878655380185541,-0.05711319391583025,35.427305362107624,10.803367846549685
5.86636381224087,4.255709478917703,2.3444130830070335,-0.20483092029751893,12.049475711210667,8.247730989616242
10.075055899347934,6.156729792624562,2.776853160018924,5.1353621231164075,21.515931245653878,4.470067437314813
-0.2018563072668755,0.8031270542443649,0.5285099063825008,-0.05049771641434897,-1.0817966632609082,-0.16065896609662436
4.527325501317037,1.6525931357525643,1.124044123835894,3.870939237484457,12.007630702104493,3.8435892393983417
-0.052240481050275546,-0.09611985244245187,0.35692199813851844,5.0087156274105595,-0.4984425874504422,-0.6169189944779362
-0.811103613573092,1.1677924023220931,0.9554469057496606,1.5152548416713891,-1.847695914800896,0.6467031407389706
5.3661022867142085,2.5445063796833844,1.8226616362392638,1.8281246152072725,9.203221607047972,0.2945448438694742
-0.10246108116444007,2.0467854593274835,1.5237405790312968,2.111410442739351,12.650800483212386,10.753825308594122
-1.113046247808311,-0.02280956540033792,0.2107058247296224,1.7994417655931914,-3.1612226132912675,-0.5755545449748152
0.2661977248585931,4.925744413811383,2.703257440250285,7.020764678385101,-0.32239337024685155,-0.21411057055190505
3.3561693064925224,-0.2331004015946256,-0.12184847360810652,-0.24873169254916128,10.9486090228371,1.7307434616952075
-0.17171997655389715,-0.2934957205701167,-0.05566310668757686,-0.41586933958864275,-0.13719202176770787,-0.02517099600073851
1.9840115763970827,-0.36655615887361387,-0.19891820783292713,0.5883970557783107,-0.7459713851100498,-0.36492885509684986
1.315730401488345,6.184391137392848,3.068866673860929,1.7740424269634272,-0.5840492386126367,-0.7781587801523275
3.3344163973473524,6.457575323918014,3.1896425005546276,5.220592051618621,9.545014427641178,3.5933573767766784
-1.4360059983591196,-1.5331016291881927,-0.6666262158216699,-0.6190216240340431,-4.639454093983567,-0.9331019152437924
0.3302369092907648,-0.3042418606922581,-0.170252193055156,1.2087621589560311,-0.05718108816784966,-0.005894947141741414
-0.9953659590021264,-2.36289459698025,-0.8317813761951849,-1.6312338966678785,-5.127338525523649,-0.9886973975804927
0.8027912183436893,3.9884852100817216,2.0118504911656876,7.325943114877905,3.119840432457609,4.019182148051838
-0.6322432848114681,3.5693218103020703,1.9373361931301762,6.871055840536984,-1.6181294931511587,0.6607684750828238
1.5807092064358224,6.883177395306379,3.5469431095865263,13.400676658357241,2.0226062197976975,3.345169777207871
-0.6774366641529337,-0.6730861156908698,-0.26368031379562756,2.9906340526898214,-2.6561084695620756,-0.6111295183445787
-0.5529533420449971,-0.7319024316211796,-0.282304589921129,-1.1550189922767626,-2.3601944716202072,-0.47930412880231277
3.07397260099299,2.234462829071373,1.4189538584332426,-0.07722097018545004,3.4922818695872895,-0.7101478326629522
3.676551510893322,-0.867742871093064,-0.49431916855970415,-0.8946476696144716,-0.40291537779372333,-0.5908193408916212
-1.457971160996938,-0.3808071528261108,-0.08824931078692383,4.461587110832626,-3.856432693741026,2.5007641412785198
0.4981247723402869,-2.0822726058128214,-0.9590326553821349,-1.9361651938015347,-2.586450897025308,-1.28636516097268
5.501594667240041,1.1992464774381415,0.8952488118551276,0.9660191948137331,6.1347647079048215,2.293970871768063
-0.4641327788743741,-0.03864480506601125,0.5598336151539324,6.140195777141945,-1.42713534921499,1.217773343955534
7.2514384060868196,1.8688211712179599,1.8306708361593664,0.8914101078950519,19.89112417048229,7.319827195168539
5.52515120083838,-1.787716691646622,-0.7809722550742206,-2.557761819860098,-0.6412670343328633,-1.0661588252201415
1.9442482226261066,-0.04068395998217314,0.8727764113268419,8.183366822197542,-0.0786622363371356,3.3794401575349378
-0.1217461666337453,-0.18331484417710814,-0.029018411782455636,-1.4586257352461405,-1.0811036713510058,-0.22764335036021316
3.67215779737971,4.220681068422036,1.709763730071191,5.860035785213758,7.466195946786226,5.124595986959589
-0.07077020239704006,5.147288262672275,2.193205493461129,6.618962677621817,4.0918381657829395,0.5115324149535249
4.967679138608063,-0.670947198178439,-0.2929490931487539,-0.8359776548703997,1.6849259075424996,0.2472206468442314
-1.9302447116363888,1.074792066890647,0.9123277544774722,4.918303785173857,-3.697612359296965,2.1794733992273434
4.690211483109932,2.1917749161388773,0.4311847253052883,0.8714195561017636,10.820104772114586,-0.23071690224255345
4.5310509459235,-0.5767275576041272,-0.1363391223398494,-0.38900114147834175,8.381641371158466,4.282404857706617
2.1431348859048116,1.2200722881874766,0.7042375932919998,-1.158510930888681,4.300317802526292,-0.02735550579901365
-0.593042406356512,-0.8046231451520761,-0.24551623842369752,1.0854912997073576,-2.219983912487536,-0.05006955054908844
-0.8392746996071003,0.6501935692840994,0.8773993537868527,2.182966658748418,-0.747904248382461,0.7497530241017055
-0.5297359462761382,-0.3085668757196614,0.04263935629566129,-2.2479596125642263,-1.133489685439388,-0.38022796222374466
7.367517660884237,-0.5573183074655736,-0.2204636118270279,-0.3937997379486979,3.173537020518733,-0.8955598024373069
0.6864279347895689,-0.73010633492312,-0.3362214091967188,-1.0723050180148153,-1.616321255811949,-0.9722581564376882
-0.42405546729784355,7.702457631759815,3.811671278567448,14.689563651225784,-0.4484728567618539,5.781774633670063
9.38015735999066,1.3108217312112207,0.9688070553814324,-0.4513768075324356,20.985247503952444,2.5300074283855567
11.43350351848549,2.1836787484832723,1.643937286283138,-0.40701616424721565,25.292227848843666,2.379344825740299
-0.888154268691089,-0.6073192470121695,-0.2405797255445096,0.676391277782623,-2.6912114780006764,-0.5060675793928867
23.070351649045907,7.159607582788753,3.5845882625997643,-0.3820158866637263,50.105639466279385,1.3578229144362808
1.6428774074261088,-0.13157878950452792,0.26697155834379954,-0.2511490300507634,-1.6147607440124194,-2.1113976691345155
10.231195411703167,4.0439655162046435,2.1771942986753925,9.088260195791884,18.217173784871104,3.4704175939379045
-0.12914739909789352,4.433983398550754,1.9706866560699712,6.145487489902149,-0.10565555204266348,-0.04884899025804639
1.9461598572966874,11.279009789242883,5.551016493287983,7.380570504107304,7.143059756579431,4.202136212751364
4.608670524968534,5.1098373051106964,2.7502211209946865,12.358618939414232,1.7966870930523102,1.6417966321442734
-0.23153141362027654,-1.2083384665935517,-0.44648030896274743,-1.8553327283732686,-1.6601177067413375,-0.9756821006118787
-1.635965233047803,-0.22973892276096342,-0.05770984806400068,0.857641198750091,-5.140448661699123,-0.24337623909045916
0.27684869371355986,2.8830954943317084,1.6608485392516894,-0.1713285009240298,0.07356626647227449,-0.3363568632586742
11.957625030204778,-0.051502655276392445,0.6180500902896272,-0.08164732849691539,28.595458272664278,7.169608672516839
-2.521190866201373,-0.945728346741125,-0.406130989653488,2.2174813352002234,-6.362617346332471,-0.5443979347230103
2.9067589273635592,-0.1862327639958974,-0.02449845278221892,2.291987300668959,3.206833502068005,-0.06774224170865639
2.7783926674257673,3.411347042718007,1.9230717491867213,4.41753964859225,10.001682742402732,5.775438215736061
-0.23925062889265403,-1.656594129529789,-0.6518120049505076,-1.6398349195202613,-2.2772457762142952,-1.1270777103638798
-1.9737163851053325,0.8696826014651469,0.9045303022070479,5.264970389012936,-4.4801234146581335,-0.06913449443754223
2.05086789831992,-0.03453108042260838,0.28769191097574376,-0.4299028145148025,1.1842623989602488,0.4020052201656681
1.5470953948479984,5.353186750744975,3.382472462533074,3.485574228133679,-0.3213109073353714,0.007284226665982718
14.705177769726363,0.795918219796321,0.6945227211163811,-0.17896682234306047,34.09786931792989,8.939831198958155
-0.22028110703286363,0.6837065297924609,0.6705000020047212,0.7318327239629768,4.036660043102644,8.480083276622311
-1.06017895491734,-0.6194249648793264,-0.10865435599223737,-0.1312384172013518,-3.4792530351805837,-1.4087793011357082
1.0156554974236123,-3.1542663494145655,-1.472863583156026,-0.6391039905821189,-4.240470242193104,-0.7086959299774362
3.386654348662349,0.6267028060621279,1.135429413966221,1.2290487876982996,8.72088606374772,2.9133079139313374
-0.08425396249215994,-1.1831333369606023,-0.46141732150330994,1.3680309375583464,-0.549454358028301,-0.06003070896471661
-1.2273132522299528,-0.9170693996737955,-0.35741022379223764,-0.5615487376745064,-4.209001276307637,0.18456744846762962
7.214198456107547,-1.15182895062503,-0.42845155197515966,-0.485731756492906,11.905757606902533,0.5223731668514286
10.735152877424545,-0.4893204714107093,-0.03531326484739385,-0.8925070617101453,7.145176099535188,-1.6043445529483336
-1.75828501661145,8.335912799924388,4.560362860046679,6.101544979793371,-1.7478413221485518,3.821846335098112
0.015858724777761624,5.27410316706764,3.1923475487868713,3.7498170601055287,5.416092536678491,2.2133766773978345
2.4668677262477017,2.5032182263219243,1.396466288158201,0.10256607862718459,13.577133940373216,8.324002221115496
-0.39173072144313426,4.976134047997422,2.702383843457286,2.3129968600801396,-0.2354505330329979,4.696896253584886
-0.406771830397385,0.46345905687349015,0.5295313511313195,0.7128317712792621,0.08877360935689682,5.3894059233269065
-1.0315816071744035,-0.09475455636815061,0.01036434298809119,-0.21019427267602744,-2.334049234996836,-0.17677177651573658
-0.9520098789440614,-0.05183093849636092,0.8473211462205369,0.33541339709093015,-0.042467193628830224,10.61396580222684
-0.6264500622033279,0.760620387215336,0.0977349819696185,-0.3024318744070876,-1.8160046118853093,-0.171041048608702
3.218970009720394,9.562087687695701,5.110283689460592,12.689857153860594,14.706634903347158,8.10395589001284
-0.12457103405459713,-0.8076564408206865,-0.30082722833001974,1.6193054240300806,-0.688362775079545,-0.5010969803213693
-1.184858335406887,-1.5069682079373985,-0.5923475305218335,0.537918041747109,-2.6127135715534484,-0.4258047057068634
-0.05179974169934254,2.7125586054259885,1.7042251981623255,0.14411720024229968,0.5983185707598115,-0.7924478139980755
1.0364622348967516,1.3326698378506427,0.9541338438459037,-0.13354081192106584,7.039263784578378,3.0915873286917677
-1.0462464245622585,-0.11906518802069532,-0.017071902889042635,4.438068857018332,-2.3337372793923095,-0.595523394532873
0.6487856173092585,5.34942783330249,3.0752144965245014,2.5326114906419654,10.527847994521027,1.6426867945271009
4.269937642496516,1.2496699982760195,0.8452687599354594,-0.06581204468894684,10.228057790793146,-0.2561921619825729
-0.37655878409403865,-0.8391774630599047,-0.3489246499293839,-0.536483038978996,-0.6242096952298313,8.670770067412596
2.468984308536166,1.8231473345844766,1.6221679848784212,-0.30940279616770816,8.082632168446633,6.63749859701287
-2.94923673977135,-1.0205370004183487,-0.467344611037414,-0.33300685305388744,-5.651541367549444,2.9602310163786143
-0.17751605190670922,-0.4029201540072267,-0.043754046182110165,-0.09300713552817462,-2.4830496720520867,-1.1420692785576008
-0.19690025317247156,-1.5268852647597004,-0.6322584143241013,-0.6716958626851309,-1.7606192977269313,1.6171394563592625
-1.849871383704728,-0.34648430002490216,-0.08040167792814412,2.457376976119601,-3.571855177986808,5.682090162883937
-0.9893167068862333,5.129091338113468,2.639380624787692,0.6330218547483909,6.067158456597161,7.445760872402213
-1.6209790637034969,-1.1503492551956291,-0.5039970344606236,0.9137658744430457,-4.6693147735088045,-0.16053426919892022
-0.168194165107049,-0.30763477468318856,-0.09696354454294172,-0.6358140614606804,-1.717869769305024,-1.3824532300850807
17.311098459253277,4.279345226984139,2.0092333953528962,4.406555018518151,32.89372697040341,-0.036516756826093434
-1.85310693729233,-0.5429602154425518,-0.20441044801864275,-0.919614485896399,-4.10084222646228,-0.6032094964699599
3.2766020445159443,-0.029118722967876588,0.14529881047117632,0.09355264191367219,5.988471746355933,-0.014568149957212895
0.9616803833067017,3.5606469395514657,1.868666237654858,1.8314000130369124,16.050703168821222,10.415076744491174
8.927931195440554,-0.2856232100191151,-0.08149196752642861,-1.0921689739371148,9.736205702754503,-0.7501744719387216
-0.269803953140171,-0.3288762915854877,-0.061810903353395674,-0.18406482660625645,-0.9097113757262614,-0.3688599311390326
1.6392998336072657,-0.059083633173259,-0.04632856982247731,-0.6026473680321015,10.33463429430262,5.36730316955832
4.338119004366822,-1.877816947771759,-0.8509947813825778,-2.2273115083349286,7.100336807530534,-0.030359168378158552
9.755855607778717,7.618058812868815,4.0761909578179925,-0.5332141255355625,26.84978161360984,4.595771070073959
0.4675649828086839,-0.8543495846748983,-0.397492282368473,-0.880583345525058,-0.5834158117202725,-0.3172414423780651
-0.8234427257186868,0.4687522623664563,0.5182255748794113,-0.05866583218877395,-1.859585724156065,-0.894485704110429
0.7174642305453425,-0.261531766511053,0.22109952819102313,-0.8499607436686584,-4.108019352119338,-3.220212976291758
3.4486464350718142,0.04466139361143118,0.4786051603654918,1.822874962654628,6.549613962437012,0.9287734958973544
3.7658395793814705,1.2053609328301222,0.8496241480340305,8.063964147221284,2.1146813145485783,5.194015284286406
-2.122388279381909,-0.6130008915087615,-0.25100656206207494,-0.16694978388717296,-3.8423678479046792,6.917538021981225
2.7904648476654215,3.8765731870773186,1.757982412552942,0.11594903297855053,-0.0006800761255555621,2.6321789938115994
5.670764128823827,-1.996080941154871,-0.8733652653790327,-1.2838844034625703,0.4644981179963067,-0.8171344105840691
3.558342671451709,5.5842919864762095,2.977509717261821,3.0916666792012224,13.913070319137011,1.8705060489531582
4.820870298547394,2.887607526164485,1.7607259532795918,-0.598790743974733,16.961263480042824,3.4059578059494866
-0.08387778845217896,8.074147065537362,4.309255449272095,6.736427756787618,6.108351301738297,2.544302127274582
3.578443785736357,4.214396381036166,2.3903397451196406,0.9747340715274453,5.2377427882618495,-0.40307800533435234
0.1195431913029299,6.720733481090026,3.09336373511607,4.975176285510147,4.487638448336843,4.053738604849108
-0.6347572499768962,0.7031218233105533,1.4785461286597457,0.4470468676683598,-2.1266615141571545,-0.1453747737122053
-0.2933912625539416,3.280676317468062,1.833965093660324,15.002698662917462,-1.6765361476923961,-0.18465730341519837
-0.4462413897782838,-0.9118404185910335,-0.3838011283208809,-0.3044327292423037,-1.940176783434989,-0.05999234252303309
1.5608289057595406,6.676326870053301,3.4037223623201784,10.554623211875652,4.633973636860718,5.277496194008809
5.429803981133864,-0.9967343818551302,-0.3846325120699507,-0.4181531313987119,-0.1377101584191473,-1.4002107940507533
-0.07050055449651116,-1.4472883397592449,-0.5012589913716469,0.6518192146395398,-0.4427171039702555,0.6678344244483878
-0.3269602493238743,0.6520272353565553,0.4649039696261076,4.499082136901164,-1.3858744037234212,1.9188032619649384
-0.012695848203160788,1.639969584529521,1.315694602290622,7.044556603856717,-2.4699664518207247,-1.7216084778422696
-0.2682828442828335,2.881922427132366,1.6891876005249031,1.5475021961113247,2.078324301705779,2.6060635409428143
-0.04493530782733122,0.3573980255911141,0.8171998197449201,-0.25451609678232523,-1.249084248043882,-0.7657883789067212
4.19622000721102,-0.05685528739313233,0.7138131915215781,-0.24939885229146097,19.03111109221033,9.408506238126044
3.9621553026274015,7.415538055045307,3.766472012443617,2.794616102583424,16.42626726251214,7.324881964816702
-0.08822143778218186,-0.23107836198314724,-0.0662813820451602,2.6415203723745178,-1.1771147108624942,-0.23155240130081645
1.4417587775500391,0.7884244838722194,0.8505394557221451,8.884377233852273,3.3150100728174987,4.844009994341291
7.129113198627499,3.8869688642157927,1.920367175518521,-1.055477221954275,18.465855710489834,2.4221472781494358
-1.5098978418543825,1.4750738811244686,0.7549759999112926,1.0614917959216092,-2.6129134544887984,0.845170093575647
-0.8475417569794689,3.2640889406264932,1.5470525326581852,-0.513697632497123,-0.2501952013086452,3.307743056446909
-1.0804391029425071,2.1526889100141005,1.178627460924679,1.3072317649567968,-1.7131818887657524,4.907499626680018
4.295399748464354,-0.1544905105053067,-0.04773785379035585,0.7216215409369402,3.956896688491206,-0.0779649201026762
11.094854783464898,2.2762884653345066,1.4507877539874312,-2.3394032014008856,37.39159908510645,7.2538683097693255
-0.5582141850023146,7.2480097268182915,3.5559517594407004,5.416311796700946,-1.2462030617209827,-0.004441075528757677
3.634421739783628,-0.04421274080373652,0.5136527329553572,1.5555146441152887,7.377814958612961,2.896776389685326
0.9228656773820565,2.85881926819937,1.6711215865324867,0.5351724379206112,0.6098358970279261,-0.536332186755509
4.565971257081211,3.0342308871014514,1.5436209289510772,-0.7748269777056292,8.440478991710776,-0.05102766192452109
-0.3919433576148216,6.427529329003093,3.420547574912438,4.918003117064815,5.9685620265427515,4.507080635190508
2.1506138219843614,4.364727063588076,2.3904860880878385,1.6260688021352507,13.623473989483717,4.583593462875475
2.4071201373881332,4.452611603896619,2.28954726028903,0.523490078290364,15.461024908499558,9.669456417239331
-0.16992332952874506,6.387909866429907,3.0016500134202415,6.255429460568881,5.8694200145063276,3.1636864736345816
12.402807006442538,0.587580008047538,0.6085808912731808,5.1534191922231845,26.96361446674871,3.5291103149244947
12.211644202872963,9.8375472660412,4.996402883857289,4.686659479258547,40.09898900286937,10.087292810437424
-0.6114598347307605,-0.44535169593798635,-0.3916712329718983,-0.03485619779520921,-2.8156440961268308,-0.39247735356058544
-0.26034529481892243,0.9156004371274873,0.8548411873536141,-0.45774819494914426,-1.350387696365173,-0.3635679417304022
-0.021482238389328834,0.3653443710323624,-0.01371088939576033,-0.024927550435554814,-1.8337787562334116,-1.85352814136344
4.72230752760303,4.130338115657603,2.4401881298002266,8.612938106865423,13.596853824674785,9.741390430210906
-0.04468651758639833,-0.007841706852893938,0.29864095457359696,-0.24715780712941782,-0.23293257222273384,-0.359596457235408
7.247087346173186,0.9008375244635136,0.8085949880450403,3.5517582594195263,11.345159481652237,-0.024864481792416918
-0.44213019769348527,-0.6901014333107337,-0.2649099033924616,3.6092107983505253,-2.8403325543599167,-0.5242192064757237
-0.5687333612527459,3.584160720516829,2.4110074899578318,8.624531210758638,-0.446063118134973,7.407915726308488
0.7201922854102152,2.01029373586811,1.5327950460559727,3.434484768106106,-1.5236924673693018,-0.6691472179041412
-2.057414584476857,-0.8114723955079433,-0.3499986483709503,0.7414917190389031,-6.16743507939128,-1.7945541398451532
-0.28881261150867227,1.347156640745792,0.9787468571214168,-0.57969475247678,-1.8160188261231776,-0.8595744342328993
3.7522970441274595,5.546678048141149,2.9031708377317527,0.9615872819097929,16.74070476345988,3.6341617723936688
-0.3998317151501724,-0.4941269557481621,-0.08172689103694247,0.898467096573701,-1.6409186454510536,-0.29317848411057085
2.237332999836182,-0.17193537010189147,0.2481612582903302,0.373723640281768,9.2625457271949,4.235003854985089
11.305963549845364,0.72530007517883,0.5184736985932684,-1.7000508247724717,23.431781999395163,0.6504207019639595
-0.05679819389342411,-0.3177437691068721,-0.09514435529459396,0.3242695849720574,-1.0787127160300236,-0.49860479815098613
0.31553219614293565,-1.0161893766387091,-0.37973232045682387,-1.1019967088671276,2.347084024979241,8.066047509640706
0.9061088980929759,-0.17880418078155488,-0.04179505584882686,0.19668293709190965,-1.2098981837420184,1.3772824063576294
2.9878388043350386,1.5949562443665704,0.8628554516272189,2.4895970968045065,5.251006048486602,-0.0700948382518594
1.5946103770510702,3.5756499969477873,1.9468146318811508,2.3727813162412934,5.456917472380327,2.2800236934517084
1.4767215591151075,5.08395851165158,2.8686049481412,7.658131846283407,4.849769274453775,0.502832280563093
4.581105460941367,12.008467229693569,5.988498933041508,3.1022483607676703,23.619960313703807,6.780502675092861
3.0815849839529674,2.716142015817158,1.6731098680367416,-0.815045878813732,9.679996915214147,-0.4391958514789767
-0.5588927168654084,0.5009684877504852,0.26341300798732975,-0.5967063874168327,-1.4037660328561077,-0.08919155945109845
7.61383927833679,-0.02796110440457078,-0.03376135827711109,-0.2544320564024949,19.461257900011958,6.15803985895903
4.859232676634346,2.0105909905434824,1.1906416750112354,-0.9557347463076955,9.29288434307709,-0.0440650069756412
2.202520393839669,5.8764908220426655,3.0340056600094463,6.247620791850533,7.828399518129256,4.708995946537511
3.9107350430457606,-0.2680123902011164,-0.18831130381716613,5.165428807366062,1.4965982816363599,0.6928443662600657
4.326959739826313,8.673467421544753,4.399807541601872,5.258653494776441,14.737950427719571,5.83482861506156
-2.245438812456585,-1.8020244985765144,-0.7302995719662635,3.0553697682814187,-8.063029456031702,-1.233654501271582
-0.18134406828945543,-0.7827988193708811,-0.34628331619200764,-0.29900852292880137,-1.4359229599418897,-0.28998385186238135
6.849241870558575,7.8373920172091704,4.1700003452943815,4.480462993569119,22.705165168069154,6.085689559077948
9.925390461311974,12.145505671341628,6.400440829777732,4.925713151240602,29.04760884790944,5.045810311544739
-0.2067362513068534,-0.1398425759039385,0.13199957714333094,1.5650657433673483,0.44073650130555175,2.54289347739544
-2.3529002758805553,-1.4917920879162763,-0.5942663168920795,-0.31845064567557446,-6.202330058194168,-0.8175508334352023
-1.061874873825541,-0.9954007334812828,-0.3964932693617742,-0.6900969567727568,-2.9146970523138833,-0.5664164126923742
-0.24664659659360516,-0.617244152240239,-0.2245984025989477,2.85043469029441,-0.833852067341466,-0.0936491053724276
5.525688926575444,7.1837050998300205,3.8149424494388118,7.257591312450167,7.162350098327676,2.0399165621792186
6.944208299717954,-1.1416352378892873,-0.5274870389524141,1.2147586274314501,3.33901966915856,-0.11199029018381529
7.025728525753786,-0.23176846120037178,-0.011742066904588788,-0.5054936858245869,28.340914582809308,11.029575740122818
-0.6640276502536934,1.3022734437411103,0.8348548911485216,5.202551234721539,-1.8540667961046144,0.5316922441745184
3.6806916259744247,6.817355079887094,2.889935697052252,4.2983043743934735,11.310922699636455,-0.10172909169690443
8.888121840758423,13.42070185103161,6.810444234962856,6.000545271017887,30.116787426083274,5.937334122719669
0.08308030638444974,-0.45533329068348377,-0.15366067885386225,1.149188611769454,-3.234066711626327,-2.287354736291715
2.236567334909094,0.6865417761029985,0.8360689484625482,1.612155256888875,0.7987416172807618,-0.16730913648300638
-0.143981608332752,12.997993026803217,6.303029661870245,2.25383633392588,9.976736413231896,5.298591220741696
0.6419401278651079,1.5262702983347007,1.332426020880284,0.2867252963924668,8.737242302954279,8.159981096885623
7.504201267032524,-0.14251377876523674,-0.03668692477561053,-0.37946500468866284,5.428899278744518,-1.054579434331141
-0.4992513972076667,4.912871378618996,2.0612378506340514,4.956953074328143,0.6228355288267918,4.320738234497364
-0.35260620057037684,2.7530296997494847,1.4794578975917507,2.724006632372314,-0.04667639709837928,5.56842827650057
2.706899057079207,-0.8814945372994766,-0.3617514303952815,-1.1752463913431168,-1.0028018446249012,-0.5528127464091306
-0.20266705150676587,2.008047089615093,1.0332865300403238,1.2563077511566605,-1.023979006823058,-0.3304033277245404
-1.332134180787326,1.165700587619563,0.7393749136659442,-0.8398682888731965,-0.8439753130302665,5.6316203252623
-0.36246709447972814,4.704111740139359,2.468933292308191,5.125274156578597,2.812311588693873,3.3064831472035143
1.804292018675853,2.1968553746441497,1.7377735010703719,7.664560045467688,3.943070422202113,5.9034700763729955
3.948572984819526,-0.09352704817225484,0.2989739759464231,3.3226575051600857,-1.4002033100269975,-0.7257630593102553
3.0017229359977025,0.670304735242618,0.4659888321769873,-0.14867511384171725,-0.7366430120779213,-0.49279787038903716
-0.11583613028511773,0.19545678799719152,0.19713392025589455,-0.5274971716238316,-0.17153264921370867,-0.6250117023808074
1.1912398278213046,0.7334471875112821,0.6496385269989197,-1.2773082390593853,5.0212214777247555,-0.013419840763571856
-1.9184461232701004,-0.25980275572267386,-0.046118669953941455,4.207319104213027,-4.206669634053472,3.860606471811339
-0.7861034024051525,2.381637508758099,1.5896108027563136,9.203812507830056,-3.408182307587383,0.33825101292069737
-0.8062749290984231,-0.21303188356986108,-0.04472700020382856,-0.16041489954666802,-2.8209031913731506,-0.5070876274288969
7.316349197322746,3.0538353203947364,1.5849475631767351,1.4544569047617184,15.129469681381615,6.8219585626694705
0.9295479882719236,0.9002838736469407,0.678792592744628,0.5041624151084663,2.0218350806968473,0.5850643707702872
3.782586481505448,-0.6843348197862893,-0.33244196122734987,-0.6825717262751043,-0.524270535050829,-1.3810102793922292
8.673412558284872,-0.14347088142605002,-0.03490979029142023,0.8563121340307709,12.162193829835177,1.168799508789177
8.199931426369318,-0.8583681068130128,-0.3397515354862429,2.12051807369138,5.2203102352876884,-0.4130015010326824
0.43836128188044815,-0.7306134307251569,-0.2641194654790731,3.1496080667629105,-1.4591869212654904,-0.6974904868958499
1.2656147490570466,5.996575011878527,3.2044711626188596,3.4442760243978308,8.161476637089525,6.355799052209463
5.498109827599606,7.469533670189006,3.8735688569370703,1.4874242132380937,14.175238442068832,1.6001494544378398
3.745123844041271,7.255887159367819,4.128362181099062,7.125152003889696,11.815069388318438,2.898963651881539
4.064308216242018,3.35086645952409,2.2399665538841957,4.333212100467201,9.399637714093972,2.9725006779689513
-1.1323047188625086,0.3541273145916334,0.967209488133407,-0.04964325321209535,-2.5520199650630158,0.7461331090442292
12.10111879432732,0.1909801188254283,0.5326588209355868,5.828312705873426,14.066538769151181,3.5550304054457307
1.58515031183888,3.9649287728315716,2.0541879681507176,3.029887794046229,6.126420892827999,3.275486259354075
14.777280558375006,-0.1420020994386655,-0.06579233772014577,1.6029393374908847,35.088151802387756,9.037646406101313
-1.9168713387003313,-0.3998212340849636,-0.14958914341608925,6.384287889648579,-4.36847528933847,2.2474601948611097
-0.029252204202858414,2.636150588898271,1.1265051629714753,4.7572282254495954,-1.0235787067931004,-0.5140107349823282
0.610222094830118,2.5164841806766223,1.496419360463041,3.906395436531816,-1.3461211094500773,-0.5478750933319246
3.7470448770794116,0.4862085743006679,0.5605088125458236,1.0439268490942792,1.4469111795058263,-0.5483150070122242
6.803220307276587,-0.019596903647325095,0.18415518683375565,-0.30542812610823283,23.345825127010727,9.027949898880584
0.703729743044155,13.70870591284242,6.790001030321311,6.517303491108168,17.33676971207269,3.6323198254752587
1.2725322253653688,3.1348430055790453,1.8885051724639694,1.5444884369212237,3.3272468647895015,-0.24974873884836335
8.627896811367874,4.966495343466555,3.2181044192644404,1.7008364693248628,22.29982006356324,4.4358289739086905
2.241048619188298,0.44305042965743757,0.7790171974311862,3.41759769207438,-0.42792294633183103,-0.45794987359280115
5.865424591148062,0.21877004748913448,0.15652065485302302,0.5459215035533624,14.526321121640509,3.471621872058317
-0.21938892104393554,2.198612636348168,1.342008556935951,2.9121600285857605,-1.297209650329484,-0.16765756462245532
13.045832713770446,4.514142298958455,2.3571480633051807,2.099793926450423,23.352368123851466,-0.15326430102998223
-0.6237329654390837,2.0200752716317,1.0577514060702375,2.130886439936437,-2.8623192084158835,-0.07064911578708322
-1.3658560157436737,-0.8024054617774712,-0.3339843418077093,-0.4500553373607639,-4.069153800211576,-0.7117515859403843
-0.32156910855480275,-2.0246492477486746,-0.8642123843909248,-0.29889752647821977,-3.5617895428596222,-0.5393024879318639
3.9170900727082882,5.114486776677796,2.8874990449260065,4.438026181564464,4.185045486772478,0.28124521276326847
0.32942050356736446,-1.0122927888420505,-0.4185362048000612,-0.34430919356067746,-0.2757568877828689,1.7106911242412517
-0.06048865767065945,-0.5827199544623485,-0.22669497544526096,-0.6962659186123263,-0.870247297927877,-0.030918938648487916
1.1004162827124295,-0.11837632058530725,-0.0009908654972870413,1.5860011764737232,-0.9658873428659522,-0.03922338017788549
-0.2329408628813588,2.7121654362005243,2.3715449148410377,9.300596031863181,6.389472191940681,9.234974160039709
-0.015313300860398393,11.985079838950025,6.006712547363934,5.679499059529913,22.370685755904933,7.749673300563088
3.721360136649232,-0.07703270227490942,-0.044067728692219026,-0.1491609862837361,4.371701053164571,-0.7941310651145955
-0.3610422676821281,-0.41845062273427724,-0.16761413193274988,0.540743872041559,-1.770552538871205,-0.30221076881004594
-1.5252296846378524,-1.9120905768382515,-0.8243076953707759,-1.6900618307894826,-5.651797057318777,-2.2326512815052775
4.915224503111244,2.491309045832006,1.6591478403342304,5.152401125471909,13.479522028838968,3.6853538062078224
5.845950976593531,8.836715344240432,4.672832480529115,9.104533268825772,15.129939684874598,3.5319521300206986
6.023032850086308,7.167499273195119,3.6715019136630063,6.191336147204862,17.269040736218145,0.08106104904379496
8.131919083650299,-0.2479466732369381,0.009254784629812773,4.386429078042046,7.73479019894898,3.5818384068493607
-1.2058805326460384,-0.27987064538980944,0.2266188106831718,0.809732026407766,-5.647067830373215,-1.0509791785525737
-0.7253053172712068,2.810497205110743,1.7167789514131573,6.327563803720576,-1.3503178638702562,5.883184435966017
1.1826099633539224,-0.0610259432050339,0.11161551682642984,-0.22684558828301415,6.111870544904446,0.681881131114923
-0.5837651237986317,-0.24134669874999634,-0.06262500574421774,-1.6606867154692866,-2.5722777049962984,-1.236569502296298
-0.17471780098192072,0.8619981052638199,0.8420618296551031,0.7051733592256284,-0.20796003545148098,2.198340828331399
0.5464786251514246,5.522728985005168,2.4437032553596323,3.4393917059015333,-1.2777981773975142,-1.3222801454266557
3.6708122797278158,-0.44225662924416587,-0.10278016448459977,-1.6569874537621019,8.638493570467796,-0.14051088722331848
4.075444619281188,2.0067650523135705,1.3148021719100422,4.564740651586134,32.409800360468104,20.410505213423146
1.6915389474844313,10.87016337554121,5.875299515509268,6.406500448442135,17.74920847394076,5.168514217974811
-0.5554275767044207,2.060324316645014,1.128414326342666,5.171505403413484,-1.532066654822699,-0.9160564123250667
2.3950077475070217,7.035181407123842,3.6850387407255525,4.726851647833883,2.9890311653589494,2.3062307835304514
-0.009317619056475946,-0.7222320536500513,-0.2814288364157506,-0.19182839763565718,4.205006060100658,5.307630859288697
-0.10161092511177122,-1.1191317792059448,-0.5061670122191219,-0.32162715276934684,-3.7885284409439466,-1.970250842674621
10.094011862033403,0.07574987350278939,0.285411286520602,0.8214913107747573,21.269967111571734,-0.17669673371791572
-0.023025273087097255,4.76599586092198,2.663379579578334,6.544495684606918,6.279314972226061,7.939723397441497
6.143487904395418,2.452063639161414,1.5757308264733156,-1.2663637329582893,13.000485879111627,0.7746719674151065
-0.18539980665455827,-0.32834197064431403,-0.07156568512490032,0.034357172522229695,-0.9247438341210444,-0.23900901427777557
4.926118152806977,4.266322536240771,2.2575302435389073,0.9851588220092471,17.732764460789095,6.513424273950266
18.959932230420172,4.675425638806726,2.4035378778106358,5.408513098059625,35.33930293559829,2.70866582910031
1.7506881626625228,-0.02754614402659892,0.28402101907794225,3.5285060483655757,-0.49393770227044476,-0.47409468188128784
4.943115897472062,0.9251531403181673,1.3005340189935808,0.1799787090163707,1.330613967469474,-1.7442032429455645
0.8069379916872571,2.5539246513928746,1.5764463666858037,-0.06418989709701646,5.904461603371976,-0.10044776587318155
8.99553820892336,-0.5335622701179213,-0.23949590312153363,-0.9843213367699879,32.091652850051965,8.441854393780902
0.6901790518442383,1.5114578856335403,1.2154456962644238,0.3720687580638868,3.210686311536141,0.3746606770813878
1.4420178425294172,0.2731270051154539,0.3985791609425163,-0.5781667717006517,3.7646707049841956,1.0340618958880854
18.919414396767667,3.9155126900550736,2.142804530407189,1.3300430890543766,33.37908811196976,3.0294264536067876
0.717682254013123,2.2337549371488223,1.3913716668174527,-1.3157953784816208,13.149167748009152,6.282390872960852
-0.6179827230453498,4.366785487264323,2.1875142455217538,7.886424062136947,1.8660717440231664,6.740044015375181
1.3468090338174807,9.497186092110274,5.193858992487263,3.233114786370442,14.793156972858101,8.201317603258701
2.2822503398996963,2.6336947365048315,1.5792051130641094,1.6990716273591175,8.277722336016657,4.186595212988204
0.910159777270924,4.674233194614304,2.7532611839278,3.867050210699105,7.768116435473204,6.450304596202766
0.8044735588195417,-0.3090921479970088,-0.08126120303617142,1.6809216952001567,-0.5252454258039388,-0.5164958897743095
0.34175126660666066,0.9165128699114343,0.6933446729672892,-0.24236664040262906,2.4940102661918875,-0.19500070621280813
2.201213241885054,-0.18099408775966078,-0.03598701360600314,-0.5333380817106568,-0.43426776341973694,-0.5448352913347246
5.933146969049349,5.6676686056095456,2.9680205201077365,0.6535459612542274,9.13470497992712,-0.8392533186927905
4.639998073281258,1.3538172329274443,0.8181547877044466,-1.27387954442631,15.801344552820295,2.984752946335222
-2.1428283272780684,-0.5472081912813745,-0.2253612661640721,-0.7111346201559979,-5.378059269705708,-0.7292028640281588
5.161461506189126,4.09461379466125,2.4312727775214267,0.2001589438418362,25.868965217358905,13.461616547881938
-0.8064931309343901,-0.8685262894291143,-0.39171249832129995,-0.671615366284489,-2.840514581910007,-0.32997439967275966
13.205958972147421,4.369760522855545,2.7460578617912486,2.7305165512876997,29.35602425787031,4.2911400866684595
0.38931302695804243,3.453526168454761,1.80537287364433,9.018989030959013,2.933623584503356,3.7900595133796413
-0.038288062892251576,2.403314274373038,1.9853014905293116,11.908516133180127,-1.5487700609306525,0.4261268030572638
6.707016901739536,12.526748824452786,6.282962742611443,0.11767048516832967,23.924848174206815,2.5973993667980793
0.28654630055864955,-0.11610762439461467,0.03768644096628515,9.2145181098332,5.255980298172767,7.686296143141487
-0.8766061612873334,-1.5665899838294284,-0.6351520170906553,-1.541509427798584,-3.511399476239923,-1.236275593562658
-0.1970842658345976,0.6928156160530929,-0.038958460845783076,-0.06131520964769282,-1.1406297139863204,-0.8149501144612267
5.468457155559639,1.08878799587072,0.6057060438433122,-0.6575255336221405,10.77854434883117,-0.1226908638358597
-0.4406190818078267,2.5580611510042903,1.51173597516192,2.900742289536197,-1.2692375602692882,4.89352981283911
4.60736996253355,2.5131548497581977,1.770764086336742,3.078845060628405,7.59261632889386,6.315659359517531
-0.24663348959723305,2.4383319407557797,1.4832666342582814,-0.1939382681842223,-0.8310265916822234,1.2340676613758572
7.724252097039753,8.155237018169013,4.278064363900055,12.922509867890662,19.33183708439854,2.2105356671695864
1.6690000623318544,-0.9473709332500132,-0.4021110835884072,-0.9351280923919746,-2.1729802755136762,-0.41620978569498135
-0.01264131769944159,-0.11050132275541842,0.265944632342962,0.08663442270013588,-1.255482511612219,-0.21124844229494047
2.206168321144557,-0.5871104606399475,-0.11935161878298915,-0.5865699091767599,-0.2643455065993391,-0.6748919371869674
-2.5628921163249014,-0.54397437080108,-0.1304840800382023,2.7110929303925415,-5.030006730388853,0.6909133247020641
11.608465289821874,3.6269879493984702,2.7926709468650386,5.684338492244545,21.46907120317764,5.510844042385341
4.093699187851787,2.46443715910335,1.3033240353784303,0.29347990039712535,2.6728463596209426,-0.8051165351677523
-0.2708378946017322,-4.571200960361277,-2.000795434187908,-2.7833043243245554,-5.887151952851285,-1.8771970252406467
-1.2722587498502005,1.9765592472131654,1.7728392312035153,4.00111410019413,-2.485735211865535,-0.7013961205142829
4.819355822345316,-0.18984393464556748,-0.0025357026858609634,-1.571241968811013,8.406508011379458,-0.5597031639099992
-0.7405502986806,-0.6952556566856612,-0.24055380947788257,0.8373466753860274,-2.6509882387817045,-0.25365156075926404
10.487243895884125,3.503539079514638,2.265764447992245,2.8152438650178535,16.25595733109051,-1.0191898435060212
-0.24658296756751083,-1.0492093063265493,-0.4551275244064651,-2.084261941291339,-1.3805111325571802,-1.4227144411345787
2.2094877054039843,-0.05950414642975093,-0.04051223061087912,-0.17463932808969507,1.1830924823335498,2.447811880624621
-0.8433022840253575,-1.2004808515225907,-0.49127571516971535,-0.2632280023716346,-3.17005111062352,-0.30953020212342597
2.563851759245893,0.3801069482057219,0.4744339312483705,-0.04589945351887326,-0.3669959404748473,-0.14875566295642714
2.511276752682628,1.8272294487816576,0.5985437227724296,-0.5325902038894247,10.255158136971662,1.428527816155456
1.409109416301134,-0.20181723083026856,-0.07105567099239225,-1.016331821721329,8.757720861767348,6.962793063721823
-0.0972102345423981,-0.6752866471909634,-0.4281441811154088,1.5079471654437289,-1.9361859137574873,-1.105379236400804
-1.4088612926392998,0.055760073327928206,0.9339038183752459,0.8911046283482963,-1.5404856937687952,2.7355080637569227
-0.6000499586270547,3.1050524105630175,2.3427339138644525,3.734388330451832,-0.32868404300753346,2.6038095121695837
-0.0788963498668036,2.4892112560366653,1.5532640325846052,3.0176834644066552,-0.45267293562455,3.8000339986212657
-0.9736193432955482,-0.6197711129502063,-0.2383926974905161,-1.0663506358176884,-2.351272533070928,-0.3738368426042893
4.044091445319944,1.7386291819422954,1.2701805712666911,5.892169956033538,8.656331470809599,-0.15364074241135883
6.221904242934008,1.5575147896766421,1.1499505048499965,-0.6201228952661826,7.392049851406644,-0.6069909821189636
-1.737487441897249,-0.2157075012828532,-0.06979461904465876,-1.0595831254597976,-3.8927522507118058,-1.0119024692808638
9.250442669782268,2.8713930730536243,1.7907899595338046,2.1874034781042493,17.498733423085298,-0.0007063939057446955
-0.682803991359662,9.675746905250408,4.792319393878333,0.696821175493251,-0.007641036391472223,2.327773948826069
-1.5654351745321633,-0.12107996206766572,-0.005840543482644601,4.086228338822069,-2.321828887040265,4.4063619229448365
-0.3173059968923545,-0.2926862552942054,-0.0751295999599702,-0.8085977737301212,9.172474745350083,9.264474909778452
-0.32520848014515696,-1.106884089189807,-0.4535189416064904,-0.8627960640106287,-4.378408338991442,-1.9737282581323852
4.076529054484001,-1.221629895446689,-0.4931048309503401,-1.318899449133095,6.104957152081473,-0.7421788573369321
-0.1435083004542277,-2.90517044986209,-1.2086083175603886,-1.115725066670636,-3.5680700897618696,-1.2786846729481915
5.680084686464192,-0.7393355022244172,-0.2594971310217217,-0.0009843771513285526,5.642711767790644,-0.2200838084493737
8.751948853798252,-0.1724157307892383,-0.025137343511115785,0.340783630292722,14.61648719522505,0.3686647391300683
-0.10404201528057709,-0.9906411415238738,-0.41292232049011707,-1.7508978180339865,0.11368867285856976,-0.36542007421093303
-1.6745615867841828,-0.6478009291593747,-0.2640509485154461,-0.08524717734461351,-3.7901598919439685,0.8851109603200018
-0.5251740004011076,0.9466870388644211,0.7699070639166702,0.7936268458460444,-1.7219887887705205,-1.381886653586199
-0.2955694926589492,3.4649563974397766,1.9642161329034453,3.854024273965627,-2.127477731216875,-0.7605873916468151
1.5795563666461756,0.21342987889146647,0.2810466705676422,0.26788546471269625,0.9939262940431748,-0.051629874703248604
-1.0443102975588288,-0.1766711222829074,-0.06554691064179341,-0.04153496160985133,-2.3268445900907877,-0.766845185210141
0.916866127631418,-1.3605371072251824,-0.5767692217764405,-0.7530234761058265,-2.081157519096299,-0.9651762084933262
-1.4265000802346415,-0.37794652682595936,-0.11128620866890784,1.8208304860566722,-3.2057711457524287,3.094332846211916
-0.8514105559557301,5.511699039976674,3.3400047821108467,6.873370315846513,-3.4238031025711195,-0.8815076782014857
3.368254588446921,1.5746818928199984,1.4016151231535288,-0.060283284363309875,13.795251629177411,1.9337101236938101
1.2457321526961742,-0.1552556386668336,-0.02177036905534733,8.664822563902147,-0.49932685766097284,0.26682248918998963
0.1069715914749404,1.6069876231661566,1.0128221856544326,2.436129874704222,-0.9830440712201849,0.30935552954463813
1.9512754023985963,-0.40672796742379447,-0.06088906481214336,3.218044097011316,-0.9876389917291658,0.7368633768752219
5.834764687595672,1.7023246462527735,1.002264751121482,2.5175738291016216,6.864540169400906,0.5973493314160099
12.29276405259809,-0.5188141434106279,-0.1519597468871585,1.1560389176228805,18.53548919558513,-0.34137271109214407
3.112069516756212,-1.3741610691362334,-0.5150303365868942,-1.2114561625438083,0.28345853250010195,-0.4967906954122187
12.909107214182491,4.419681278037508,2.3404594203868054,3.6895082270007036,28.63772412433629,5.405866096276848
0.6796637478058668,5.278257344171443,2.9639407133447415,2.4493201725900695,-3.828180170087741,-2.753133570683725
7.091514452218458,11.008480354321653,5.300706301891735,9.375494215346894,26.341154950143437,7.584885060704182
-0.09462025187888107,-0.04503484821181301,0.2881725832166844,0.7404918442266196,1.8771597948403222,4.518955629354793
1.9377295452685797,-0.9582812257066564,-0.3050092328070439,-1.22968376492071,-0.18771860722848333,-0.41441254096978763
-0.3788837237917126,2.7003836836615167,1.5163100299166945,0.20350879799673594,-0.23538855109302093,1.4353017310210092
4.398779565411114,4.486787573844568,2.522967303927192,6.425557244943467,19.887932784341874,9.308768829023053
11.676576582014274,-0.012999570895371161,0.4146820977620306,2.3542924693280427,14.60074102393749,0.5649541429444063
-0.05549551126613528,-0.2641293767579424,-0.038434908161706915,-0.5167536569802927,-0.25975552760413834,-0.1875821335009986
1.2375289007317245,0.40542227907862005,0.5281338449351555,-0.38998844853637515,16.239253431032576,6.496326558515344
-1.4129899401965493,-0.16650116588941358,-0.025786844488077956,-1.03550960046546,-0.8989766635734832,5.947721206508868
-0.35196242770426484,-0.5295155076041461,-0.2540782604714442,2.8535659536454077,-2.4474178534438407,-0.01535123592767811
-0.3164403130644502,2.1889464327378407,1.4881950976942167,2.8962217872717666,-1.8711907485635153,-1.1194511908537637
-0.2622824207384418,-0.011526749019411265,0.7014201083062078,1.1850957805125484,7.116062249774748,6.180556497891647
1.7773557274947989,0.13816246076479322,0.22882532349733065,3.816350837477672,4.038912946866463,0.4115866300253246
5.874641493148962,6.808923993439187,3.665524504540471,5.621320608960847,11.104819444200107,-0.2464813963360033
6.228984324441967,0.6371800848215694,0.5901933384516677,1.7601345810750213,6.813153409344162,-0.22629093816520718
0.8637393948726375,1.5092047612331942,1.1643832127973102,-0.5015046029963266,4.038477059069879,-0.0711400873935359
2.879703887806831,3.2591356252225845,2.3559757756428246,7.795287612236684,2.6977072225487366,2.32870189016075
-0.11099486409855315,0.8562784907414989,0.7368777788816621,3.68020904922989,13.422075955912877,10.879675358009301
-0.1918786062446899,2.0050229000288025,1.6321703131131147,-0.6896907581937459,3.7866605440727663,4.2803558077201505
8.739368565004256,3.6276661842075977,1.7878361502129712,0.9482512683365394,20.238624661326813,2.83487869239751
4.558043033994968,-0.19055959068901793,-0.03356539143199146,-1.0766164723570297,2.31013421738409,-0.7405142421759976
4.531280357528793,3.9518007751397546,2.1097168143409397,5.642345194190208,6.417104760309354,-0.0007801632054048158
-1.5659285603609858,-1.53217860482662,-0.6641731942571995,-0.30827956261403383,-6.362634081717019,-2.029908681376991
-0.5626911221640611,3.5134634875585085,2.043599362530791,-0.5320128575108892,-2.6445771538355842,-1.078958785646765
-0.2294978165134011,3.6012373776996216,2.2046526229054173,-0.02086700116395406,-0.7138586686155941,0.023860595113554317
3.474645260593099,7.159115654309081,3.668745744442381,1.9521169460188685,16.941035850870538,3.683549646554158
4.9611466528819355,-0.005032019051041781,0.31103797379294873,-0.26344979376201744,6.517565896478162,-0.3472437421998051
3.5065326090980404,2.3067130273744647,1.3929187678281023,-1.2209563254760805,3.4038462226867834,-1.336973321428216
-0.5277707875954353,1.860607631432675,0.3229373605739639,2.1163398011916765,2.521999250620844,3.375669414139378
6.506376581727199,3.989234279341658,2.664220885425781,1.0641859919394503,14.122832821111764,-0.027942072281097685
2.395320393545931,5.0059053137654175,2.884478107247623,3.066221330601519,1.8201741241003382,-0.7716565228750936
1.6655248919076027,2.3290287084191292,1.3471943843463576,-0.40161552897147107,14.762254053213733,6.367478519217523
3.1426663866494673,-0.05455878576087969,0.4726967778017358,0.04632452441435375,4.376409866771353,5.366011177916547
-0.8420328626388509,-0.6023146828543035,-0.15866709747683394,-0.4533669966934637,-0.16156671834534533,5.170040012696322
6.906960519265254,3.179570467385071,2.790614078410581,9.651838982674722,20.75364800982047,7.1877101743646
-0.02807388973933771,0.4245519733857145,1.1316064370881853,-0.35165411400844365,5.951834184890326,0.30238634092616384
15.545731700583563,-0.21475938876372638,-0.01221534271304643,-0.1813089353454764,29.733946806389092,-0.28529616793813567
1.0025035624910923,-0.16189017975517095,-0.05545736884176316,-0.39118441233080636,-0.8612399123570849,-0.24797265448544945
9.099014666888303,10.939360400739083,5.717706352382486,11.150580346517144,45.56745203408538,20.912124375411963
12.492719846958485,6.125055040354963,3.1000953756534924,13.083824704798692,29.955484209671383,8.161482711110787
1.3303734873766133,-1.2274486289206328,-0.5095848664079757,-1.3113040613354845,-0.1744593365702687,-0.4803944439354922
-0.9126810444624862,-1.4934275565256687,-0.6074073860010173,-1.3039705251583593,-3.3531165975536745,-0.48309298493564407
8.213970573041932,5.928088676000979,2.8656693599126966,9.054303856759883,6.371711607295437,-0.24035007868514635
0.13331911208388703,6.5819259831651244,3.3383624599476365,2.7213144790856125,-1.4124694326344274,-0.7974429693048987
-1.3419648664388681,3.4746991972366437,2.2447931231936717,-1.0266051629714432,-1.9363449228533174,-0.6269942657564171
2.242459838471514,-0.08466921570902886,0.5563266810644988,4.2694171112330705,1.9871088174008662,4.863461671456859
5.276585088613438,2.33856708991324,1.4849281458655823,5.54856158643197,19.06775879090276,7.111674206838447
0.21441241982229398,3.132844956998919,1.285337265502518,0.3525407361756717,2.6760462363708526,0.2518546485530266
-0.6148911232087269,-0.8380382216776626,-0.32221776564652693,-0.24543644484068491,-0.8713494299493885,-0.19455005810746104
-0.9674932130088276,-0.8942618566660724,-0.35773261314331645,4.657179556269079,-1.4129032056404431,7.341624836069303
-1.5893570473362397,1.3325351409005515,0.7372563502637863,3.5243526455772454,-3.7143217858293465,-0.48394742600523255
3.8244785362910774,0.6150375249464166,0.7627427364655496,-0.4250202689528374,8.86712741852358,0.6204167670565046
5.276602657760408,1.7285767963281344,0.7914100056405716,6.051783840913252,8.758150108032742,0.853558739244908
-0.049264897530296906,-0.6559323022948383,-0.3065618785553893,4.588114616649413,-1.7481105965684636,2.3131750654107153
1.0144865693975365,-0.05370826813684182,0.11515882826483981,-1.708085966680617,-0.5928947449917307,-0.11849130497890235
7.816473397665278,-0.7753517244700938,-0.3177574919324858,-1.5063880164643972,13.01969191277267,-0.08398655689200805
4.696850491343583,2.2252411647442325,1.3401803120628277,2.4638426047172146,11.807127316424411,1.6402113964294407
-0.5892452940727166,1.1057408035285157,0.32498949615806644,1.0368629535575957,-1.9249856860310328,-0.630919756725028
3.491000200909502,2.797876208331018,1.8026565022723344,4.312515972352597,5.1055512899629045,1.7646027080414148
-0.27617889788660155,3.709161239952728,1.9516096016937992,-0.05031226252915038,-0.7277238226537368,1.2143264175812507
10.163501818489436,7.0255341071017385,3.6989431350508473,7.67815501472615,18.748539926844003,-0.03843632115576759
-0.20953779780552534,-0.454372961410022,-0.13862532627632138,-0.345252240426722,-1.3822327207955694,-0.12551479353107978
7.707133641097972,0.9952448606776765,0.8934252634900965,5.742090491991157,14.111469542130111,-0.47201515950954787
-0.7576353774462856,-1.1864200378074974,-0.47798551072618534,0.21883489890116503,-1.0187657564255832,1.4620847365153862
2.1325725707760177,-0.19794661199122235,-0.004139959334187915,-0.7966541594496154,2.7417329223597453,-0.10379412109476878
6.116680923834344,1.6683724712126913,1.3550903039694173,8.79462112418564,6.727744323588445,-0.5716248889517935
-2.2784201169890683,-2.3461774562822244,-1.021759212472414,-2.260738518505656,-6.13525369385876,-0.39707664584773417
3.371552629416316,-0.6089795699807166,-0.26334958963172633,-0.19329204262739808,-1.5660114875628892,-0.4768383415727952
0.7262601049393377,-0.030556561912996716,0.239242536967604,-0.07508190341017201,-0.03978305748120301,1.5471629161597642
-0.7861846033915445,3.0732272795808666,2.019670574064576,7.307866838270986,-1.7240410589245467,-0.3620932946799256
-0.08099703137918582,3.1552145149998183,1.9624602243336489,10.123553213799346,-1.2688819105736917,-0.060742776929439704
-0.20023872022227218,5.34623961711602,2.592637806840672,5.59631264836001,-0.46954164105309304,2.3415908946619695
0.4317959095201191,0.5145128666788837,0.30128740875661203,1.9080398077412224,-0.1299854788589635,5.51985479615922
0.3838055616717445,-0.4279461868174543,-0.030623948253541936,-0.33920128780156267,-0.7439355381703007,-0.3441259631848857
8.833827848265996,6.4068139371412025,4.113480231611391,9.796956947812554,19.445312878804792,8.859844185317835
-0.19929338745842876,-0.4098723733399992,-0.10625802255980342,-1.4384854993596838,-0.8088346817481744,-0.4220666577274068
0.7360172997121904,-1.259902529662028,-0.4948252524552473,-1.6294336614432199,-0.12314917558175183,-0.4505753597976579
4.262561914495695,-1.0167117520762452,-0.4618914307552049,-1.9596077900643714,-0.49215271749136486,-1.3105633423244103
0.10481711967794027,2.6436997670930475,1.6886560048915746,2.5769704709290693,-3.087887057927484,-2.468353433103831
-1.3095801086416985,2.7760516471993526,1.493949608722161,7.08705070706484,-2.0621541656545808,4.987659076540529
7.080704894634328,-0.05951402312832308,0.22003744703413464,-0.3893334216459558,10.591764072896904,2.9249668206335757
1.867774538858055,-0.7207696200725138,-0.29040170919158154,0.5831563300649969,0.7811418937829162,-0.9045074062948599
1.5357765279423203,0.008275267217723647,0.4994293129670766,1.0052768303188666,0.7368493916759932,3.6564191225296323
-0.17305457495137422,-0.05873424995329018,-0.006344511311283796,3.4682773861849645,10.867760053536301,12.674356807128262
-0.2719804825865324,-1.0128316030291495,-0.32326193794413993,-0.00427960618932064,-1.0499761786903663,2.922091959890871
1.4238737938582204,8.176760499647793,4.225145683640946,1.065048722923126,19.3679750845074,7.655577085794753
-0.3208067437688242,-0.4452112106816287,-0.12132543770027211,0.5479618304341873,-4.280283128546393,-1.9260307918407116
3.8943772251473696,2.45189008787178,1.3435263129031214,2.3893739177170503,9.197999943951716,0.04632766507314401
-0.36332266977455185,5.300000445403087,2.8491627312332097,-0.010379699312497381,-0.23543825478115235,0.7396100548774253
-0.42778864594230087,2.4311538964333335,1.568322562591733,11.386805781704195,-1.6424248528460321,1.3629502378856095
-0.5395795347385602,-0.6601029882618031,-0.17685461523714774,-1.4197617075770461,-0.629999021725768,-0.1590133646386086
-1.8539199896851892,-1.9237079409899427,-0.85980484802048,-0.6440573923007925,-5.432242489855839,-0.5763702688665514
5.052898706599524,-1.1139410772594014,-0.47368012748346244,3.3049577372292136,3.914800951315189,4.3429197471234895
-0.8148325813955737,-1.3982597481237342,-0.6312477481090277,-1.2178006164796897,-5.057507955719319,-1.94936876386673
-0.5961504362532761,4.889941559271713,2.6374994087873325,11.626262435046685,-1.1419782029147256,2.31439700491895
11.74411806964907,0.9368075521665192,1.0157375838626037,4.140295598073029,10.41312644375529,-0.2777785166013429
2.999102046137816,4.1740052520916615,2.1720071624832324,3.4476336905999414,4.037227475291101,2.5204144091691125
1.4984368048797516,1.5258249643646968,1.0023090797357888,-1.0234227052190983,10.467142209027152,5.40167551232928
-0.2088722777126618,-0.22707919101278107,-0.03385991180477312,-0.062061200056340526,-2.3122588658242886,-0.49110972017297655
4.500010446079536,1.796424486527893,1.1628404791059652,2.1775690032061705,5.196748841766634,-0.5375507132656621
-1.047433416017903,-0.29412306692500484,-0.09237213016382168,-0.36246939775105547,-2.961120248356724,-0.568992778878083
-0.438128776128494,1.0510081342203514,0.8826789610718384,-0.9351950819958064,-0.2769628887639229,-0.726273788689412
-1.7844996999519958,-0.38894873999836294,-0.09913538184687849,-0.07338845534478833,-3.5140801610727035,2.1421045773814438
5.966465823786778,1.4957622370874843,1.1114030950467981,-0.21001955345448464,11.6480253711633,1.7139675200532867
3.388696799502158,-1.3446741694599131,-0.6029093300236184,-0.4471499671517634,8.935641711624777,0.966534803869174
-0.09431946215973351,3.523897341212641,1.2135495997140686,7.077926627193452,-0.4969230598504526,1.8244057083199132
0.7429990953022658,-0.432889692319886,-0.2307965396964063,-0.8613152035630475,0.22190541276039838,-0.31079115607668606
1.5447227779452253,-0.20818001288670002,-0.03389767741332783,2.869861786113444,4.456592830051854,4.938988469534538
10.529768917469264,0.8025020407528123,0.9900405047993023,2.937781432619669,0.9823716911643733,-2.04440106496078
2.7341670912887244,-0.3605301198146935,-0.08462746616814454,-0.44904828567672317,-1.1516043653299883,-0.966722760177206
9.125694663032723,-0.5962835311191862,-0.3666491055036388,-1.1244325294834436,16.41379163231832,-0.31378276528805304
10.326967303123604,5.829134253730441,2.9756673676607712,5.785316200118876,14.998780926369461,-0.952436324598682
-0.4773478420694936,-0.5860002386144717,-0.21820631728461126,-0.31042516083863303,-1.5029209806077013,0.7945426542854466
1.097445140872548,6.117058294298933,3.0778248914729813,7.776608469538303,2.9781418836603906,-0.21020387408397656
-3.45605121513503,-0.7109833250878377,-0.24178592838798194,-1.3680139191567617,-5.488348787024356,1.1724866679748671
0.6520272832041453,2.2740701032678317,1.2436481885195683,5.036148940555504,0.4988643865253329,0.124320730745066
6.352568561089123,0.5460942583039406,-0.025001167916111268,-0.39380267032093713,10.6178406570372,1.905695738500645
3.3145014410084332,-0.004826645112778039,0.5298270736768493,4.332529649263833,0.2779664126323515,-0.7733477182993541
18.333627376829337,4.536607041881796,1.9417677734495884,-0.24712616726384826,66.17908450577919,23.547232066565606
-0.40904700096942703,-0.49294267174823614,-0.1299603785047163,-0.5873072034704351,-1.6178998561445626,-0.3725252327323055
6.145507594959598,-0.7868265788770346,-0.3787701871839125,0.5263623330166592,5.780946763998912,-0.7845226438429647
0.7725371574814348,-0.014087892121233804,-0.03248300045248831,4.0990875673509,18.303349816531064,12.179206862707224
3.7502024944076133,-0.14205653014372394,0.03383819680029143,-0.2898323443664666,6.716583823235876,0.8871953071825123
3.140460917466126,2.686089652324235,1.3595696228131418,6.034976520760111,7.6265274431933054,-0.11575608644060026
6.565094065446873,-0.7697770683081857,-0.27371009722444567,-0.7164580555936745,11.221196418449173,0.6031965771980745
0.04507599243432514,-0.9044914591170166,-0.35964043107535676,-0.5065644750462788,-1.0566241523706699,-0.003355555600222826
-0.07151256368388763,-0.02776995880668445,0.2423980478525939,0.04284793663046893,2.0425694880453324,0.5140114063177117
12.763360044056896,2.154713795067354,1.3479464074279992,2.5209782389952027,17.9423929544546,-0.9332707444732109
-1.0636142407619202,-0.9589956868489433,-0.41145286309558887,-0.5407997514453541,-1.4564084095323553,1.0903214734285582
-0.15124515849883036,-0.734226098201945,-0.28839925138742944,-0.48809053578701234,-1.2996665810141799,-0.36250934675509094
-0.3566082983623282,-0.16234974968244187,-0.02942051837737372,1.3394620022702566,0.809638573117448,6.882753002769191
2.3438844184540226,6.652528218716641,2.9624172937635413,7.302817409214189,4.267279171715988,4.406005400117575
0.9873865031455594,4.024544964771105,2.401184798951168,1.9672539873943284,9.870994785412167,4.311921009704797
0.1101759980336734,-1.7550787324652437,-0.769722505847131,0.5449232201557426,-2.385324092453621,-0.30588385658651684
-0.5418177820412975,6.871917833157315,3.669500001632432,3.690073795867245,-1.0176985256642745,-0.07820878382276271
4.921917274252866,1.622281912157323,0.9512710100656662,6.537060531896552,6.449805937815425,2.2743842244039163
1.012828435295136,-0.6452581291543541,-0.22185753828900823,-0.2533215713621156,-1.8300208704647947,-1.112523827916959
-0.5897421711845855,-1.4080739734892829,-0.5766975111236455,-2.011488460643972,-1.500660334232863,0.5284777735116996
6.516413015295335,1.1958366018972217,0.744292344824467,1.4793206377184431,12.334672113432351,0.45838773151443785
-0.9804653775189222,-1.328063360495093,-0.5374527005612973,3.5561469570214994,-5.040862504689338,-0.33065138490469353
1.4800822562615608,2.624046976593471,1.7418116247798732,0.45207336854432817,9.014393985905608,0.47801173821875237
-0.5496935832835277,10.727474577476768,5.3890762682977025,9.95747103917732,4.247534826566197,5.85640945614882
-0.73439026982477,-0.2446629078488284,-0.10099364444848975,7.097716452389304,-2.123547333008644,1.080509985581327
10.490094840240962,9.222918811795122,4.679678393321691,6.336983675249245,15.765248779734229,0.36077342366482434
-0.493901729619625,5.19294523785722,2.350838994134138,3.3959614165797865,-0.7272626687682928,0.43838032014472994
2.1284451761431464,0.5953914525119953,0.7622978065637607,-0.10373189093963685,4.280043409013352,0.9183569033332032
8.650629911192546,8.59411548305606,4.368641226776823,9.612612188122675,22.367353298866966,6.059151981948408
7.216400473129095,0.7127337949042356,0.6811102783527567,-0.41117791500607237,14.231901827109892,-0.7042151367260691
6.087439392235765,-0.3484742339575091,-0.1535467190035072,-1.3706541213139076,24.04294446344651,7.219315266393139
5.773038155439375,4.820958441290175,2.09827095505396,1.7232893726191392,22.699050961010112,8.383104504934991
-0.4289943661341855,0.38501479380044185,0.39946965520760014,-1.4827270620483979,6.251881090036068,0.7166986419172516
0.8135303112720732,-0.3209901206559641,-0.1232187051894984,2.6265856779978636,-2.7208745963400576,-1.345215766669393
4.28575797009569,4.283064717277852,2.801221505512966,3.753163095499839,12.073946938063912,4.224233210097366
0.5575334186605252,1.6905487440727232,1.0943563368297664,1.2068628904861336,-1.1596141742094372,-0.521472529852597
1.9132355325514605,3.9157856584182746,2.167970354053729,0.7670121328864459,20.529697298202137,12.649371624192993
-0.4933761869324908,2.3517695172072286,1.5245597907335677,2.4577091308152115,1.6248059374419386,-0.01752608329099401
6.207433248595111,2.215720892487886,1.2813422899606492,4.67506399227233,9.308514953942952,-0.16986503349613666
-0.9984632376624616,-0.6199418818806612,-0.21049529470565306,3.1062865498173036,-3.1775038024283746,0.14762507814708103
1.252324627992632,2.7761444231520613,1.6177128434051364,2.7049657202623174,1.394513550091151,5.43429211413264
-0.804615187331407,-0.8918592566193461,-0.3761311878969005,-2.1748163780405556,-0.4574562750274364,3.0630894787260807
2.9021885430520573,12.557147252079279,6.068004523483574,12.88739279802181,13.487255387832707,4.556299104704262
4.808816156942429,-0.7503806533318013,-0.5574216263956846,-0.8299941622664178,-0.12710362670209918,-1.5594361428042056
6.90382285002545,8.533266009005882,4.279423286007675,0.05622501446658257,22.38984526633697,4.231191481122889
-1.6244862321534734,-0.22165104087449825,-0.09406452107792967,-0.19523822468895782,-3.6762705773273083,-0.632077155512865
-0.15009747559990663,-0.21235508060665742,-0.11186314769682748,3.7838636575777507,-0.8480773055359706,7.63030421852336
-0.026471195610225262,0.13622270011972004,0.48004938001946906,0.7329262246821987,4.4233279240478,6.12409873601564
3.732475163619923,13.832359418030707,6.875197061996346,8.884222114112708,27.977583779000522,11.875045402578227
5.575230340086971,5.501296463659523,2.9420511577828363,-0.15535986144216962,8.870751254085038,-0.6041413907230242
0.6387441734350876,0.8187755725444034,0.7132927989221648,-0.899316769687458,0.1575734830677511,-0.4516956954234839
-0.563368246109639,4.666306994758826,2.220889535681403,5.10549554673742,-0.31248601691338335,4.806318459655601
7.840514657104087,3.04013992416664,2.169014994364666,1.788893444239341,9.323109384071104,-1.626728615118885
1.5451104511804132,-2.0920428089280407,-0.897867914529096,-0.17176827994275057,-1.5950787723103854,1.0410605962990183
-0.6134519367813486,-0.0038962855341271086,0.3007555474413265,3.179859554260938,-1.9052065579568414,-0.10643488756789235
16.319155230394884,5.015197600707369,2.6542425177012063,1.214627014199407,34.34537034396342,3.1144018188108076
-0.9016894125717405,-0.15170169507090922,0.4618564529180271,0.7019290535270757,-2.7173429929591695,-0.5395598612882129
6.511484980797773,4.340284833585784,2.4551342966825835,-0.7096831996483468,20.228051121968637,1.3037494060956107
0.4259668121352859,0.5724385561060717,0.13436809373314867,-1.0807044313391028,1.4667170212293787,-0.37544157933930494
-0.04933457247963729,-0.7217937878667532,-0.23862170309473796,-1.2607177764041522,1.4419760996177315,1.4222354070499774
-1.025406033450058,-0.8221379964519793,-0.11877924953044623,-0.4566479711379332,-3.259752555942475,0.09821131082231882
2.714318590259765,-1.0532475210257406,-0.4573028881146035,-0.8221931928149273,1.5535754538328523,-0.6706916894669933
1.2864336696731349,2.208897985649982,1.3081831577183884,-0.22348397605946926,0.22667620789419957,-0.5882483962713787
2.9689535972198664,2.9372720956748437,1.4728666249716187,6.289962239679032,-0.3217243945062387,-0.7375426903289622
-0.8142481045803106,-0.24503046865953168,0.0010897095739721419,4.884633285903987,-1.6789002704857787,-0.022648887363073023
-0.06898998542775092,-1.1283891211288537,-0.48243806020679625,-2.4856494312751494,-2.7428792860875624,-2.1412398005163564
9.823239924799081,-0.16632776719913278,0.2692063571602139,-0.9222054334930121,18.89001245878495,1.2081398979526534
-0.8553856439613199,-1.8939654569472932,-0.7393105159819797,-1.4694420606309153,-9.075932418149085,-5.397770176431678
-1.3323685933219795,2.6650474644342363,1.5586237768784954,1.0476688088308248,-1.919861799066668,0.8471902754906566
4.319896593706536,-0.29373937306036135,-0.025077298090560807,-0.2958769104906042,-0.14825802320083076,-1.1293031189820641
-0.9467636961001429,-0.8152506592796519,-0.2625792574392597,-0.19983143618503965,-1.6072820679444502,2.0576170660954336
-1.5714025716500848,8.425909919584084,4.244420958466925,12.131569873560792,-2.082185221632896,2.447973736176706
-0.5943220709765188,8.88469410382165,4.689438062930396,24.31671956396561,-1.5298592068430703,7.421185370111781
-0.44049238464218804,1.1711893458241245,0.8023014404273684,-0.02500018665578494,-0.6901144982269877,-0.05136009582820331
0.7202913888809529,-0.07494208311441582,0.14009675086972295,0.29670613405789414,0.41348016825795536,0.7462220592134811
4.44196505934673,2.5965614636986953,1.4631710735281347,-0.07055591510125003,4.1001076868444555,-0.06557975841973618
-0.6300002850239637,0.44955546224733356,0.621498437377859,1.0749145066241916,-1.9232770601703568,-0.12086889267941632
3.8971275093332425,-0.47273927259756654,-0.3066842549387676,-1.4022566584739327,12.835396238949377,5.567132546157455
0.28153653679881696,-1.0371657536878394,-0.5150496877426973,-1.0924518480200738,6.531365879408043,9.913099344010224
-2.2722758914729293,-0.05359737674550829,0.09801824779432383,3.336507726285406,-3.9751466948668495,9.108181061895138
2.234046802031237,11.104425381764035,5.178789884271949,5.2893958960334295,11.87726902505114,3.0600691357930936
0.5100318667346733,4.655978012322323,2.6405288610813535,5.086410341232995,5.345094826412305,3.5637369975067736
2.616053895916745,4.839036792828474,2.4516735764148043,4.499216814419589,8.290355394123802,-0.2652967212663678
0.33999252272124597,-0.6525998788412835,-0.2539940973200478,-1.0790118086914247,-2.0556097874581507,-1.5922160124871598
6.364528725840111,5.053812262962649,2.7257961556657206,1.6566072667677867,12.376623948731549,1.9763021476008984
8.070111199364884,-0.2812856184591671,-0.03884582830507897,-1.1406809451973687,14.907509541603247,-0.8359742165085291
-0.7715459812556674,-1.0709392503413464,-0.4307836045955707,1.3854865327012822,-3.5328379116030706,0.005816393270502651
1.185229018598484,-0.3113700557783199,-0.08359707888132305,-0.5102803591431441,-0.6340979032246161,-0.4551532087134252
-0.6896360722550607,7.099390666498274,4.0992892975796895,-0.056876164477765334,3.2951496681921837,5.618134518827218
8.07969918687216,-0.10063834570780775,0.043863056734595895,-1.2152193917557856,3.030290302994766,-1.5623936683701132
-0.03313508282696392,-1.5827549836818187,-0.6891517276708824,-0.3203013092280714,-3.3426059486385484,-0.43033093165567354
-0.2577387339283898,-0.9104964708620049,-0.36892069120430304,-0.41818846868749715,-3.0948009275838353,-1.699248992575383
-2.9000458170986736,0.7914405989100104,0.7264336578017296,0.8166129417499015,-5.358210633879153,-0.9092618854055422
4.198220998285257,0.23679784501915152,0.9213301001638258,4.0368935168392515,9.540737094801417,3.98794312347189
3.442794444657588,5.008663743241695,2.773478884303686,2.199183244775517,8.318850252942964,3.19813918878629
4.3526773218695505,0.03487505664571189,0.43234560890757884,-0.7973852661678053,7.839134937022963,-0.032211065988416214
-0.18490136642462549,-0.8346503572688923,-0.4141802753163317,-0.38119269902646163,-1.0765878228390073,-0.4893518731483324
2.325004943387726,-0.3386373437133429,-0.047256596534492545,-0.6825525221520421,-1.0369454373880838,-1.8123644919096216
-0.3111658300897673,-0.06078631223474234,0.3197919482959937,-0.5930621638313038,4.439953621727533,7.965595790303487
-2.277251226286555,-1.3206008907204436,-0.5365641941983945,0.19860948913391496,-5.320135988430663,1.9755511281679248
1.9011062367228582,5.7073817794902,2.7337341271059445,3.2802700495352903,5.595572237136388,-0.14842337628092847
5.136397948756003,5.0005001049951945,2.8947695785409904,-0.26621518735517474,12.134942933962583,1.1376610225514852
-0.8966024176874401,-0.016129781812057754,0.15678273697160483,2.1957573348501906,-2.514601154815194,-0.3408829256966429
2.7692024031443188,4.201150615891514,0.9095032200635187,0.39945687691409093,-0.015472747052185999,-2.11370525720513
5.718362724672128,-0.21682987160482858,-0.11423676952588142,-0.7758721767689969,10.82716816658097,0.2395545886623438
-1.5058938272213076,-0.7642273853665781,-0.15459713426917335,-0.23128077974140995,-4.497304100181984,-1.5865027543316224
1.8813846503149805,-0.8209833895376504,-0.2712015766792516,1.2261035920054244,-0.0911238584953878,-0.1715377386073323
0.399999813931271,-0.5878525159232357,-0.2057710311241531,-0.567800699665072,-0.04919594241317715,-0.04333221237851279
-0.7418997377273538,-2.203207373431162,-0.9822956483261438,-2.0394376832930106,-2.301066495470891,-0.5190960285120888
-0.20792408157932007,0.5404085465168316,0.5912613287834371,1.5135908111211829,-0.6474513510108899,3.52421685820051
-1.7411870060783021,-0.11092293163643946,0.46935492729176087,0.6879885004337319,-3.239776118731978,-0.019095674493096283
-0.3073472771993419,7.786334068864434,3.811135848687914,5.005561898411228,7.112234215607301,6.37242305560509
0.9111887440333629,-1.2824257870268085,-0.5269768764473306,-2.2338430280868184,-1.357682697569181,-1.2114234524154741
3.707658535426469,0.37299039022492575,0.49374542647145053,1.0071707766505742,10.906696133849136,0.9997976916563222
1.5673620718288825,0.45979078955703506,0.28995464898388656,-0.3981081395026505,8.55437946085077,5.269113666459777
-0.9050154072679082,-1.4537528800901747,-0.6519912929996792,-0.891818670492919,-2.0426363488185184,0.6100619031586418
1.1717138466005361,-0.48729997759379123,-0.12033896227725603,-0.9073366298029306,4.266111301150451,3.4414606178066416
-0.436888229494018,-0.49875953914840415,-0.18704206076128763,-0.007880958174427044,-2.9746253563581053,-1.387570641365669
2.268078433073452,-1.6939457148087627,-0.7594487681946922,-1.2983282365865585,3.3619102846577187,-0.8238641013553771
-1.589863082398169,-0.8750486969485234,-0.3808549284332634,-0.6837914550016356,-4.683804442489902,-1.3064532366045731
2.6461220341894265,-0.17590690234744563,-0.009167773691435111,-0.284546387573165,1.1176337225969124,3.138452783224057
0.13958004017409908,0.23722415073243502,0.815915287994152,2.6058114482980144,2.7536315274340613,5.272658659937139
6.2487390651720585,8.034240330215717,3.589850080467975,3.9461262520720126,18.095445393225532,4.778732717282525
-0.32150058052904673,-0.19866370670061903,0.21138758261591284,-0.3953260716513763,0.6041509900914946,6.005913011598774
-0.015359224016314711,-1.3501233842888214,-0.5484631783365,-0.25443575200672713,-1.5936840726128902,-0.294375645789454
-0.32365956920180233,0.6415787332757071,0.7084968592208654,-1.219620011207839,-1.8555613821890349,-1.215287766816725
4.5812856308571845,0.541714572168087,0.39306989735704423,3.457486108537262,4.7062487308727325,-0.11921814302813312
-0.6450087161424843,-1.7124820076625689,-0.8144495221870122,-0.4884913941008542,-4.435490069709374,-0.2313919718849421
2.037146317683,-0.5476973975908842,-0.21252196990269026,-0.6536444506171044,-0.5249812595217269,-0.38201904206087817
2.7461588126227294,5.476909218477053,3.057331373750611,6.131300160787747,9.82801299624584,2.1206156451009086
1.5212245611396376,1.2458956428048302,1.241672185239147,-0.6499670423124982,6.093231827919945,-0.054512859280086756
5.439555576504997,-0.6477558731139594,-0.24487157437089258,0.35718988974157373,13.963609669812024,4.944881666119121
1.44100517972931,-0.9543990356378,-0.36496572149763473,-0.42247040917338874,-1.047979862343409,-0.7964019912093155
-0.3436112285236221,1.4153121255695746,0.9398526732493409,1.509683797643477,-0.39661721833554603,1.3285387951125693
0.39888046212614603,1.5799757871367275,1.117660997040223,2.958170421864187,-0.26244316093640147,1.2269652680660155
1.5196044728187785,-0.594467437672869,-0.284649015073844,-0.14660774813764368,-0.6903549102978487,0.9831391159967535
4.023039530511232,0.7442790914308761,0.42063479417322347,-1.5441887873561928,15.972590558204539,0.4213808632584275
-0.31416386101378807,10.499166915149909,5.438808599800972,4.413975125670191,9.48778435462195,4.331784449215895
-0.07719781498265621,1.0158189571539995,0.8326155536291904,-0.9238414206139025,2.4860710873004366,1.3628261538834514
0.936063501290752,1.8756705564088443,1.5562154161640418,2.1168256637787293,5.864858978138389,6.737902343986846
3.5315028017035406,4.6152658899298995,2.361418316093647,-0.09944062595963583,18.08144522458569,6.987454518056482
5.082948835279931,-0.4621955811448052,-0.19395504164028,2.7602338745216564,7.472612576177104,4.27335636059232
2.1650934821357217,1.144885633447267,0.6738801615978115,3.2246268802840596,-0.9650457257764121,-0.8162658689733076
5.621414209889108,-0.39608248261939094,-0.09358187016025461,2.983142279261142,4.023341482435911,-0.7771439727661861
0.2368619027277964,0.535900144724414,0.9830549088939698,1.5476166088779877,-1.6916607295408124,-1.1904136669591785
-0.0032508049303537237,-1.0525466891098434,-0.40504585278122773,-1.688704922953952,-0.9903831695944949,-0.26078454009638585
-2.39448778318826,-1.176089339482747,-0.41226394434786046,-0.35952753836396806,-4.243604871329859,1.075721350781137
-0.9651651689597891,0.6356502064582976,0.7339878641962546,2.534159150690733,-0.020452524899192318,8.260145731393292
1.581567464465755,-0.25920697521318864,-0.07568665314815518,0.6019391542839316,2.802659325483204,3.242892078299284
13.299400290186062,4.966220876132922,2.682233375048719,5.100510233258916,21.794160072746056,2.7826512119050086
2.6938970234474997,0.7092479898972749,0.6852842153994236,3.295708956467874,1.9562855288527579,0.20382782002808475
-0.36254592794497337,-0.6933862847182879,-0.30155251293736857,1.2698453999959312,-2.3866215520552196,-0.37750926760364684
0.6363374533130252,9.69143175968007,4.873761258537145,7.547117366682239,11.684372110883105,5.940168498343947
2.948851684791374,4.7066610906136015,2.591032061808446,0.3872008698430961,2.6867299287642608,-0.9063119147830396
-0.020308479885627985,-1.049951924767228,-0.3925356409264172,-0.5067272615046668,-1.8936368982974572,-1.1188574716191095
2.8078780411976902,4.724535536202394,2.505666064710516,7.78497568373926,7.790411962509933,3.7672287922667342
1.6821249454025975,6.113719396171457,2.6800650653149654,9.163944063491229,2.5137347117255144,1.2261957982474299
2.6861244856777304,5.44873882720789,2.723890856409481,2.9714089533432873,1.2979401488377884,-0.3582020320418233
2.749410437179278,-0.5067763540699274,-0.19924054088999285,-0.43041333301273377,5.060779754307359,3.631617247143068
4.390618936111243,-1.202944766395417,-0.5396185695249146,3.38707618559555,-0.9284621285639805,0.9324189740099721
2.3796036785777783,8.783008869527976,4.377262422983769,15.572361298632284,6.493283151214983,8.271342222930018
1.628136462615095,-0.029823187828699284,0.3822470826356179,4.175811762177102,-0.05897630143669488,1.9344355007629324
1.7512679634479476,-0.5455319525856381,-0.10587091006091316,-1.6357498966976693,4.0817132394456,0.28632888377441795
-1.337025025724915,2.6090838755598567,1.231505639058522,1.9939909698030278,-1.3374601633603858,5.319857228229358
1.5733345324861558,3.074738635738165,1.4990921671646045,2.0920034425594944,2.461308335080114,2.978545758601552
-1.2095977283159522,-0.7874136145559475,-0.3043814489352925,-0.3479782927317557,-2.3909303762095084,-0.08204907995190941
1.3482882215018628,4.864214088333215,2.7332206403306984,1.0528225274055685,23.860275102348343,15.848311388444902
4.977755808109242,2.482206901661321,1.4019463881989471,1.489697881139377,13.480420420432951,0.39927304654085055
8.905135266087093,-0.5249751123070301,-0.17981533397735308,0.9233233110966824,13.248512828815677,3.2650197394346954
8.772843703902243,6.762007539136841,2.638437084127347,5.11669488013161,25.56569027375672,6.642297995331294
4.365492550325809,3.202046033387263,1.9965177333523965,1.3314089972352785,22.355006303092804,12.326350609415499
-0.5958900264186013,3.695667141289196,2.2767473028842797,0.7501971841303879,-0.9553435113526692,1.047913259453375
-0.5908133604962581,-0.9447888078607639,-0.3102145137372163,1.0461469008811775,-2.2257332276198727,-0.39901057530079065
3.6682239965357706,4.886533049375369,3.247985075811928,5.635623827834835,17.823314849802408,8.733023733791336
10.513836678476391,4.6227115459652035,2.0944125230932804,0.07455355400089803,27.270547873356893,2.344457601155913
1.6806593172354165,2.558353907321521,1.4499044958993488,7.475727922862232,1.9042525377087651,0.8766575781118567
0.41945520942784614,11.439152264312451,5.649540417626589,6.8134099277028835,9.325079627723069,-0.06086428547084673
3.970484432917651,1.4200720985719517,1.0151650163430688,-0.6539991189369472,0.3593606964289792,-1.020772820086385
-0.05305950645445976,-0.06244643848653855,-0.05834621506577356,-0.569309579219539,-4.655692547049859,-2.9125364288457494
0.8671754589057787,9.596341582227714,4.848850335042943,2.3979481978569477,14.3504383364047,4.113928694071844
1.4203019791868159,-0.6323587421484701,-0.17847268417762063,-0.20101690284564158,2.454957321595879,2.8764526124092793
-0.3711727916957849,-0.5228907028218915,-0.19410025928628,1.91119110238448,-4.722259690868015,-1.558697981396741
-0.018063602090997978,3.697115901802256,1.7641036369528784,6.798503738404882,-0.176634426177236,3.155058880194334
-0.11465213315342698,4.175975239637334,2.464121890954196,4.094270570138583,3.103613390794328,7.923862293500477
-0.3542218096810981,13.923857819958192,6.928569563341156,6.554665907943472,1.6403567492522022,3.1831673178525888
-0.46783971934023133,4.522099369207515,2.8028580908706107,1.720764843602661,6.576812823945435,2.2145698977769532
7.816546316838907,3.6130664160433357,1.7726052948880324,6.430483979955118,17.583111783964643,3.797578106487543
-0.3913742847861372,8.982763152894071,4.4217994664509925,-0.4837195057808158,1.8664281912303875,-0.6354019342830637
4.239106273090112,12.3512131380687,5.907608088554679,7.548461282269684,18.52949484362738,5.305912281756725
1.4480796663185043,-0.6291572560895987,-0.2231991348010697,-1.9594530523452864,3.5543339099376565,-0.058525207811343676
4.742952540972001,1.582973292324267,1.2263675942625127,-0.06800951517846521,8.60371957498383,-0.21672304388890243
-0.7528968910670099,2.7197943100546946,1.7515366636156164,0.13919637372764004,-1.0024721663334393,4.835588118206848
-2.63180623884263,-0.6478835821245674,-0.17527206540771734,-0.6002285080583006,-5.637562805369738,-1.2754355367280956
2.3913120461172506,5.55632035632262,2.860169833234335,8.283660435127945,1.1576966448631651,-0.940514563601372
-0.06557759017818908,-0.2057716705467585,-0.062316897848269576,-0.64285689516581,-0.14958125687975984,-0.831479509766274
-0.6287648935038629,-1.5989212637463752,-0.6879635639153773,-0.18256665914573272,-4.54128067261437,-0.2113343135904544
2.6744284688511124,6.864162082324535,3.5761468168737447,-0.6455542973462501,13.770912981217856,1.7353079513205385
0.036724620646581,-0.9825859385999136,-0.38068251736979664,-1.625388849838855,-0.8120036631136189,-0.9107961093791183
2.591436060336034,3.7362658149104866,2.1226410028603757,9.567980512910196,4.015172144346173,5.06609932621534
8.176339781298658,8.553891734602663,4.532268598147271,5.557233727559647,18.480546427306066,4.692764371507401
-0.3090399288203965,-0.45917685159198296,-0.1953439977370507,-0.5469797483006703,-5.411810524217813,-3.5792746686622774
2.168392016514912,0.25424136430654015,0.3845500473727575,6.486486118190104,-0.4987404866112577,2.2476244490937756
1.6436575014758872,0.6134987522841812,-0.019946013998945113,4.180798558611705,-0.031190659082015328,2.1562064655063784
7.152877739906303,-0.32813911433855747,-0.11208437997682444,-1.437722194065286,14.912022203579038,3.5222284548428116
-0.9168899565425659,-0.9195509046817736,-0.36408306842504584,-0.8216505951372208,-1.001738870771978,2.6047050029560106
1.3312950844860652,-0.011992986360546222,0.5118184523923193,2.2089673639527994,-0.6357883871591775,-0.5548082889923137
3.330613907352274,-0.6955766132726585,-0.2947208677762239,1.5366692916436162,-2.3347169063819173,-1.593031065684503
0.8204242929986919,-0.23593065918478706,-0.01864159764414146,4.208580818818303,-0.07944336631136627,-0.1610198850636344
-0.049385042308543174,-0.4840483215523473,-0.16470280048893104,2.364402016135643,-0.31386397121718207,-1.393799709423548
12.287328033548164,3.5036292672979963,1.752608862184489,-0.5681974382045006,20.91119981145481,-0.0014415579065718777
-0.7463341819503528,14.293815954321193,7.160461306989712,9.626866233748848,4.86366018473709,5.47277502609251
0.4981060264453739,-1.239951691677729,-0.5308995056041443,-1.967236282727491,-3.223492892152642,-1.4291007340059196
7.322214095107174,-0.6477855346808097,-0.18864491551395235,-0.003478718444928264,9.313039784363399,-0.02419556289862497
1.3544398043552648,6.0685689665136655,3.2238730576581704,9.168332804189307,3.2076027381099066,5.24076564133058
3.7028235554613538,3.92046446360998,2.3135400744392873,5.201705222675201,10.327617482782383,0.4660228448099439
-2.631329985342552,-2.3208591680229835,-1.1199038419288454,-3.819660934564622,-6.4890639567382635,-2.2081319669045874
-0.3243556905910905,-1.249309263184301,-0.5909009117568765,0.7553473426812493,-3.6194900403996253,-0.20814652460462235
10.746641601411126,3.9928005990687767,2.141715290039178,-1.823471173806645,28.083274062209775,0.08844327062436985
0.7746386204824283,-0.6765321543107854,-0.2080677359224819,-0.6681948062902884,1.605883343804693,3.5309355173184604
-0.7029310307771777,-0.11966501436580707,-0.03770960948479483,3.4452031241174055,-1.5605731730200718,1.1609770374045365
9.975438682076437,11.13393718568073,5.236629068255606,4.54897071084312,26.05422876748231,4.485947636272056
-1.1241762487728708,-0.7101720785347296,-0.2782448364297931,-0.0739706610760257,-3.3140613200641944,-0.43926076748979614
-2.0228210236955078,-0.570081819809045,-0.1587179524522465,0.6410749916387863,-0.9437574034728343,13.203746417395678
2.0359310002097435,11.82794993064826,5.418284146255147,9.969921101100057,21.46851846533237,9.233822266496208
1.866716116146786,-0.6770131553172922,-0.20120392336285217,-0.5101141520789583,7.080718240934269,1.7106348647957623
4.06162837574227,5.349737972559424,2.42348875625353,2.7846855125787418,21.856096968495724,7.2269524119467725
5.974390363832749,5.888733532758801,3.52474556273801,9.262225005877319,21.806344887517223,4.999706338020859
9.191689259978807,0.8827164832231064,0.6905867229191658,-1.068768191971113,18.615398310672497,4.215305485947481
-1.6477009106407285,1.6494649751531831,1.3981897451309175,10.4194165477542,-1.5640998144587903,5.972758256782361
-0.22868398240298604,2.90334107262348,1.5152774349417633,-0.730836113341008,-0.11029208333560242,-0.23288214610649416
1.0371277742949527,-0.6923377073103816,-0.26222634115754906,-0.29694208586842713,-0.8590938161570343,0.7887273774564487
9.186631524763932,3.4108694278981666,1.9534957397628514,-0.016571426640884936,17.855884062000285,1.593849467181288
-0.7903868346918993,5.325338591114392,2.649296281104966,1.8028488299279457,-0.3652841694350234,-0.16129347406958902
-1.8369250835428201,1.4043082874006096,0.8652809539966682,7.637307491502472,-3.13468621260606,1.0175070854159998
0.28287544308428836,-0.15905031352563137,-0.03112293572432765,1.169161039464068,-0.27125069264654417,0.7353982384607498
-2.5315272307175416,-2.1941259279425123,-0.9255198366889277,-1.3164423323287284,-8.16743212112175,-1.3926064426679554
1.5467008338052937,-0.2152636100569872,-0.016262813267961775,-0.15231157830226333,-2.685006155629677,-2.3982494231064484
1.7965810418712582,-0.04730251291057115,0.1810752658894575,-0.2170739287287091,0.554892473071227,-0.40805042112080464
-0.7459457122511334,-0.39628400094002203,-0.09958635859914483,0.9278572819660079,-2.5627050414377366,-0.9054010443860516
-0.46557653272251476,1.4101793322234504,0.6234645560509027,0.6096967084578917,-1.3106260047674834,-0.05920908677545911
7.003317996499207,1.933809381056406,1.5301454447683855,3.844357100037774,3.5546445454535776,-0.9752327552992288
3.642817690499286,3.5343786461454214,2.044577123132121,4.584682030410425,14.27802750954334,2.100135877968964
-1.1010639590143094,-0.890072104775562,-0.34078025685310326,-0.8146961885454984,-4.261232328690375,-0.5191350289053276
1.6875697792095763,5.3837067460788965,2.763450829629186,3.449698890158202,7.899289320293644,-0.3246534658168551
1.0985626788491487,-0.40864641817202624,-0.11204951120857753,-0.9012088635900194,5.588518074272873,5.6139471031733015
-0.3340512516045117,-0.1653136130623437,-0.03839488006895504,3.2744735813064247,-0.6773961574734912,5.872896909355379
3.262984383885505,3.426637127545302,2.239021789050436,2.403499047132427,9.820987766527493,6.382877594587044
-0.47676721856233795,-0.39888323983386886,-0.12295607067259545,2.6271694775974987,-1.7372645303116372,1.4150936161450176
1.313945657215907,2.040622939670687,1.023011438376928,3.8639946589448666,7.731585346456656,6.104228111289447
0.6058810222828458,0.3869797562035244,0.6161673821474857,-0.143434246808701,3.418581986856997,6.458093643551312
3.6058745448035587,3.0109815952215153,1.7548082207625268,3.2683760035912996,-0.13014999966896348,-0.39239520335786704
-0.8975700961528821,-0.4179270785795466,-0.1462690356298326,2.567092056351512,-1.308080797117924,3.24404045634242
-1.5050884991913889,-1.4288236143109752,-0.6577484132427736,-0.8857133974475361,-4.947697978967806,-0.35499803114861955
-1.9768810344626946,-0.2107803050917431,0.07144464805152162,3.7222305160366966,-5.347832307544326,-0.5159566588239871
-0.30465933563017794,-0.14656688089164474,-0.005763100256326804,1.3510326325040753,-2.3421090707910093,-0.49534803413973755
5.600619706573786,-0.28930279272074044,0.02563344057787631,-2.0230122588605925,8.232635780492586,-0.7449160647129593
4.916825951191148,-0.7032886765483665,-0.3038731669216024,-0.3853054180923927,4.50800201251443,0.30359677828991505
-0.04724992209721468,1.9367760469180353,2.0273841214917687,5.287591001665013,-0.4804526865371487,5.509566750274015
-0.2058534665081617,-1.1078744478429197,-0.4363040349155429,0.34325082623684394,-2.2687798428220725,-0.8004800586812144
4.404274926556184,0.3994384809617085,0.2357021222782238,3.669480919492825,4.3475807398968715,-0.007512501631064251
-0.10388044760888021,0.5561266540732239,0.6001821363378471,3.2607508939427277,1.5508049384652083,2.6134824701147723
2.6333272976212143,2.4780267670027607,1.3821838938683906,-0.5443172086051921,13.011786582211,-0.13132410105120346
6.9951782664111715,2.9794755658173866,2.1621899659167068,2.0269909799556904,16.664076742846216,5.0033076125295874
13.032339368155,5.589315555338587,3.279229773833723,1.9407315999392376,23.746636017976,1.4639822238734654
1.0787273910724688,4.686094285884548,2.790266169271267,5.459482885207965,-0.23940470650323267,3.724445230603491
1.9918130744995524,-0.32862363351192275,-0.034031150726161745,-0.616142211149962,-0.30304487367693433,-0.7683854400484201
1.799844625480034,2.1949186659615276,0.9133405149950593,-0.031246189633527346,9.834489101066472,3.9567140978477253
-1.831909212266468,-1.3872445553997024,-0.5739633505933369,-0.46093617642152385,-5.084879095302982,-1.6946686671133275
5.434564779988838,-0.7062563066333604,-0.2827868836944079,0.05588373140699465,-1.9550309325140494,-2.720164865659927
-0.6513273695058471,-0.14891441424411184,-0.002771564507578761,-0.30990246805357075,-1.9643415970176663,-0.1905681940068468
-0.11968280849565766,0.09923503940132833,0.5020995272424694,-0.3795807597204002,-0.24383897750509514,1.0496628272777124
-2.0209147219365717,-0.7304439118451702,-0.2572622435800741,1.9287776946627606,-6.316713215990841,-1.4482926140483718
7.552311789145916,-0.5465574766452381,-0.27470705310706267,-1.0534238680281856,9.588025977963753,-0.4913844376135753
3.155436265227241,-0.020282277419891928,0.22365681346091548,-0.10024756295266753,0.2507380875449317,-0.5235955280678785
-0.8297903984726835,-0.5891774625931117,-0.19272495711367596,5.354802990431135,-0.23266580081317337,9.82816648742907
-1.0436374627789482,-0.571113736782264,-0.27261228483992095,1.6612996816474475,-1.0736652952934562,6.219297941432889
3.961476298437053,1.9097621810773946,0.5131659403187628,1.6175880834107699,5.715966690421902,0.6039745017854581
0.10527823771380129,1.575366412336964,0.9876449549397222,6.406469565777475,0.7364401974366898,0.8030776404655734
0.9635188457227095,1.4278172835771454,1.1504559508578287,-0.030472363100753987,3.295086392661327,1.910854893469445
6.15591768999227,5.029176997986662,2.6617473682243387,2.945630246628596,17.865391739141863,3.314244680804448
0.8088233077630189,-1.0710684831499924,-0.5641371005603301,-0.3933847792297329,-2.0905111233929436,-1.0173108427629627
5.75144292429396,-0.4546392296384153,-0.12514210116279095,-1.3879590777475812,6.345694962975435,-0.30601018987842465
0.05380265158426856,-0.5740937832191683,-0.24442038401730956,3.942456710154148,-1.2061758373982763,-0.0810677907319565
2.2720012824029867,-0.6049086476049109,-0.049090450761248274,-0.45557225743822233,-0.4461791663018675,-0.369514619672742
2.7862799212295357,4.028694177156678,2.359400669188648,-0.08412202895764907,2.4061020270174285,-0.8239088812501727
0.3715662889011506,-1.8473984669723693,-0.7844833885444102,-0.9429520961590019,-2.9707278931740975,-0.8823764627487451
7.0547510952442956,6.058146091252351,3.1327649598400003,4.465226734807707,14.791878362156172,2.947548930868348
-0.42330104908621835,2.2413329340493404,0.5723218903438332,-0.6927808994295139,3.634682168949548,-0.2599345156835064
2.019156253639014,-2.241773846819723,-0.944336891707493,-0.041050422636274925,-2.607909192964643,-0.7647762996540051
0.32698091304095595,8.391383036859724,4.401591003776127,6.427293070142969,5.329802438719301,3.7403266208542476
1.7876486769708755,-0.34048603686704615,-0.13735825908082597,0.15838640631682266,-0.26830278314111994,-0.3775319142400767
-1.436971049770786,-0.7925661014213607,-0.30632483187393805,-1.252664078405717,-2.1804538829120954,-0.41369181798248644
1.1145775077729556,-0.07531830582066162,0.3314641699568805,-0.6832221676908699,0.41048362856029574,-0.08081118902138314
-0.5121195187265771,0.16292651518482748,0.1883026191880795,-0.5300098379867645,-1.8580380700672081,-0.12167300354492486
0.18550656866420123,1.2882585288856006,1.0158004779370826,-0.34131987173589984,-1.2288558558848206,-0.7278086364245218
1.3445903974390614,-0.16086460859530133,-0.038876424307569435,-1.0727580273747992,0.014051069336763145,-0.46424319021391264
4.915466971245819,-0.4681423684069782,-0.17861140756297966,-0.5486386228223987,9.860001972037107,-0.19897025182948164
1.385627357587938,0.5505473164902928,0.4912623734023309,0.04304844801008889,0.27583847385431076,-0.20272147651133787
-0.27773543450496446,2.7655358711775966,1.578251273531254,-1.1010760880721508,6.003141719461615,2.2405664187149323
-1.9862373264723552,-0.5425934755805989,-0.22292054540476244,0.1976728079626492,-4.525378805458699,0.9433402665281576
-0.11870306528185699,-0.20609032154680423,-0.017005749677139904,-0.07020368658370671,-0.07697419016462013,-0.6203521555812466
0.17393970829800764,3.10751716435649,1.0779201746503366,6.163804373873762,-0.4698239934217882,1.6562605314553882
9.789883566374444,5.971434449074397,3.1030687515855413,4.0577605838634305,31.444109221524883,11.249640380787012
5.510883976058545,0.3020195290849312,0.5038910113238049,0.2902416023160489,14.271745925803357,0.7842859498808514
14.499147231025232,8.848808206158955,5.054863539955927,5.4826866411275,30.785102845135505,3.9497645023017736
0.538408393969813,7.082052383383416,3.9718155398046657,0.01646906148236993,10.338350835836827,3.348401262808877
-1.0145143154177636,-1.241249207747054,-0.4544446757358802,1.840292654182402,-3.4606910581255783,-0.33370575408636793
6.237641733312224,11.440787194405674,5.690190067020105,4.498433459163342,20.129616349182783,2.9300589575875122
-0.24601544929632652,1.570339912891179,0.9284893861612111,-0.1600097342519384,-1.8922696739539377,-1.1106863982990685
1.1548975923087634,-0.2576286915903365,-0.0025017832899236316,-0.11817768181250084,-0.3777501832004908,-0.7133371065982337
5.169463422464652,-0.27768763650814093,-0.028698961012938607,2.232759438007769,-0.7313935337060512,-0.698052773542068
6.262166814546171,15.99988786889719,7.396619416644464,9.698269973777343,26.107477767072677,6.0010778539212435
2.7304193030375883,-0.25149406563803284,-0.09317905951760218,-1.0222644794021065,6.024528330574405,0.40750432283144944
9.347793254740024,-0.4093742758015284,-0.11419644293217157,-0.11812908359987505,7.989077604795976,-0.23964755172026442
4.752486110209134,1.8126744771869205,1.1440591998613392,1.8981722685714055,1.4283990325454088,2.0103253409614816
-1.530480134761959,-0.6708503286716436,-0.3370169912116177,-0.11004074872165681,-2.6840180946778505,1.2592985804049
0.45013536912501745,3.766255898656578,2.013054180161639,4.663396482864076,-0.3960352944984633,0.4337964040573735
2.2157499801143743,6.343054061046486,2.9956838806241737,1.2418415677911563,12.995368103804855,4.261368656445278
-0.9621577023557043,-1.0854391154329261,-0.471628473389331,1.0609299830614634,-1.364669888264895,3.623633764519427
-1.0603821499770203,0.27527436250799037,-0.00019748223908402365,-0.3872962766448562,-4.062013184945696,-1.049260723617848
1.6814321158583412,4.895356026812159,2.403387999266378,12.98373138432979,1.5252661547944353,4.857814224632508
5.301926643240461,3.150394151202169,2.1395108472557096,3.9177510756608385,12.594713592431185,1.6410946050933852
2.626603053636913,6.142089072032774,3.357062719404349,3.0991547377814577,13.678567369491061,2.1366257881750266
2.8053707440921025,-0.07149771687923419,0.1872476789781457,-0.16080532668782582,11.022176641268905,7.168101982901341
2.5191797410492547,-0.3418328152843672,-0.11773566955738929,2.91941666314995,0.9732050347470952,-0.1643478258637072
9.286258637544638,3.9363582232219345,2.1051384680583247,1.1819086098464748,25.07726434301123,6.7615467379245695
-0.29136476379302045,0.8150974178776829,0.23640353561248223,3.5926700145248196,-2.6526075714696806,-0.5692618586545385
-2.3707071394355594,-2.7393526743172156,-1.2435141131451684,-2.4600015283662744,-8.90424732834222,-2.6867740052188536
-0.7039559572306301,-1.4713404768665406,-0.63153109874488,-0.8258843688872421,-2.955184994654071,-0.415185310950999
1.887568146522272,-1.0947831426121097,-0.4560923883855152,6.138763986092311,-0.039789629222168554,7.045002801640239
10.788787689115354,-0.020461945608922984,0.016264459220426852,-0.0065019375330799935,13.083901919534352,2.218254828763837
-0.450606738530667,3.874455233662089,1.5470313385048038,8.963445468141149,-0.1182002463457011,5.751712748788877
1.712659058028724,-0.24843695839982535,-0.04978822273271935,0.18037501130225997,4.50722331266448,2.153327788311607
8.795543190198746,-0.09988586407565643,-0.002276126746232987,0.3702535280872353,-1.0971832407261484,-1.8039998027635176
1.3753247414376382,2.604513934137155,1.5051949660697663,5.428008011261421,-0.4580803729678395,0.38038131082290966
6.601702107947318,4.901486973013639,1.9247844370402163,5.288056669535271,4.787401279386767,-0.4293694702171033
2.2318357876971024,-0.29150086305201867,0.16517816361467885,-0.2773587473925269,3.4019783752297514,0.8268158651323855
3.964568023476363,10.388497878201054,5.041599853974047,4.221892372736726,23.455244485182156,5.286362227754823
4.349159347715693,3.483922714184761,2.0472689319033712,0.28254983346037055,14.541187367926513,4.177408203794559
2.777212440305296,5.349875945381039,3.750636360811841,2.97154265002761,7.647704757399175,3.182747019709697
-0.5468686196211818,1.2419678282211937,1.1307564818941613,6.044015275575653,-0.08096622970226862,4.653082067269115
4.011899965497142,-0.9472629486519186,-0.38614037203832735,-0.029485561843007727,-0.33734717780812623,-0.6215890655185998
0.07076702404689283,1.889732195954187,1.7347733675823984,7.822200814675114,-1.536397062757679,-0.22184943583244696
-0.32715417310972583,-1.1258099994138238,-0.6242926194890046,-1.351029739066201,-1.8632341610163778,-0.9523314905672555
1.3324592160734419,4.80091964814984,2.695557044644498,0.023235307986760656,8.261237299837935,2.3699685221147284
0.915347200727057,7.408587707464042,3.860586572157438,-0.8063039892454997,2.4460281014792,-1.1179103835882422
7.318432557814251,-0.3506640966352036,-0.11467805828465201,-0.07290846151561307,11.166090992214562,-0.4238453855012971
-0.34019150907054163,8.785912649391198,4.589227146537011,-0.9398359298641623,3.009720207449348,-0.276784868152578
1.6108037839016283,4.1588127887419875,2.525175081457962,5.814837226591038,8.859617834247713,6.913934198645859
3.8528828198130673,-0.2630930070728154,-0.07570829997396639,-1.792609925863576,0.2139626597472436,-0.05597189920730901
2.120061207328922,1.4569765562917185,1.0064778244464878,1.7517471465405379,4.538918305747949,4.768353091456925
0.6831175650639956,2.896261610979831,1.6724949836023388,1.044914588443994,-0.33411493148743915,-0.5625137238855696
2.558610980392438,-1.1464550190266942,-0.4384393349220885,0.565444983863175,-2.0660659093183478,-1.7754096533010533
-0.1663736877265047,-0.028741795894624736,0.0955314764963513,-1.761832029708317,-0.0389849015862265,1.2302744683865647
1.0188091359963944,9.432999426184038,4.73631948718915,2.349604256789177,17.130673397730263,8.22583208976983
-0.7809293611267183,-1.2306220402153418,-0.5173920201869773,-0.9382193180699506,-3.2067047419997055,-0.9946850782917354
0.6447521982071642,-0.4668382164625343,-0.13968084578043732,2.457820287279362,-2.115854266396686,-0.7568490548860564
3.1027536900987034,4.567030723079901,2.392975888481465,4.419139109537726,12.787644639992399,1.9585105766843174
-0.06596094991252453,0.4435763485028874,-0.03089909074268178,0.01943190891693558,1.3684463137206406,-0.05206284655686924
14.45083462313159,11.563809084129145,5.292621568670324,7.040224910580031,39.631540258373334,5.350038573033884
2.678243491193058,2.678916412689271,1.7059492046542195,0.1585113188894075,14.831680613312871,7.297042405889945
-0.2182601076461591,0.8910686667781538,0.8299071773321764,-0.8873312148570712,1.9315600258124923,-0.2421384956633555
-2.4364135248033514,-0.5478631323853543,-0.26633669966562945,0.8593073210483608,-3.3006647383853096,-0.11950515276889356
3.297801208005498,5.07944269399049,2.717762132199827,-0.17388466923928123,3.950781302287918,-0.5775117514898307
-0.575361979606846,-0.5779059843173915,-0.22775300599043918,-0.1931920305337027,-3.4838683989621178,-0.9995230872436087
3.8864147692708153,-1.1352271051789975,-0.5198649229898281,1.4327331978907671,-0.8424650383432578,0.1933380963997562
2.1146864812384685,-0.20152010436015655,-0.02681188934518717,0.03369536259300565,-0.752230447758683,2.2544443559055214
4.310297438060231,3.4391127144826377,2.146597056580414,7.164199620931558,11.82264471410249,5.586066316945699
1.2639811404764072,-2.4615872032530053,-1.1381138988858377,-1.1529206560699754,-3.2602259759302052,-1.3006185673320891
13.766513216784775,1.0476436953738633,0.7482293530508484,-1.0966134284890185,20.669041153142853,-1.1481403767143126
1.4794579593258763,3.188433092187123,1.8129715577405314,2.1095278756608264,4.5043331354921365,1.2950967750736373
0.9076026303201342,8.798367548372209,4.511713465930269,9.240884394075843,7.884690212854514,2.1385231636641215
1.720909867746658,-0.375553925181193,-0.14015878195044476,-1.2991882826818049,14.038990563801429,-0.07041408908788567
3.5970833528816772,5.063226562876767,2.5959351529889476,-0.48371001404568176,-1.8211052118296156,-2.6741300495467404
3.286558428151009,-0.2770466328693423,-0.11923795815524861,-0.2954685711244999,1.3649813675961222,1.7771702885382208
0.43335270336652526,2.5231809263069125,1.4911525506014147,-0.3190018679641746,21.24757201899157,10.0458816526621
-0.4786496110047823,-0.36935111661648934,-0.043826441262619656,-0.2015808953487629,-2.4173511588430543,-0.4810745977893556
4.336903934135986,10.757323251441848,5.191494126671494,6.51541768195773,22.169177564548892,6.95261577988812
-0.08403600296982035,-0.09919394621956237,0.09463936055276578,-1.7007207525607062,-0.19239245386329373,1.5875545703050629
-0.01713661925700154,0.9854086367387211,0.8264430688237937,-0.09741747835846147,-1.1663299254780681,-0.6501943158886576
0.9526110458761401,-0.07009725259736703,-0.011483422662433474,-0.9374597839035588,3.2084678751479974,-0.26530234738335384
5.280395623361882,1.6107620210080715,1.0975318839934793,3.8974211622386745,8.71668754872018,5.075722713193101
-0.025449235119339123,-0.2999531946430364,-0.13713712942884168,-0.7078776782994466,-0.006978301731450531,-0.5256854970291619
0.386693164886447,2.9567007223420654,1.7189348454564577,3.29070661715304,-0.4862287997220913,-0.14927420290389284
0.5677775651876301,2.2939427149126455,0.9418629032032029,8.43994808072,-0.5195321128064715,0.9731941429278395
-0.39585744310541865,-0.887726090123463,-0.29252668009807387,-1.175091964221298,-2.1004969743444724,-1.0570542602493112
0.6115001889274011,8.241761164085801,4.51395845267978,8.946157753861229,2.36037001214951,-0.00785841034805619
-3.004021210144664,-0.12066801491075492,-0.12017265812951879,1.4139981481427886,-4.40341105670122,2.3330527048742775
2.306823527471045,-0.48032854573621453,-0.18359620273003907,-0.2924657434486391,10.406551027027577,7.7350315849596765
4.168022389956224,-0.7507712718172357,-0.3366679832480891,-0.4891875938484658,-0.21168875683646526,-0.4603373759688667
-0.19141367007231544,-0.26935585045823807,-0.03739606726192799,0.1247158062237107,-0.6545818959114287,0.01999059869789732
6.451831087680213,2.9064152167410073,1.5235591695628536,2.639808247789826,11.090003277189156,1.5128888099792643
-0.004737754291330032,4.282378839608506,2.0261140870563032,9.017364868586316,9.85329623773946,12.505135277773649
1.088572941541627,-1.0335084786154074,-0.4322478211757783,-1.5761493215416464,-0.09527368217732202,-0.5256986065529559
1.1953285167220455,4.193413613775431,2.122301170707493,-0.19401625642699483,6.382502250233765,-0.08948539435554177
3.7105318205277475,2.6032804887885184,1.4443837117934364,6.524964388619802,-0.18951060431975883,0.9631356552859102
0.7200326891300072,6.58048797997223,4.024563013730038,4.934337802202579,7.980523868220843,5.971320437300669
5.287891178686402,-0.7288963802291049,-0.16152671714485348,0.8659303497685653,2.1365874452987947,-0.5856157721681706
0.25257526575766,0.9495314534734353,0.7934291018426343,3.0474921282171143,0.21878393758969605,3.8218914266786657
-1.0597478490636096,3.996886437939806,2.242326272150372,3.3104016586907523,-1.6304812402388382,2.587932177614136
-0.6341426683962871,-0.28913770185650123,-0.012878995612593404,3.0710294980581745,-2.6674935788031156,-0.5825327605625893
-0.39199507460760735,1.8079553198902172,1.151584978006356,4.3430387833277395,-1.621126872611453,0.5440112617295751
5.781241705290298,-1.5511279660134953,-0.6526169595139435,-2.305902754848599,9.934893105665894,0.14339379913703187
1.9914726467357882,-1.924635361955488,-0.8678300323004887,-0.9610552161867828,0.16623672388466026,0.7300131349400927
10.195230789917442,6.374549647322317,3.341070911126108,11.78230056121766,13.791794839433917,-0.29042486732049644
-1.8274784185445605,-0.7062315361467983,-0.28233152362304087,3.2950998915224083,-3.1745121520981066,4.088685055714487
-0.16283801845928908,0.5304237934302505,0.4512208980260304,1.2140283725893375,2.296544998281394,3.4794187273966894
-0.3819081850667067,1.5790846380117811,0.24192143618194512,5.355466146207171,2.1597878159094126,6.647503045594475
9.067765516827077,1.8639180372304813,1.7654041785507186,-0.20631006367618143,16.808990920939017,1.9794059798488242
1.0522858006193512,0.1578409150986262,0.6746056385679653,2.1150018188190485,1.5040136903770018,-0.4843284850631072
1.0523163402228608,7.0170413182087295,3.695231696550397,1.6066311007063492,16.248375783146688,4.220694521066199
3.2317485134975428,3.589578717977085,2.2868782222523727,5.695240548633147,20.831267501362085,14.327047169546779
-0.4884694146342879,3.3005782383464846,1.93448940970809,0.9515867226295585,3.014879465738901,3.217245148187618
-1.1826082395729907,5.733718508830111,3.4552208427747626,5.492696069446166,-2.1365512970886043,4.164727253273993
-0.07629796606636755,2.3910559249763628,1.3612184607261892,1.4080939866532276,-0.27021068268933296,4.3839603871878685
13.114981877415717,0.30220900875811796,0.6083945333823098,-0.222498120288597,19.539599559725723,-0.2454513607807244
-0.03533599266777523,-0.29536848485617,-0.12551003476305755,3.817340946604472,2.608842365280185,1.8714672773160508
2.644267535097776,-0.477932504730859,-0.20149014999562082,1.391349732103087,-2.5209583360934085,-1.151504920649971
4.474125547715324,-0.11300917176845318,0.010187216114216135,-1.4391432081568256,16.08007763373041,3.9822164629819694
-0.04470250048018867,1.1221359818600358,0.6976897161403186,-0.2897108902538028,-1.9320812029764687,-0.2986549594613241
3.4854272345048765,1.5259331242612884,0.9562816778714065,1.1577453241540914,5.634532522677656,2.395443703406796
6.237136704867725,1.721298925966614,1.2899841268410275,-0.3779241359915566,10.449973712222851,-0.3071079237094765
-0.1311160944699013,-0.05362296146473278,-0.010286774943429201,0.10851125673564632,-2.1731695469674177,-0.7965132741540718
3.5470819424241,-0.12164447730159218,-0.01795478465864302,0.1265347455391741,4.084838187027116,-0.11129856333013222
-0.47490921935460745,-2.3095182866000528,-1.081142513111211,-2.078101653727644,-3.104839396918444,-1.345160181015214
1.4205302865936482,0.8179916618360001,0.8504907493634545,0.9098686672663261,-0.2205883647887517,-0.2095488954595985
0.5903901107815127,3.1311744944149473,1.7376200593215623,1.0541704479731608,-2.531741689165379,-2.3052911517456813
-1.2132706446478987,-0.13421900956853505,-0.11541189129349366,-0.7717751672003481,-2.785302037503159,0.46362223198404534
-0.1016005464363674,-0.326737560679328,-0.09429294802289322,-0.1726942925573849,-1.177873062493692,0.6943173756914132
3.0247696792411167,0.36317161578676227,0.11748229130827575,-0.4687291960021327,12.318943417350335,1.2032214851765706
-1.4012006516826903,-0.671839423246503,-0.26764020772759517,-0.6959922829244258,-2.367746056218149,1.5685429063822136
3.9559803731160494,4.652622845962096,2.298412453377699,1.537673413598654,13.307703535540568,5.556154745589048
1.9910603142786782,-0.17919532089295992,-0.04049904983910833,6.791621277353972,9.603308394567083,8.51476548630371
-0.7389965750558531,-0.20335996066572495,-0.048717603461287354,3.954999080699814,-1.260666872114122,2.9746563674625577
-0.01954478793931911,-0.6760814111903443,-0.2771081731499004,-0.5942561349834227,-1.4249742668410852,-0.8390396751228555
-2.198911952557422,0.16304473431353023,0.7446528462741799,-0.048875662897848754,-4.374261157947798,2.2601177904584695
1.0331899457053035,-0.2362256063857382,-0.06390517823400257,2.065829022202824,-0.6591408366972783,-0.6626590330636661
-1.9450545275327693,-1.0995330719339735,-0.4020183642935183,-0.8303832373527984,-4.699195664225997,-0.9355875333548828
4.000908592565238,0.026671737540421736,0.21892582715797954,-0.5565662868655851,8.10018859832247,0.39479341179611704
-0.9935515080913518,-0.23428457425210053,-0.04056781483022234,-0.36537749926404667,-1.7848223753456418,-0.16721800711030765
1.6623020883483983,15.004708293756817,6.946057693165215,4.0157587504115755,19.606987766262005,3.4258904814657507
7.798975055189249,-0.8925375426551402,-0.33847800686153556,-0.1667380288566339,17.515848685968233,2.4677313900766036
-2.4643707657098166,-2.8026372116958322,-1.253392632871348,-1.0861209043661728,-6.668828165902811,-0.5558403563683806
3.1748962023599727,-0.11729311443480238,0.07966573441897329,0.398012134373863,4.857117575923715,0.09801587678006463
-1.3906179780304038,-0.25285909668778633,-0.03857389975189201,-0.48660419284251016,-2.690845261615839,1.0548388582749486
-0.10214300044348686,-0.5405570347440041,-0.19445171144683815,3.6533915174947094,-0.08195263257920822,2.0290092270189275
-0.005223009793168476,-1.2859680125740474,-0.533754795548714,3.975900128289939,-0.3855189975247325,2.7969674829514375
0.8520772520868607,2.3210999983544722,1.4176226375856364,1.1879555774370767,-0.08103475576481911,0.45986345642857923
1.327708810462268,1.0676498699839525,0.786708529399791,2.481866484972077,6.279858266297793,8.868054807282407
-0.31600626334694704,-0.28130100953604414,-0.10162980877739858,-0.2734758339659949,-1.5273377041255152,-0.2925123083659465
1.4771153708994367,-0.7394455457804244,-0.24737475837803757,-0.8571457125146381,2.4561822684017645,-0.18702502219725714
-0.45351465377695277,-0.39928109093294273,-0.049159478663871096,3.6603435783903464,-2.502575498380003,-0.2783431180463593
0.7288932776200876,3.2505080390463315,1.970428181061289,2.3229216294074573,12.99164084556352,-0.35491182933360044
2.833675704404661,-0.4349802469116769,-0.2983972476911193,0.3538358369120602,-2.6462116124296178,-2.808296103505713
-0.03192625059238714,-0.019118495357996458,-0.030681743033826314,-0.15700156322575426,-0.4278578999225137,-0.0472785143519777
1.032126720758265,-0.9191402774356568,-0.3688274107965304,-0.08164386275486338,0.511606617400963,3.2491648779583047
-2.1323677164361388,-1.2805077965539355,-0.5129033040842349,1.4832001787446907,-5.817471404091103,0.16393798136921567
-0.10647725255437211,-0.6645396115266633,-0.35686204146001005,-0.8349199536219211,-0.8067003501758061,-0.540751828277279
-0.08272281759656881,-0.6349842911483049,-0.22439887627889643,-0.9688881513640178,-0.05544183010662845,1.592353730719698
2.546093985899506,1.860130167329483,1.6935385079410232,8.333128695300905,10.879137134673954,4.380255562647672
-3.0487449061950067,-1.9668933467872476,-0.8310106401338253,-1.5248648432781127,-9.1584606501243,-1.5222292144151313
1.1504510171817048,1.1419456880688756,0.7090979195252267,1.0412159213304018,3.972027126764142,2.399163051586248
-0.5808000013963186,-0.18431931423429998,-0.032178813793692806,-0.26950703282291744,-1.966839469717574,-0.5349853784545131
0.5420584536744701,-0.047784949748095135,0.4551541666362747,2.7659913976417,12.934996633466682,12.255674806600458
3.4358176150739936,-1.4525373589589987,-0.8021943008936381,-1.478454847200787,2.8527534598612623,-0.2665439828218276
0.031439924080624015,-1.1469151034775933,-0.4449182704586019,-2.28255060900684,-1.9283297465925473,-1.0012518924340335
-3.2613882336430855,-0.69667041317694,-0.24958398023137046,-0.273534113353403,-7.100582842155223,-1.0231863497388802
1.0631114436277125,10.700074884676427,5.4296522982481665,12.559656442853411,-0.0505009289694782,3.4473797172049556
4.328477983459024,4.032032287517422,2.2260473758108787,-0.5351393459490471,12.971227695163911,2.625482639826466
2.6594009715950686,-0.22933421626561562,-0.09071579030835437,-0.8334585095375756,-0.015898407169835482,-1.1002338233198825
-0.3649646282438366,3.025751186637881,1.8175973236276437,6.135497241218229,-1.7186708542730955,-0.5603926735445255
-2.2499783758148832,-0.13747147619417002,-0.07711354676960572,1.1097918953033552,-4.998879019489813,1.2561317215388652
0.8623395565144851,0.0746139269190852,0.3992181689313738,-0.13842619950343865,5.05636413698473,4.482991099892701
7.486086599618071,-0.44712366922932606,-0.21451987979309559,-0.4862993047099451,10.722152075877792,-0.3629560881489648
2.1001204822389274,-0.48250149989912433,-0.15087976203082412,-0.4920183045432966,1.5890766975866846,-0.05847330389443313
-0.5601385353044197,6.01764845770111,3.1524294652375238,15.04524248320658,-1.6688239335132011,2.8398463461131014
6.4928319951632565,5.292113627135205,2.3318875949328577,6.027094785022169,15.566085573242761,5.415299294127118
1.9418925441803216,0.34347621137333684,0.4607569953964513,12.906971910448265,-0.938926069199675,2.4895074585603885
-2.7237489439436313,-1.1008155980940157,-0.4730757934891777,-0.14210665936216588,-6.358389467758219,-0.4113020145565511
4.27345125462054,-0.8911431092097054,-0.39550993238688287,-0.5024328040349406,-0.4584279992277048,-0.38673731366950415
0.38337970140719546,-2.0962491847106675,-0.9827926794896128,-2.7902065713631155,-2.215398630833613,-1.3623581713682225
-0.6526992862608595,-2.1382358399418773,-0.9338683237854237,-2.8600709565405373,-4.131580516396988,-1.6132536873141547
3.725426838339854,-0.028034670517863992,0.21068756541970646,0.6807420142781575,-0.23385983074368719,-0.35726120133992256
5.341832937200978,1.7788033047896756,1.1465547534695086,-0.4948241242370845,11.527987348783252,0.06951746577752682
0.5552810180843748,2.7570260800027935,1.6158912593068258,6.04055281558283,2.2106517901760903,4.225611209800058
3.8631195471088287,-0.033497519044455526,0.31173200978424653,-0.6142014614716838,6.467115568193171,-1.041768446467474
1.855046235501005,-0.2793455733933966,-0.08615312405078615,-1.1796768170993073,4.046928182686106,0.8372161829391601
-0.437109838152969,-0.0523089832681104,0.5876651086661807,4.885333197951812,-1.6914439451901946,1.5883969122606945
2.763556488080514,5.192382680822006,3.2893155459747385,8.314023849792836,4.182120257952217,6.047504707354536
-0.7765725724061756,-0.22464587244493173,-0.12531706232755413,-0.18737655779463994,-0.8167505953561115,5.979339228481027
5.3329938609698555,1.8991322198388185,1.1474682871597013,1.144406589286295,3.011906678604694,-0.39499492768510747
1.180637701047063,4.3946987794233445,2.3144501614366466,6.6058242128148565,6.8831797600093685,5.574689474658482
6.705246966508877,6.044969208709622,3.182348313313013,0.7436686694796235,12.779519020687191,-0.05256390836790503
12.514035049046726,7.903605309787978,3.77918632752303,3.6479642924607436,29.865673575602923,4.465396521025782
6.242189600545076,-0.7151830433968684,-0.2779618958186982,0.7387731796727873,11.695611982436859,0.7071980086132807
9.33948226321577,8.450970937325566,4.304748575910461,3.0000817798343054,20.574082151302157,3.93720116321414
-0.5506770466667268,-0.7421744824338752,-0.2719351297845633,8.311433228203306,-3.1463996539151355,-0.6687637524359551
7.867986466993923,4.743634963184204,2.4572091726268006,3.4474931573668375,25.14578720593171,9.70457359046769
0.8036733734723776,1.881739485040561,1.0196233329257474,15.171035750387452,3.5686069445260853,7.9727664072748885
1.1572890165392782,4.859725430216208,2.189668070121221,-0.12193021245927782,10.990928034451818,5.719942671018194
2.7607064855359473,11.865869707571028,5.934601081541939,9.463688851418189,17.304161768903295,4.835346783930448
3.4635223038262524,-0.5237171419469876,-0.1589471284441719,0.8959379548193311,-0.28682532395341526,-0.3856497159713199
2.5654051020751467,-0.31453986055829913,-0.40604896742451874,-0.4421298372438033,2.8224414627581327,-0.6398811145250637
4.372858991757657,-0.08264145135992614,0.4904568458182307,-1.08325329207219,10.619602003122878,2.7331176018609247
5.9723964306654835,1.3198469286870722,0.9477149884143765,-0.15515188501420984,10.421981718154957,-0.2428386265943081
11.151847400223243,1.616082669071027,0.6014047520407209,6.144325021537233,34.12446264888405,8.796481609291973
1.2795186135753205,4.247316030235025,1.832311469796703,3.5068707050437657,8.470164262643006,6.511045667479601
7.547567292309487,-1.1570084665648757,-0.6222757874367992,-0.018995614920088656,8.203109917345733,3.889055339846327
0.24104615956915354,-0.26770719816335425,0.14965125088690856,1.4992098715409599,-0.5896278118304429,-0.03110625231550477
1.5659294787335598,0.9262680895609576,0.9756734629914604,7.278425967841916,-0.06204154044296226,1.5585464115308407
-1.469496566095593,-1.336494067729241,-0.5586613879007748,-0.6756883626445177,-6.380567441195283,-1.5375154967118885
-0.11659721470487133,4.51240487022946,2.207735913695411,5.273537548257183,-0.8548382607230572,0.39825139492673467
3.4033702446148926,4.248868246645151,2.061649437226972,5.330085690956587,9.195034101951634,2.7888098473559637
3.734314680685509,5.053591291411224,2.793602454372798,5.372054519569432,18.311445424873444,8.306612602484599
-0.2912671093632583,4.182678866824152,2.1529577088854257,7.098968101601146,-0.8281648611571484,1.8885133310300277
0.31677417169605754,-0.7306690235308847,-0.318278264991253,-1.6251867331215362,2.515926172630756,-0.17353483161867267
-0.2537957726028531,-0.04345911597129346,0.10174466203492405,-0.031250903954279007,-0.38535123235689706,1.063267542672407
2.6863074252000616,-0.6284730419217379,-0.2979999163952262,0.1358393529956451,-2.5894036168655923,-2.4051262346257145
3.255051890456495,2.9373389965314036,1.85459804957111,7.306406659777093,9.605814849509175,2.895611482444872
-1.4300460687522185,-1.7044498348179595,-0.7866602863745465,-3.516225348955326,-6.876618342177584,-3.6628339889398895
2.649015983609095,-0.9318951444199396,-0.3994015166347407,-0.4492414999578454,0.47026177996419877,0.5803051324441653
-1.0831495141283427,0.07346738842806189,-0.09777479111944905,-0.26855202685386653,-1.5571793099922173,0.45044230899367
3.886749543575858,-1.0677770503036246,-0.4476256350640134,-0.9852678987799243,0.8753168120473522,-0.6990048329294372
-0.5209372033823051,-0.3743212220269907,-0.11280358146171282,1.5981876665048023,-1.9499390502806535,0.385495857946812
12.193544547890346,8.23998057602202,4.446469989308411,2.353702043359321,30.480902359922567,3.04841423485514
-1.4233712565661938,2.2327942230076756,1.4119211328885721,4.11264265161099,0.7031606858654857,4.519930588697477
-0.739038622410233,-2.174620330344419,-0.9560427762975252,-3.9918216949080376,-4.585374045136944,-2.148808211616877
1.4153067771277001,-0.21544938785208034,-0.14495020426481817,0.14753929813113453,-0.21535000150098949,0.5880128273091605
0.8336712368022776,0.14508749375299107,0.7331996570292392,-0.4250442597801268,3.291153780736436,-0.1825181259051324
4.185087445853507,1.8350286327842165,1.390767140516704,-0.36361868444668805,11.158887040603556,4.190676470278022
7.0944516503633235,3.4154876030107992,2.2564797188923684,2.712576350752938,33.484801749359065,19.53417546108
14.848842473007895,11.202613056615137,6.130716297157919,6.62235363840739,38.25102751440183,2.47276070406412
2.6028959400279117,10.102516999177826,4.999205063634683,8.282188005989667,9.414477569307136,-0.017381452969607535
8.294072751266995,4.785926376083435,2.213694315794998,4.148253184204254,22.37732903908759,6.973362117115003
0.2992648897632447,-1.193499865469727,-0.47510663971836675,-0.3614317995170704,-0.1750689408752851,-0.37151475792174693
-1.3342141517793913,-0.5102220043202208,-0.22255873357146677,-0.36474026889716815,-2.063500361357856,3.8642870882791174
-0.02304263099152626,4.264996375620543,2.728200908472934,4.73153846906855,1.8028793622589836,1.1074425673309038
-0.4060928020615087,4.649851940924605,2.2701880558474645,9.540391993510998,-0.8753342426483878,3.6869474636084645
-2.622526490909415,-0.5037918616510286,0.0422391835521122,2.7398968812698286,-3.7244258956797704,10.132987666139387
13.938858205514407,1.596651340298898,1.205044033537089,0.3303041298543003,21.509601623980963,3.616537157711887
-0.13065442629348087,-0.09863177443492488,0.13604096701965385,-0.38199231209514567,-0.2531980363056679,-0.09282244243406841
1.329951762110939,-1.5290248355802694,-0.7002364263975454,-1.1132128997087143,-0.7580355938363363,-0.3413485898906026
0.6312728041446964,-0.16746179050556112,-0.05109336745141566,0.5121479396573798,1.3278818116196112,0.8558869694586586
0.4695045965989337,5.239923597678223,2.9105790311592883,5.15228415124801,1.2740480102612213,0.620619762091755
-2.929321521952038,-2.461631472904255,-1.1120941120443015,0.06104018420969792,-8.14929465352691,-0.8313275917644142
4.892360782612805,2.8322157546545275,1.9205812725216045,-0.5094681456203619,10.839666724071261,1.3499738240972992
-0.027583677545513077,-0.6364212267674714,-0.221784245649035,-0.44386599664827053,-2.2834419482832375,-0.6249739547246828
-0.07510659488762986,-0.6791173189592743,-0.15223943142084986,-0.303588842283566,-3.0555944921682383,-1.7130053654621022
7.658307129008032,13.58554568425477,6.178281414904175,9.218601652171246,26.78140739709432,6.9985941137329375
-0.31154990350776524,0.6911944983383755,0.5900774762489992,1.1301457921114495,1.448527574154176,2.504315813437992
5.878096661886043,5.06678615770689,2.9230146298917874,-0.24455227156617207,16.663801150582493,5.615116754874647
0.8602143842138483,1.6858332469612827,1.4050750141441428,-0.38452467025554743,3.8182023537650043,-0.10178030507576868
5.315149489165473,-0.059170166151730014,-0.043947831935894334,-1.0938235164361063,8.553993842143292,-0.2813820663952921
2.6444654725264924,0.7696096725537638,0.7345512310505917,0.4647142782818785,9.976172877162169,4.538520622526678
0.6597318491853783,1.1639793700492325,0.8642349967694948,4.502337802380614,15.35557865866512,13.614827305767271
5.525857269105345,-0.8527042539111096,-0.3398106204286176,-0.9022840842364088,8.595232438504265,-0.5764863182422516
-0.5627238271969679,0.7429918296528375,0.664303397591535,3.1579204478916987,-2.194441696687186,-0.23886715183608148
-0.5187763487386396,-1.5511986768315318,-0.7336475449097661,-0.816169102133803,-3.0496501356134442,-0.3843306101470394
1.3794885473269942,2.5436513411547703,1.5011693647337712,4.594912639301795,2.8529674322621816,4.319573841776219
0.8749582280689964,-0.12104989729031107,-0.011935371307800646,0.11085572396158594,-0.3758125949400466,-0.8533562550987877
-0.9747270442395082,-1.3853160585963675,-0.583942617567344,-0.6532863215281574,-4.342430495796361,-1.6444012965069008
2.4092501325894595,-0.22376057428441448,-0.01905485448125224,-0.04621060751420747,-0.022683708892952393,-0.16711651578969172
0.08153728197617882,-1.3491881922049638,-0.8007479347586086,-1.2467753872267626,-1.8556999085360073,-0.742481584857269
2.9025286183410417,5.9405357742594544,2.8380474679725363,8.22058638516207,3.508457615777696,3.0479936978747775
0.8970505496644098,1.615367344263455,1.1039619559362235,6.259614737028819,-0.06092782487253095,0.9972324730445095
-0.7243528964600419,-1.5405087050556183,-0.6599472936813426,-1.5593879737042915,-4.376593920269769,-1.6087128936139128
-0.2211680345432032,2.4586482856242524,1.5826567045191324,8.571894121174426,-1.100637243748501,1.922896967073603
2.647240445103555,4.755962079517723,2.9446861914746005,6.001931294688678,2.4863270349592765,-0.39969804877735715
1.2824142635383686,1.0458060099434383,0.8219091145784571,0.5097786565200766,1.7383507764524322,1.8412366572616754
3.741397310287214,1.81623188066653,1.0647484239987006,10.129140627908642,11.135064871229185,9.729389583346855
1.78601769590302,-0.835856508243974,-0.324930452191137,-1.755405193401925,-1.7712102498317428,-1.8780114221103508
-0.6620563655439791,0.7777726929421919,1.1949013812331162,-0.34277980902522404,-2.956186948618276,0.9967118333215325
-0.18401945880017034,-1.6889892929310002,-0.7316051067054321,-0.9618016787960013,-1.227627645224262,-0.34358597757288123
18.413016156534667,6.295843043776399,3.5473424554740913,-0.4105158203036956,41.946835082007134,2.7629832509750605
-0.11440479293766007,0.29439569382955416,1.0495915649067142,2.0475875842197877,3.9146735021760652,4.47615834758647
-1.7306923482015184,0.669396963846202,0.4038279680729465,1.2731497856787255,-6.021120241338798,-1.2940754808439792
-0.7665901933380206,-1.3767770118607023,-0.6353469276424267,-0.5243642417125003,-3.5680564450180015,-0.678234856657506
-0.5460038577205623,-0.41967056056042384,-0.11308926696495912,3.0806153301138215,-1.5137986434115023,-0.08317886601306933
-0.38674600808623527,-0.3640140531736605,-0.16022595064394005,0.33211032426254605,-1.756658863681853,-0.049491121748138855
-0.7125868198034285,1.691241026132662,0.9688088749119772,1.1407828706760135,-1.0805884239849513,1.4233154563337407
0.1921312323354566,0.36217499774934603,0.46866996891342216,0.20196492307101566,1.8195769358377532,-0.02053408545109252
-0.11324988816774245,1.6634906781243846,0.7741319611620175,-0.9317547703835163,-0.2561845314644618,1.1299170161260925
2.7070363714442474,-0.14568677760909807,-0.008603802785302572,3.9904799444896986,-0.08423724565010782,3.6196815853110778
6.717314935623908,2.775809773411999,1.3522754249069457,-0.5213045439563029,3.92563071559987,-0.14896495726500647
-1.4652757064800421,-0.7615228367092383,-0.22235712724916473,-0.4673861193403312,-4.173381417513625,-0.44595249641722107
6.2064327864411375,0.7446246332097197,0.6847026080417776,-0.5069636335866256,23.914246447746415,8.866840228066332
0.962010755308747,7.3965468050344505,3.841745431136154,7.4954290328510265,-0.5217840420085745,3.5878215073255193
13.581926775648462,5.488458107072489,2.8093346751792683,2.070439850521857,26.83757342649142,2.2933421450913682
1.8063534715467746,2.72519584140913,1.5825578633119568,0.6932708760848448,-0.8854865715015944,-0.2799146874488815
0.006088223609377108,-1.7271674049141876,-0.5846003632212031,-1.813286378527578,-1.5951512825121537,-0.29504229194410836
1.2792978384054456,-1.426429679510712,-0.7731000944586232,-0.47132090546954725,4.023742813638847,2.3441467035361625
1.577976804303535,5.293732753829839,2.3439735779130095,9.474449570422781,15.587220349799772,3.6088452109307614
3.4433592375257156,6.86626997032653,3.6458590134096394,5.7059549738924895,18.134322992724524,8.328230659841
4.011318556632661,-0.39281787550552594,-0.11706901353078832,-0.22014838144771873,10.729118667512774,-0.6137894415400859
6.756574702192657,3.4988764810692725,2.669273566730468,3.6445694963043733,8.702346753064903,-0.7120167189416418
-0.9921475196389645,-0.9849600211917052,-0.4488919722693927,0.6989158332526062,-4.341308848407958,-0.3401708053457071
1.2822941659913356,5.512630198504671,2.8891873564566968,3.54477300212052,3.601930316598641,5.0120381497540665
-0.3835519665822107,3.887832604584994,2.0918773328042155,-0.3120798767298916,-0.7151034561346883,-0.08724276990176222
1.0643986419887848,-0.0813896259415456,0.19994791463798073,-0.12258535881000757,1.2544381374747207,-0.1799324271729288
-0.5846559539940896,2.523142591946376,1.5488003775062036,4.633584566696909,-0.8441632478220499,4.5646134290228995
1.9590817893105963,3.9316586891823455,2.303544087204793,8.07072145115476,-0.28598179318949557,4.469092055442723
-1.250429704868377,2.431787991319832,1.5362017231063105,2.8810902846814974,-1.1628361527084718,3.13601195793471
2.409593639375285,6.578227247215512,3.6231259223035344,0.6735182854211248,14.277748663561312,5.568244409767341
2.515020497496746,2.7340012385469805,1.9330612878737816,5.872235641900151,-0.5162609968716653,-0.42066936273034483
0.4211870990334364,-1.1754458820467144,-0.47462416985052214,-1.7003539952474243,3.3546860952372866,1.4006987388631558
0.3141534888370169,0.6442638328714577,0.6824098291608554,1.8924054844805238,-1.273630716464334,-0.042822967991676134
-0.677297203271566,-0.15697308013913863,0.08416931733245936,3.4947047968758627,-1.038551265303818,0.10020964550063571
1.736760874148898,2.035893052811842,1.6564833621061619,2.4355891953499382,0.9147148545945587,-0.15047663435628703
3.607381700266637,-0.3140752174696879,-0.10586191418171542,2.0982076624255344,0.25462115798728924,-0.2567232213468852
3.1069858397875016,3.301298125387053,1.901134339522886,0.4752855118294966,9.311638402218545,2.895809772276505
-1.735453275755842,1.981652903114281,0.5555043143258006,2.1503945318629083,-3.8705152955509963,1.4015566849706924
5.304552343195008,3.302622057982478,1.8496106364889378,1.447734753676688,8.184706022334659,-0.29519300187436703
7.647231779967899,8.241682949529697,4.464405158723061,0.2639824401093719,8.626066552942802,-1.1184991376479756
4.110672657338079,1.2880142384851854,0.6158187082570848,-0.11749574786560442,13.403142107179601,5.453309656107057
1.7076073054001042,-0.26050681558744165,-0.18091592264786854,-0.5038702454614427,-1.7017002532690424,-0.5567047005393281
-0.6088369716172366,1.8354315016138587,1.0560493704226417,1.2974458211997337,-3.1221825792040314,-0.5158849130581891
5.249314409612903,-0.2418434750062459,-0.12793477695212882,-0.6132825140380863,3.784918940920241,-0.473077747185314
-0.5734837140345331,2.7851343123766115,1.3406841111720027,3.732625536730936,-0.6028191011964923,11.397163194110789
5.560913470222383,2.9654473819390623,1.6187567203962763,6.837251013074495,-0.0992765917966447,-0.6606596594900536
7.062869622933837,-0.740939714834719,-0.27236223670729504,-2.026584947174804,3.1138245072417208,-1.4846673560035164
8.226565143543068,2.6739818792491694,2.132193002445778,8.132123752463007,6.981340494969532,-0.2313705314727207
-0.21691744724007453,17.424241377595035,8.788470773295805,4.3435695196704245,25.167158670579646,11.613618092526405
4.1634683345650565,4.740712857381199,2.986729118103206,0.7171229439398469,7.201399894387122,3.8645558913431506
-0.35725443527719586,-0.05205446905151645,-0.005370661259840115,3.9091528051745206,-1.310874776782595,-0.41526094619358833
-0.7267544817203764,-0.9184504300912701,-0.331085232435133,-0.7506370674005587,-3.416075078880992,0.872452549466125
4.574091186351593,-0.3632345774747888,-0.13920940776444973,1.8351625569664882,-0.08424709073752108,-0.2943995946795609
-1.3249404645251261,-0.23942597356169382,-0.1365224635530904,-0.4237112016941016,-2.538010458204394,-0.06896457073853561
0.21043609379349448,-0.3968331394438105,-0.12980040854723893,2.2211183496401006,-0.6529374073760033,1.2264079090765194
4.800686652893704,-0.9868903747181735,-0.3826015998334176,-1.1046066305984534,6.3820402952695625,-0.12452255333376293
-1.068298092441535,-0.6911257057445557,-0.3123908344135399,-0.040830373134479285,-2.9737273399959925,0.13875486438349005
4.118754772758411,-0.89656965260035,-0.4130747738430156,-2.8009657900358653,4.280612079343733,-0.9299741015700156
-0.66393931324324,5.46585899209903,2.9012281938079,8.590376776856644,-1.5723059737713339,1.8485359115201925
3.023840458092173,-0.6735715098855778,-0.3267879476256491,9.69374706947098,-2.453754944048516,-1.3205514221232626
0.9412616306640664,7.369519610691755,3.7073645890535145,-0.7889529638188629,11.579767939328036,0.16552768444142885
-0.007137519090985101,-2.2518323746884246,-0.9722662012172137,-0.9699468347236693,-3.882013634690455,-0.9974316568417185
1.8546408809650117,2.0848252452934894,1.2554051109632864,-0.28222671055967735,7.3955450237332485,0.9179484322125424
-0.026624941442969032,0.8940533588979285,0.6382467444366795,-0.6929014036339544,8.90728572433119,9.02093630536913
-0.06220563090602767,-0.25348623498778516,-0.08163476808199843,-1.2832680685438296,-1.3504111078648648,0.7472236009072739
1.3567834881721328,2.604942267174902,1.457072941895611,0.27963323465762585,3.2732618687004456,1.734324590849105
0.823296587853318,1.1167536950315535,0.508037297902396,0.24084215394343622,0.9511845248649275,-0.4440865512948959
3.4506376146309146,6.336695563127981,3.5610959610565756,-0.8173032477274025,17.187624283630672,2.7405180972244327
2.4900172913051533,6.968663679740472,3.36704327349168,6.058342136466215,9.03109026111842,0.5616429368628979
1.195902633962243,4.475996203063724,2.368922848858704,2.883795475026428,6.363607744765347,-0.1314357367545441
2.3444654728085474,3.0397704503775236,1.6906843722332412,0.6499620203726203,3.7759938388230685,0.28449646099590653
-0.8545499476480828,7.355138933463536,3.8779046204640566,1.2424776194119727,-0.37704855032997014,2.432704365543592
-0.06882446186843559,-0.26245102777984564,-0.05652980675972408,3.110032310786493,-1.459936625421125,-0.6793206052065301
0.03686579877878715,7.654590159430528,3.884800071093108,8.095945766005748,3.6693014399568487,3.639289156775475
3.1554247287419033,8.023573892695149,3.9649198771980414,0.9402649280043145,15.551371005757,6.296089843248565
-2.08610393159506,5.0714479444420935,2.6655411682342867,0.07322922217763361,-2.560239171230968,0.13884237649822306
5.128269383984576,1.3039163789165378,0.7301100636685562,-0.2172103856096015,3.0905986595122856,-0.46803435340134814
6.016587813006765,0.7153545441507644,0.6945802018712677,-0.07653861746019071,13.793631462947149,1.1125498382197616
2.137188143253825,1.6747222650018703,0.7409831354222515,0.07684359344210356,15.188881362190973,8.77098459681931
3.8444322080443145,-0.45555474317322925,-0.06370712961295026,-0.9103683947868721,5.162180796685087,-0.3223833109371547
3.9579215382306376,3.441649515410963,2.5324422402213864,4.966406125361872,0.1282148598489053,-1.3187865126072502
0.25694647870108134,1.2298564451725296,0.9234759144610927,6.677468160862392,-0.27440113841008584,0.5828811017957986
0.15700137948724202,2.1165601000359455,1.154508571153209,5.404840788946012,1.1248066315365415,4.360502100591314
-0.5798902032817453,2.9628210568573285,1.827461686622301,7.107675222498573,-2.595042824807902,-0.17942074605386482
5.797822487257172,-0.7984436287602796,-0.32445688610089124,-0.5262816437980117,19.206547522022863,9.07855666131499
-1.3919969067846025,-0.19734178714417058,0.002932770636037474,1.1669839585685968,-5.355723864474974,-2.03960664263926
2.010752059716739,9.927125351366916,5.576275504049905,14.768362170650185,5.740311393005833,4.833219354093276
10.392392667736523,3.345862451871329,1.9731420805083397,-0.031886818709642877,12.347821251061802,-1.413285824838121
-0.6094835510786887,-0.0451758478388449,0.6526158614175299,-0.4914039482533392,-1.8150324935812827,-0.8068998930534802
4.09191330956543,-0.13755397828511637,-0.00823404176967557,0.23190990686133683,8.61481427332015,2.731945626324894
18.01816337825672,7.617856108013833,3.4118359055650593,9.516695561521221,38.29355435454438,4.991186322497644
1.437821044135358,-0.8562408871319038,-0.39634150243521016,-1.4830810775503973,3.2602071888698494,-0.290297866397608
-0.6697650520539441,-0.7787978122827656,-0.3280264868036435,-0.9970778413300077,-3.6706954062292945,-0.9301690681987962
1.5558702330691485,-0.13687284491578067,-0.037490318846834784,-0.2220120868318255,-0.45443014793782066,-0.24846656458416044
1.5004521919415363,-2.5465982303566825,-1.1486780983805003,-4.19779882975735,-1.0050854153721447,-1.2469578019246494
1.863403577913863,3.593010398041661,2.1865189095867956,4.8224560782593,4.595334942882503,1.9182642201471665
-1.8206456961172468,-0.09640098713670711,-0.03474909891126565,1.5094659690186012,-3.7190482950528634,0.09787680036630142
14.721756842550512,-1.2112198309574405,-0.5322567700866474,-1.6371314295396369,14.805232863628026,-1.9586020860671454
0.7925185150054503,-0.3154631255667796,-0.04415663178780334,0.36632577109104486,0.776211638389016,1.2135637592603676
-1.8663486087715093,-2.1070733803861788,-0.8417637700297833,-1.073466871076837,-6.6283870148291335,-1.397739273512221
0.17944407037762178,0.10472898154746746,0.209701692508303,-0.400407392436664,10.503134630503556,8.910463708043567
0.9134723702920958,-0.021972878324450495,0.2896115552583545,-0.7674451493624549,5.524435168171037,2.1157839737817588
2.520530947600638,-0.058232222311733084,0.41392135478151526,0.4083516002559596,2.543826205381488,1.2052830042023344
6.601688109789683,-0.9650937207992296,-0.39430137288692413,-0.8014464017061217,4.8393407179717505,-0.3785291806105524
-0.9381070469545533,3.27999762131607,1.7011644865712165,14.844575285452992,-0.564626899109463,6.166878583149179
-0.1530917800665122,5.323134807291565,2.708216108191274,6.90486595535491,-1.0629801497345939,-0.627182117868515
-0.1433883245932972,-1.1354797313415905,-0.5512065566044263,0.0682255847916623,-2.918309423602812,-0.961854772955888
3.0397592488261624,1.227872168588327,1.0892543084657602,-0.12818034536864273,10.995451482670457,2.6271330232756336
-1.273773214608839,-0.448839544415512,-0.16953005608581836,-0.38006579058492873,-3.1367707698617453,-0.35418371636804896
-1.0018011307903198,3.442459626610303,2.3207552316702293,3.6621130285116923,-0.6167636358484724,5.262279511347228
-1.560069827797871,-0.3168055498158937,-0.13661653010356112,2.893553887920021,-4.253039822034373,1.6708440333840016
12.797090299753982,6.506409701930936,3.6033529903646153,2.993632043535623,28.173895417118548,8.301844948281804
-0.2796389968101811,-0.5588796417992474,-0.21874948972822916,-0.07752797583271809,-2.152909079602931,-0.012521317704248315
17.13461793839731,9.995925808696166,5.1752586531792595,-0.22061211876116765,47.00282027008401,3.7787800787389756
-1.1154830522881498,-0.2601539897027784,-0.019020246951540743,-0.32243572326537195,-3.0979955269570514,0.816314205455798
1.766653934166797,-0.3283217550231567,-0.0648894425024451,-0.78225371131176,0.26002648095673864,0.3318127063270587
-2.33946825223066,-0.9386388360229037,-0.26810470627198985,-0.5951615769395987,-6.929010683721815,-2.1421396593445103
-0.7375728788227485,-0.9788020374400473,-0.41593643922148715,-1.536719076316406,-1.9207160242312575,-0.37081325631533096
-2.738331850927522,-0.13261043644267498,0.037026195703874776,-0.9495623013360067,-6.431054697093696,-1.0223989659514026
2.421637049656992,0.46848291854396207,0.43867089001318965,7.660587507860282,-1.0810942456232142,-0.7208848829309398
4.712247920005802,7.9127471704560675,4.284598600027621,9.126744955631905,10.033633746947793,0.14507045310805833
4.643265412662096,3.0020228436706686,1.7260922440628776,5.117117133947634,1.3308905930850161,-0.4225705664658941
-0.4366802597352635,-0.07698752629538204,0.4648357821753751,2.9093652649767883,-3.912475273436848,-0.5723803748280158
12.5244597472552,6.64907616732964,4.213938176961845,1.2746011611123755,28.890930261558587,5.303059095701451
-0.22718799289099423,4.002257924381465,2.2734842159188435,6.450812998870765,-0.46979423839334783,0.4598208812257161
4.419091908256893,-0.9147219290834614,-0.39583608954027616,-1.641290325869382,5.113173694297552,-0.42120248666004123
1.270274089024403,4.933629444694351,2.3829029164159667,-0.25151523011497695,2.961230705240015,-0.5007003031501899
3.913589534797862,14.626189178234089,6.867678539945926,8.688782198148381,22.3543283361484,9.741768998208798
-1.553695067459165,4.005143746577715,2.40883020368699,4.1516801358635975,-2.7904102532088784,1.1268153226264765
-0.2205498062766702,-0.15948819659170338,-0.002151537464869824,-0.06008556800593268,-0.4116397872776507,1.104136144149185
0.9954156726747548,8.520257846170784,4.09939107070325,1.3022748411262732,7.00643846164622,-0.01625033784613308
7.1190444865080185,-0.8602048245939073,-0.3590413397709429,-0.1489117494490016,9.63490497808638,3.593843056599453
-0.2734793172593165,0.3976376007702686,0.5981171893589187,6.5545893605896035,-0.8804812282400811,7.26382556843733
-0.43949331380164236,-0.05884508108599216,0.09865248645524011,-0.7076948571492635,0.5439815004848194,3.605431899336484
-0.9949632481459161,-0.060768466969303936,0.15252492663287592,-0.9108245136356432,-2.728326639849712,-0.7645331489726079
-0.13976919751615255,3.90412608182901,2.1280980249930455,-0.16421632708778075,3.242205144329899,4.363956057332949
-3.7698593597554977,-0.6430584420734458,-0.23437546608595594,-0.48407946400298807,-6.030258684297361,4.170411135550992
1.113065006707397,4.292122282710689,2.5845615642686433,3.7192346862938397,6.213689681851568,2.885780733591936
-1.6522333326609993,1.4848414709107516,1.0752084381589466,0.6552582584201257,-2.6641179914562443,1.4855004222048094
-0.2867955802870236,-0.7651988953082053,-0.24953323094596425,-0.5589178634871841,-0.7627231814117104,-0.32280142392080236
0.21370292495336385,8.782594536705078,4.474104517292709,8.765909608838086,8.48446588072427,9.01071518770425
-0.05717408556250114,-1.824633345609521,-0.8118745454466826,-0.8799484657275946,-1.8605070324955673,-0.5667163222771091
1.9948370082762954,-0.20289525505503045,-0.07586504622041751,3.2495564913756896,-0.3640501186936409,-0.3481728135485161
0.9614130902790379,0.5023523923607754,0.5321743108718767,-0.11839632442065824,0.24481089009431511,1.5447421762076785
0.004378794387064011,-0.028234230071667057,0.3127583102649885,3.916611069821016,-0.594987748662259,1.3010701542044774
4.661232923788957,-0.3787485667139291,-0.13965600778831486,-1.7412975422510464,1.7166463183928728,-1.4390861862281106
1.9877115891727846,2.378069535825776,1.1794748065536833,4.172153314826371,2.3289007149370695,4.181406867567301
1.3080887037514315,-0.41318888843194923,-0.1886215199544167,-0.05136836423920066,1.8490705616128804,4.215422892212851
1.600196619141797,-2.0068716188659486,-0.9198750144899676,-2.1238683142325456,-1.3396805141115555,-0.3615266540314615
0.5663363300176408,2.83367039348899,2.501693904151816,3.6256493206122506,12.286895777167665,5.1033655318276745
-0.3564559689615152,-2.049133281581916,-0.9111777831539082,-0.07642498782051464,-2.868076436328641,-1.1141185710778994
6.259968584203464,-0.38151689838349123,-0.18221949497933473,-0.3085892735118679,11.270484550885932,0.1820686744155392
4.827035241761655,2.6657717156596874,1.6088016084818435,4.91437239470388,31.85671660140772,20.80530906104948
-2.3297395274077966,-1.0302764589053808,-0.4896193089694765,-1.3282666706406268,-4.5470274619839435,2.9378844307027974
-1.0427361891578253,-0.5706840733570313,-0.23538515016402736,-0.22781843493537102,-3.7287922095621386,-0.5102591413091341
2.3695064272703767,1.584424107901323,0.9053186512729112,-1.3233539281665558,8.875545767758766,-0.062045327539954315
2.73901559844448,1.1109234604741198,0.9662439670974357,-0.03024589638093722,0.7388561937114617,-0.06164710380719534
-0.11151606782199514,-0.6048582715726168,-0.21359819138894315,-0.37931389929899584,3.2907920198000604,1.0531366841794623
-1.3182597865706698,-0.8365991359213242,-0.3133416445091104,-0.7718789458677078,-1.9288329384710652,0.7325341639167117
1.6897945729301511,5.061969267635822,1.8875565805565804,9.714497115782656,14.883668208143717,9.415827507769706
2.7982087187510567,-0.6518160527122284,-0.19266573884530913,2.306831478903126,-0.32710644340186906,0.10928311062877094
5.2547730092493214,-3.057098311040853,-1.4027529019896319,-0.28036423531842586,-1.5294751680149172,-0.09986224826397834
6.638782548333862,0.8401539875423624,0.8056787256615565,2.405820603903442,12.441768882781767,1.3506122589940186
-1.6729865095179488,4.381505917846898,2.25301281396362,8.667313646492701,-4.801048255558161,-0.6530351897034126
2.4222720284209194,4.285549514340593,2.3346925852184466,5.0856941590908304,6.066025951950529,-0.017730018487148638
5.977985357138025,3.1213479813456546,2.2015060645696467,-0.6981141546862704,15.538799361877171,-0.14433240490753793
-0.04379206673541769,0.07729790220673682,0.554138838965186,-0.5133454298387113,-1.7204169756718821,-0.769404840456452
6.246800156259831,5.458469236072362,2.920308683288506,2.75757359091954,9.524427829597107,0.4558043779816008
2.2333900123713137,-3.020609196571777,-1.2810501258581564,-4.03465990310244,-2.4259858730264323,-1.8238475243423666
-0.08645305061843539,0.4763937693942427,0.44365660798622264,4.786177168149001,0.5003022426380317,7.992844012677342
2.941217616420123,2.6611824516948004,1.6157702527563522,-0.35313027310055806,6.497421712746113,1.149208963071085
-0.11878001189746393,5.666758145201014,3.1606994192850886,9.407733277228537,-1.1615367958324432,-1.1592814508616869
10.937916407773885,5.129180634593477,2.8522956935408126,3.492028742150148,21.015237156035543,0.4354521928870825
-1.639258761381183,-0.7027151692870395,-0.2415657817610427,-0.47427904252282044,-3.320581789450667,-0.7143788312409601
3.6405469835438957,9.198352029000935,4.802713216607432,7.10076863930782,11.525075086247373,7.283516103055076
0.6116160933143361,-1.4277551427235644,-0.7524144520574043,-0.2087249736134456,-2.4356395888767786,-1.2512559310727367
-0.8598230641696983,-0.6422964278522149,-0.2818615809332581,6.537705337516516,-2.509345894401062,0.11072503553955637
2.3373320881437927,2.4114813165515288,1.6988322413950916,2.059236037355241,0.5250945106854236,-0.5019951155128503
6.877130821243761,2.669033290888286,1.6699382489783727,3.482709779663481,16.311456767866073,2.7844711946805623
2.676297341133835,0.41639812147368327,0.47561727526566844,-0.23670354609000863,1.0704236630784802,0.343968086249283
1.5122947133914861,-0.24353879189883845,-0.05751854963329737,1.380155952787815,-2.3810830900908218,-0.5113293446923723
5.632906336550534,4.849090785616449,1.8764166913461884,1.4680390444702227,11.274569054605395,3.803816285852868
3.0169518874425476,-0.9218881183898999,-0.3698129981021941,0.2879479821996081,-0.9537951154441777,-0.5451531360087872
4.324583183662461,0.5435353821453119,0.5666113796668527,-0.43954864894179146,-1.0116659604626264,-2.791683916710902
0.11031936949103083,2.4873060930707425,1.5598481279986798,4.322342397880792,-1.5193152457732697,-0.26185801230875855
-2.2924779253881247,-0.95558507991333,-0.38957970130241915,-0.7665386085389019,-4.606036406085956,-0.4658303546008282
-0.5372615741247339,0.7833879667087776,0.9142264927403028,-1.1990971800688142,-2.750454082224032,-2.52365535333519
2.0062973538869584,-0.33833622852040435,-0.08429251952767838,-2.5238191985877974,-0.6884186181051138,-1.8808012620260688
1.7793647929412726,2.1912538314715926,1.445390437589809,-0.019601114327833114,-0.2081078438967306,1.5808567880257267
2.385103769057277,-0.4797329639180209,-0.12499252730869018,-0.24967972107387326,-0.4785622496977977,-0.5031216684239406
-1.1009321229384945,-2.7740507646197283,-1.275886610471135,-1.0466932562913047,-5.425089861141519,-0.7670577465175259
-0.295924429503124,-0.4364679294795421,-0.12876327540611215,-0.25507772968137316,7.942731436595262,9.8739161476965
-0.43153309645455223,2.660821133868157,1.4475612544398104,8.826395789730196,3.830328283584647,4.626081587614819
-0.7411786976314186,1.5725653100258792,0.7262082882676721,5.597363717426857,-1.5717477811155756,4.87976716766149
-0.1853385601534547,3.5496067921279773,1.7337532931258264,-0.24498711685214059,4.775594608459445,1.3188990149280633
6.691682661351082,1.5712686823065731,1.1330763596737774,2.321606003437859,17.177427681304994,1.8533141122898473
-1.2268505687892644,-0.0166698473654469,0.2655114678383623,4.708445296523895,-3.742020946823646,-0.2985495199184711
-0.15578426422304614,0.8436073412024794,0.7459130026122445,0.7438316774612515,-0.43428700638118745,1.6530314455877462
9.737371807690803,1.5032457892920923,1.1323521981514952,-0.983547465370584,21.682896697258666,6.865349617411826
-1.3881350718274699,-1.0964484282727116,-0.5341240802209818,-0.3066485206776726,-3.920119380054699,-0.7329951755478222
1.4710807283428111,2.597765286248418,1.9807008727601363,4.260971016214605,0.8839107269871871,3.2455272746146813
-0.6518208721540655,-0.046209673810077435,0.2502971770974963,3.8683640722321275,-0.11706953356116163,-0.07134798633164245
-0.8109869934731345,-2.7073227964867534,-1.225234149549927,-0.4298115414380208,-7.681797740858193,-2.2238482308200296
1.6964875946377882,1.0421612008142387,0.865669762602322,-1.0948119753484435,2.19514800294419,-0.22956550563290978
0.20738785556404948,4.632867126853714,2.577568198292495,2.6026982069377036,8.495395512000663,1.9175398382239033
-0.25746801688689547,-0.5704956020304022,-0.21263228867356287,-0.06709646014581319,-0.9787130177652563,1.054372619744741
-0.24579386512766002,2.8670504321791386,1.5534002628575487,-0.12296584938694588,0.22105524749451516,-0.12781024833212182
13.513065310195588,12.995368224665645,6.716201164850854,6.9343508972889305,36.933478884958404,6.392418271328011
-1.5542064481348028,0.7038933330532711,0.2579293112581918,-0.13397528077107054,-2.859869041474371,1.8975629891784016
2.0885299463566604,-1.6630085246728545,-0.7366397689576902,-0.18325455422290934,-1.0976117102823826,-0.16013737393731242
0.5647316572712544,-0.661419388041234,-0.2665792981742913,13.394619359321442,-1.3502645727060214,2.0933237331522263
6.248552206294165,4.2493846298832665,2.420160928135054,1.2517065826593778,8.384554490643636,2.0404420264692615
5.264893014880825,-0.6149263086910919,-0.25582797810687485,-0.9638619155899376,9.72664325720187,-0.28271236717379833
0.7284340300998539,-0.09337809898994742,0.7982642122775468,-0.21565291881392265,11.197006925684054,7.47002395175438
1.6481208674281493,6.1959032196080335,3.1134591018782074,3.9896264891970956,7.2924736768053595,7.54935360283302
-0.4776442646701419,0.6503176272826271,0.6911392607696822,6.794242950666914,-2.538081952433007,-0.2058679460710193
-1.8421570778122043,-0.6927618075797559,-0.21279954627273573,3.0748765397972235,-4.896221408956806,-0.2776323442325603
-0.6732125325195635,0.9532528154478297,0.8266017979385355,4.272785293104605,-0.960801643656316,0.28013476675098054
0.8425182340528117,2.211713238710384,1.6240586104747932,-0.9399433473202091,8.651722662503577,2.2582475249379943
-0.3931467331316316,-0.026371450649231166,0.2983223586287748,0.25485985984878046,-0.7576606337646897,1.4505652241066653
2.413547725443617,3.158870149269641,2.9557522131722638,1.0471944716406925,2.426375757878294,-0.07117566851796009
-0.10484082043005119,7.757105799676776,3.9196537349568934,0.9727203587164941,1.714484260250933,2.0966380058415917
1.8409982427175478,6.680766830196967,3.3140043513361745,4.063248013173143,0.25311432519875626,-1.034970489167949
3.5600315479566618,-0.22458906781137317,-0.013487452245940546,0.2595879472949225,10.231719218252048,7.33403511194388
1.8482156105825416,-1.6867884087551197,-0.7192350420953002,-0.47402887263730026,-1.3230522062923298,-0.8603216950196709
1.5352636986735866,7.224492080173396,3.546383112200187,1.743592390253211,6.195546914516295,2.137796914919574
1.906316147654468,-0.49977727702130176,-0.1037087560061814,-0.5133364352915722,2.395878803981358,0.8589909547670646
2.1660175235745136,-0.21410618493056496,-0.05397186916267996,3.55413455880534,10.91906140558769,8.834390281704417
-0.2658103326306202,6.290725988598743,3.411092155511219,4.9620780009142,2.715215183496449,6.7040144500565315
-0.660659803916186,-0.28153499996331005,-0.09683180234863903,-0.9771490880266136,-0.7943510203511361,0.07921393540511279
-0.03776502574920884,1.3385924135210163,0.8790609052587859,0.9434284199914886,-1.6780785174405761,-1.0130402547427768
0.6973093422364326,3.8366542637476075,1.9143936655526235,4.00811813425468,1.0646304832764426,5.323931858104321
-3.8356990226791945,-0.538736190120255,-0.22301574234108537,4.380899463401162,-8.101469492437877,-0.027216130337697698
-0.022537457211008728,5.176811393192575,2.8088703267053203,5.460667695476219,-1.301967656343089,-1.2101967755572196
3.721019125850619,1.5570919800066378,1.1537906795562813,0.16556542586736556,3.7871806582410996,-0.27617893925118486
-1.6618915685957032,-1.3937884383609687,-0.6124989975277962,-1.350266627041443,-4.524621568796156,-0.6480181201727206
-0.06628449276251423,-0.9319862191282952,-0.37562188013456954,-0.09673831091813022,-1.6250155053685473,-0.49540437598067444
3.463120057315659,5.585985817741179,3.2152675056082276,3.084817317389822,10.241348622753566,4.365826145791559
-0.04882153223605337,5.3880572720440085,2.771574784345288,2.5660817141440737,5.301677475495872,-0.06000113479049332
-0.3270624054318131,-0.35339176433295905,-0.1686305258454465,-2.110860645020065,-0.04611531713554178,2.215068707998948
4.672116128400913,0.8373522085068938,0.6248048785672596,2.2549277829644714,17.2560927153822,9.302646584427107
0.39683909948715573,-0.23836019716481918,0.013835064874568204,-0.6087426650611113,4.659666923472923,1.157448879189775
2.3200603022561674,12.066329086058738,5.95784238866805,2.0165623961315977,12.977357853824033,0.6788281095501542
0.02991779341055345,-0.6894322844780318,-0.2685942405102523,1.0013462792769179,-0.402782777069832,-0.3626110662674241
-0.9080716710424183,2.01758696217684,1.0490738853770236,2.927480096879063,-2.1386882662206457,-0.09373667622084386
-0.316170967787728,-0.2118684051352096,-0.00839980857456495,-0.6634012251404258,-0.9349295723787581,-0.24567185285080473
-0.4021630069426708,-0.985805725461281,-0.27703463462968636,0.8694507614589878,-3.112035127504119,-0.6541978861727537
-0.05160518420385647,-1.5075903768481915,-0.6661575237680794,-0.16960163893916957,-1.8820007112865675,-0.07225116969610022
-0.2712353248895315,2.434840826900704,0.9028077539776712,1.0059735426227578,-0.781118214065962,-0.5973004591417125
-0.01792072684714725,4.499018612137394,2.4554485920619524,10.92679334359346,5.468131555753279,7.213129444792312
-0.3085585875219915,-0.3516934527147216,-0.10646778569946491,0.21927931011175206,-1.1567852424079121,-0.5552725793823647
4.504559685554039,1.2754829688228217,0.9448098318361572,6.018866693155903,6.6967238885233025,-0.2895119120306628
0.24877982023777867,2.142940195244314,1.3472212652649507,0.3238963248206118,0.03187217499088324,0.29419301393458525
1.8048994790438644,-1.8685857852363392,-0.8394900208970228,-0.5385232310229278,-0.05185584908110148,3.2748257734708197
6.725681762540866,5.145987448608527,2.5485147290201082,1.738083391902844,12.007983491409622,0.9939155421323922
3.2395444077325415,-0.6364718239445324,-0.26592517037785696,-1.1779685500262118,5.395441287741099,1.581115203010663
-1.6032942809390844,0.47322198247737346,0.753297883103457,0.9776512946892277,-1.9782119206332673,5.213274069486364
-0.36511978215573815,-1.5424490467233936,-0.6697954580026899,-0.8172290150593826,-3.9660189140717055,-0.8887355768747135
1.2283514701013825,-0.9305057181078621,-0.37537955593771716,-0.32093442601415817,-0.7184552304184963,1.132394607351456
-0.7630426355403213,11.490784680661749,5.782488990848103,16.125810324754926,5.852853868053974,10.20128969738636
-0.9174356128467167,-0.3389749678987573,-0.145389777564718,-0.7434663247322938,-1.0358775394889344,3.307450609645022
0.875332722359047,-0.4224492177256143,-0.17695515231580328,2.933559981064457,-0.8694203221410159,0.970637042671355
1.6985867564089603,17.442969726225968,8.377959043315382,3.3271691413361992,24.561878231138913,4.991590196783947
-1.4082482418575766,-0.37143723983920457,-0.08135507061585368,2.3281217895033217,-5.52897695757877,-1.185252378079674
-4.354471793122841,-2.3008159654431837,-1.0218484670401207,-0.20410342605489365,-9.303913225701418,-0.20853851777566132
-0.5830423314090369,-1.3163858844517582,-0.587303566662078,-1.928191845271179,-1.202449470605771,0.37269645631750686
-0.7533826166101228,1.5598884093872816,0.6881272912016455,6.9879606339472,-1.4574538894305824,2.485623219919358
-3.0558655724858768,-0.2288858638629554,-0.13938441881197378,1.3455908314023857,-4.969035062331402,4.565973137302702
7.647807460744928,3.275488752171337,1.8908709206533894,4.872513298571244,-0.018328260040113165,-2.0182804628613216
-0.5965673591435726,2.0484931472238563,1.337943252310913,5.081963845987552,-1.1579974316193797,4.760403996942977
-0.40119719753541183,-0.3457788665395121,-0.07404232496999155,1.8238053304315676,-1.8554176657377282,-0.2707581512470782
8.587820985035865,-0.0028234856429260715,-0.0758166872765269,-0.6651571975861389,15.796188753788082,-0.8566305324035689
2.28990235638315,-1.359047807497925,-0.5694405853059269,-0.11278893206030155,-2.149868706977803,-0.704632787254962
-0.5610289762460223,-0.4130874476414408,-0.12324492288225426,-0.776544559785269,-1.1028876631980087,0.7182513211597605
-0.03927568108218132,3.745607314479294,2.481236079166135,3.5348809049869807,-0.05506572500073186,2.826269512246057
0.2566760735917575,-0.559487519701173,-0.20700911349827372,-1.0547378731849288,-0.8759166372676589,-0.8189718451902757
10.325820545952531,4.007800727767716,2.2263706771249776,0.5419696442125775,21.267817481844116,-0.10794441746165062
5.192572305656282,6.03296643458815,2.9174467175424526,2.110259915103777,14.311062620950908,2.265397930630122
3.664430234913037,2.1501780739874436,1.5006033294932188,3.27538794207506,8.697146537983283,1.7579585407382576
-0.09677773392019967,-0.32370360611860455,-0.09514254956086275,-0.2866140982047035,-0.7983160174119593,0.08298371216664657
4.631348000551551,4.183042265209636,2.046689916152026,2.0087562717449234,9.052165255380544,-0.23056738508655295
-0.6349694657498491,-0.9452332479236976,-0.37969300286908114,-2.307019534050002,-1.117056592814662,-0.4455076250345048
-0.9680796243507509,7.822488223960244,5.270743050693104,4.212885170778942,-0.8049512280125546,2.837017689868601
-0.7870381867357337,-0.08834766244509627,0.06438453746388106,3.6064281788344976,-2.2876280028078315,-0.6526778187582583
9.639440584651096,1.0661335724043173,0.7270027584945346,-0.3172491037882123,24.612396472642256,4.5043220548578065
3.047247885027229,0.746939078832907,1.0699766525354413,-0.31247897572178623,4.9778556643440375,0.6459750454524099
-2.9268300121241952,-0.8877888214233187,-0.46136418212933217,-1.6742113012248045,-5.263265718129372,-0.20535022642154088
-1.7589942237048153,-3.5150332686733465,-1.586554924435686,-0.8241343072942908,-8.764898232390035,-1.1956774925083404
7.145761480247841,16.64553472719454,8.441358400537958,4.303940657918115,30.30595855457076,4.984789274053587
-0.9211446554209696,-0.12702449674861407,-0.0167848941223127,-0.15151893088661803,-1.7739715606023094,1.74431057809239
-0.4117258697291908,1.4726717226646384,1.1070406238947568,4.2857895705223985,-2.0032952608959302,0.2879800388341654
4.359783948271961,2.9885016486689158,1.5702472588366203,3.034380587055547,6.411683716477755,2.1004868680825237
-0.30871997607093654,2.351173341885367,1.3938082441291,6.317762507477793,-0.9730357142181477,-0.8990894975089034
1.2091580089061134,-0.6614273362553419,-0.2337447144758679,-1.0009877941394068,0.1616955593842067,-0.14863148030564832
-0.8576179790720101,-0.3293705575354806,-0.04802107223480179,-0.96952329487508,-1.573845681993481,1.531462448191934
-0.1253228422806469,2.614248788694029,0.5712604154252824,-0.07843328321172122,-1.0618331745184226,-0.8115717720060234
5.826668562313164,-0.7582055896856614,-0.3070649858557875,3.3751895814204227,2.9682728924636503,0.8134831515475026
1.9597264984159932,0.1895961713455429,0.593748105915028,4.019344536794194,0.5550554031193538,4.056875507131661
-2.889001744602018,0.23008177129331003,0.43242275487688225,3.461640086993553,-5.153679026414064,-0.28784384173759425
11.54590587766742,0.2792532757110899,0.38023684294430304,-0.04838831418177789,15.32480966682308,-0.950442611356619
3.7352531495624604,3.9187419671123824,2.7657507310809555,3.2923279950290665,5.514039364419737,1.623460584970122
-0.8773784896154107,-0.9137255802436602,-0.3466387102557678,-0.30124230634258714,-3.337509567839593,-0.6009538706889951
5.484339967343634,5.371999229119402,2.9574101921926843,3.4544565949398045,6.2296537756037536,2.302383700253073
2.3887117233245085,0.05925173991792476,0.3658309975974766,0.10394752298769705,6.167446221730946,2.3685245640609702
10.353999025683063,1.6229941598016246,0.9427983981644663,0.10627735627960888,19.49884111066187,1.0078209662434552
-1.9323278438872131,-1.3915657685654668,-0.5854809394204596,-0.4731365065070522,-5.5915805387264035,-0.8418934209183606
6.6137196549311845,5.45070026666799,2.685496322929413,3.038459892862864,18.267799605591527,4.016123101784137
-1.0368025484207517,-0.3174139820728429,-0.07180658092713331,2.5757578989843553,-2.2177665160217503,-0.036473538853765475
1.6163198682807214,1.2685393039695745,0.9546619892449746,-0.7040590671149567,2.6671924535174063,2.225704470757628
-0.15742373914339958,-0.12267408398698042,0.13111373537697046,2.8476050911612285,3.305905457378332,0.988768790975095
-0.6699545809957501,3.216286987537387,1.7089276326402854,5.336622970936806,-0.7441493443404567,2.2744210063698818
0.2780697265236255,3.2999722297319845,2.022260329215083,0.23946323344922726,-0.03288658437362659,4.904175228167829
7.360375051883912,-0.4600443007182047,-0.18025929927149564,-1.365954414849099,19.277610113042897,1.2933667626687608
-0.798617251012739,10.704802055604683,5.989024433115894,3.055406691816512,7.439859127666142,7.549019783813079
-0.7586694772141898,-0.2609354747850559,0.06568335599798991,-0.959803571471578,-0.8075521328408245,-0.26914096771170043
-0.6283090277693344,12.15639686789883,5.8930402971295806,8.40323570405254,9.574829834923069,5.171064357540779
-0.051490018503711536,5.6045320179865605,3.0038166851288333,0.4685736551140317,1.9453256781593549,-0.35435639179534373
1.6197575373739406,1.9603429782349444,1.1313757756962037,4.892366534517266,5.951015486935603,3.6944777172959995
0.9089119551505815,4.280067531682515,2.313036450982011,0.18660008197989664,10.674458107501236,6.137321735555539
0.5518903024367057,-0.23196760215560852,-0.05297419157903212,-1.124843206921664,2.967555845160935,4.558278317671668
5.028649549189457,2.098600878911366,1.489902117999556,-0.41139445426126786,12.61125064309891,-0.0949388548886216
3.2242800347804383,1.1744606734371401,0.6142249760414119,-0.8825399178542975,1.4348060967308125,-0.5441053370624369
1.361929520407955,-1.9597065928327915,-0.8976050897156291,-1.3894336183019553,-1.1042571182776337,-0.8834128536002752
0.9226908745183285,8.537831522657681,3.968532109160359,2.4755850289751415,6.903324716769965,2.9019089577607717
2.8148490642472375,0.017433234695834243,0.4735072108229035,-0.09292258437850963,3.680686270097217,0.8760472641375872
-0.2575917521942525,-0.3200932012490242,-0.07135194821415528,7.24043028604881,-1.6684924795774476,-0.4989084559117716
-0.21361789267488157,-0.4618726093869097,-0.18243630195137867,-0.40318987325633204,-0.5563929071274746,-0.20832951408669814
-0.25816781823893487,1.24357888865986,0.6105115999686885,3.1929575275338324,-1.3814952156581803,-0.8321922733069009
8.426730325475127,1.4686443616162392,0.9458931509990716,-0.24354919800713062,14.112892662069571,-0.3453697092655047
1.7246853902364772,0.18459400056878683,0.2592334020449375,2.574384963426275,0.999944758614367,2.8828331031926195
0.5959872234978506,-0.5700542060994207,-0.21437337016352567,-0.04257714363853409,7.605843511630407,8.67902312841442
-1.0086769612275372,-0.2970652521470424,-0.13606437884555386,0.037610581122252906,-2.878119935621099,-0.016289018096574126
-0.12091827838292796,-1.9787730210816568,-0.8770475206614278,-3.3093425090382382,-0.753415673163468,-1.3352366122203425
3.6747010846372765,0.6672990955932673,0.7386244724601938,-0.7112245985025942,1.9667770653576802,0.7720262240649147
-0.5059017019171268,-1.1920640260959492,-0.4634814878231797,1.6877467562530928,-1.9772194874867024,-0.05392819098981479
-1.8496404815126954,-1.3191858605773485,-0.6037317560189561,-0.4508906958939502,-5.509982391542531,-0.33017885327780144
-0.13483908604201203,-0.5545720414850119,-0.20619630968615993,-1.2566132936300605,-0.9805563353767935,-0.09515343066916074
0.25053044500050425,-1.471206064316285,-0.6388231972309927,-3.7511304844378595,-0.6781578808910682,-1.106366113575393
1.645182606063243,4.240911809799833,2.6703525610353624,-0.27594888431947096,15.27327857612767,4.706616166233028
-0.1225533929355295,-0.33356819268644655,-0.1153555312181962,0.2489518903070267,-0.40280719687734284,3.2440247856211117
1.105615804642676,-0.18465209756111745,0.42325020965411486,-0.490641639325764,-0.26154187460251893,2.7915172420310332
0.8631201442137336,0.08470768899402026,1.407912928589043,3.0403007720867423,2.0932982679567282,3.3339579374786874
-0.31945153528434866,-0.23849464011669153,-0.027123302416039642,-0.2720064126560518,-2.030283517860779,-0.561656730527277
2.314041077306668,4.6988958817827156,2.6743457313210603,-0.09625590357178089,10.468844048023486,-0.0053585468446551545
1.0981122251681408,0.6598429303217116,0.7611763728693399,1.699446991682821,4.011120748690718,2.2310194060133743
4.951746535743816,0.10051063705577645,-0.03373555950423517,0.02457818135613754,-0.40936848071068016,-1.107278775144113
2.151056757798869,-0.0884531365237254,0.673227724366209,0.20426910059247938,-0.8613343097902318,1.2401613851344013
2.7854095329214044,-0.2626039980271931,-0.060803431262022506,-0.6756919715492112,22.43588025339799,12.51421250043407
14.053685330441452,4.647923993433445,2.2730789491023398,0.013129536706566802,24.928916417855316,-0.8977776714296586
5.10018224143087,6.093078241896342,2.6943834531507096,1.43947237268898,13.394741361802808,4.133542599550115
-0.6414119282951121,11.798096184327354,6.276507640198427,6.148538516602209,4.187838953469579,4.283885371148323
-0.07908452816372394,0.07547253353006511,0.6365594411943915,0.09527630256456987,-0.3830360522853486,1.4465640499299046
-0.5090047834266577,5.26357634654551,2.904084798593204,4.151857668123577,10.894035582556935,9.298137672411684
8.91493053456543,16.578746530479627,8.391554305593576,6.3129001102896,31.189534390663177,2.5703161348627113
1.1341035291192254,3.4124220248448593,1.8931142260991265,10.390650537194292,3.0774672829243235,1.9223177362384298
1.4875184585432324,2.960854498282444,1.4791760128854936,4.684120116950412,10.186999240905504,10.478027459170596
-0.7038797643497461,0.9309048662047001,0.45940831865565307,-1.0095581001169074,-2.692482645868878,-0.6886044803101842
3.560350099758467,-0.8482603042578948,-0.34647115397902173,-1.184413279853767,6.96307764951032,3.407823202530042
-0.07844606002596165,-1.0289818532537915,-0.40158803301857376,5.226126685513681,-2.201842559363155,-0.08930895402649837
-0.08022872833383282,-1.2386968119973976,-0.5265200101727691,-0.9898748259447715,-2.12913291208097,-0.7731502820208874
-1.9849801694428142,-1.1266257282058605,-0.47109981911080034,-0.3081786452570641,-3.9170857392412985,2.169726509151508
7.42110864750345,-0.30446822980369687,-0.08628797950812826,-1.3675722046244576,10.338019385518582,-0.4732510418684841
0.9878200999007893,5.757993137617991,3.11087563908484,2.8014605024047334,12.118469196736873,3.2800500229717917
-0.12177728442215385,1.0961799968200752,0.8935696987649606,-1.5210732838523688,9.16591663400716,-0.27602156529564453
-0.25598278681166103,-0.4232058869652763,-0.1250885975532298,-0.971373940166129,-0.853270146280062,-0.43628855894929636
9.113008728617801,1.2351114215516257,1.015860910312591,-0.20290919816507624,16.958961295629713,5.089762168482565
-0.9110953259102633,0.09620766448728962,0.40412944297247005,0.40262957729537946,-3.4367894287741745,-1.2613663846497751
10.382122562754583,5.004975658034837,2.8149802072641847,-0.40903299439266977,14.412601107625585,-0.6762237836712078
3.948376174644488,-0.0019277702879605396,0.12042305668195785,0.9055596146075511,10.020070705948552,3.723872982590322
3.3515494024001304,5.407882989566083,2.9342017080336165,4.787722310123707,10.454900635951557,4.465346169938841
-0.5526994483781879,-0.46769249286280684,-0.18733446801776288,-0.19268464181543463,-0.4545259843624228,3.605569437038705
6.038230086022055,-1.4003750399520056,-0.6054093367352351,-0.47458786679163084,-1.1478927439244182,-1.1110535352546715
1.9582793188155456,3.715360155931777,2.1152593841141787,2.1975630666946895,15.513366604070178,8.975252371615785
1.1907315995181817,-0.3195789268629796,-0.07728327043110304,0.2431210362405828,2.6034765162113036,3.3166092840541843
1.772316384714811,3.781377390821376,2.0946130243202568,-0.687678247120941,11.481860995843855,7.061176180594782
-0.3904318096273261,-0.8320415815302348,-0.4020482693464266,3.739468785548496,-2.172211337915374,0.6955266757788573
3.1604481698978013,1.026761345530589,0.7904506915947538,-0.419115731968145,13.296181121298579,6.3500748636077295
-0.26512332325586957,2.7464837092919883,1.8583034259730786,2.5103715117531773,-0.22243052549566028,1.51067649680455
1.152257861693394,7.494054129828598,3.5118215623464324,-0.22118464793453982,-0.2793637929018677,-0.04038547507551593
-0.3202530664516714,0.4125297859192565,0.5085992977415233,5.73721518371262,-2.148421778237056,0.3254055514670495
-2.036933792970805,-1.7218701144173378,-0.7296365695293897,-1.8104352230168133,-5.7819651431988,-0.5163929502298429
-0.15213351892790175,2.3528210120718933,1.3522769896850766,3.322600939406784,-2.393929408236764,-1.230352763465615
-0.25656604357481594,4.56186731577197,2.473276812088325,2.698690801751069,-0.23741307646985632,-0.038437886166415414
1.3783745811587917,2.293327425824136,1.4159129827208266,1.7909314655987805,-0.843562832000897,0.3409050220775289
0.7821937962817507,-0.3461235877985318,-0.08425411797043787,0.12014333299566782,4.471116132825465,6.782621365036373
4.072925291397281,-0.06725873947887565,0.141631999950672,-0.14297058371719426,-1.096862194146996,-1.8746111109146648
-1.0875213017422503,0.46592031047312743,0.833666134057383,3.7265720059660614,-2.7332963410893414,-0.0646461098304577
1.8067269603826437,3.2652149386967126,1.5677041553285829,-0.23785106354552302,4.457910852446489,-0.39757075060574154
3.2629762171959253,4.4086549598409555,2.368654391030525,4.346898609600918,19.655756139333857,17.210389812688433
-0.08098831380392482,-0.6283002288448816,-0.21715928946149346,1.517655124476228,-0.5109491285938036,5.011184372051454
-0.42889164048267114,0.9232458810877944,-0.012822880695554595,0.22602427914690626,-1.0224717809271417,0.8021972105089359
-0.11939121850938586,-1.1144293852254301,-0.49867259264363295,-0.6987737662220082,-1.9779412724158,-1.2585631644476694
6.037486911547859,-0.13061372856695,0.07809980181652598,-0.13060143167716462,-0.7564679133399406,-1.2265283234113034
13.893801937489291,1.5121044093325842,0.6888057760538082,-0.17204077084011177,25.01116912188041,1.1298624670520419
9.82790326561675,-1.0657724663748147,-0.42875893339073756,0.019934280773182156,0.8375268605370394,-0.5641261754496414
-2.6738636061042627,-1.4407971708490965,-0.7054585461786153,-2.281552906760431,-7.09889870550481,-2.7211820908209954
6.616808412581364,9.108285331185296,4.607649099480462,8.121334136610225,24.433941679381014,7.967747399407254
-0.5583897654108592,-0.07674258092713448,-0.13032096676783778,3.861015055796999,-2.870031004091067,-0.7235197599209254
10.29618524085619,13.747966730136024,6.8429304903660215,1.2727196358678605,30.113980485048963,7.071222761877173
-0.13410016600579241,7.152230251577091,4.11641366438562,6.290143039085236,11.903796603239906,10.838717185208173
-0.8650219411828766,-0.08292954737790831,-0.051334608621653226,-0.8987134520464398,-2.5440513463577883,-0.31142250282547984
-1.7057006468336042,5.625959055902367,3.3437063803165445,5.234473590287085,-2.26961277488019,4.778338701260286
-0.5668755418159209,-2.8380979300414766,-1.2992298735756906,-2.5184062447002393,-2.792599914689139,-0.8748572646705816
-0.5932571512605617,-0.26376191093676865,-0.07819858334583814,0.4084953260288722,-0.7130260018810302,2.4876015342476974
-0.6194732272519055,1.6927881745886633,1.2287646595284016,-1.1156831380565462,-1.159081885928381,0.5434224481195724
0.2149248604323093,-0.33472897023726217,-0.07445638323355185,-0.7015010553422552,-0.5579932178283398,1.8051330680090913
6.735230596617087,-0.2888093393689826,-0.06787939094232605,-1.1300920049434215,18.762355561687322,5.26210293130285
-1.1611394420672214,9.243760661363758,5.156917603926368,10.183550440166423,-1.559466076548065,1.921248529462145
-0.6969114084692025,-0.7271975245190956,-0.2862757753690537,-1.7884749499532981,-1.7619973008852985,-0.9835277064280805
-0.14368636659485343,-0.14280980519459624,-0.03059812701648943,-0.3953864629831435,-1.8321158428272968,-0.2249569259736764
1.2552970678734783,1.5948343702629155,1.5065703489500977,0.4668371580374807,1.38863233813826,-0.28574570611710043
0.28543420756252286,-1.9768170209206333,-0.8324001628106119,-1.9273188228537153,-1.3786428460016644,-0.53263164837995
4.10064940053445,2.1008922659284774,1.3583693086831072,3.2164435986223827,9.50797612704667,1.9525662364608665
4.737616018759992,0.3570645354885414,0.5358952535534086,0.7187875478154915,11.979663098567945,1.6806277922231336
2.3309974179270947,2.1063627011629413,1.2375492767800633,0.43417488999866927,0.35782709832222126,1.5548823318345277
2.218196665630604,-0.2895047845784981,-0.07299197098109743,0.430561114594283,-0.4430774439098677,-0.4593493930085993
-0.2968949266934621,-0.15850569926926217,0.021248950197696015,0.6210481884179019,-0.35704514394657405,0.4178258897448848
0.3885063207316122,-0.3354414924058471,0.00046083241464722757,0.25471704004481077,0.22254468961856688,1.697395160372344
-3.4482643638684674,2.211531671350636,0.7399805489216533,8.329063081046353,-7.047018062757819,0.8576279246494999
1.422886462690554,7.327825232004422,3.527080598443246,2.2137726661948296,-0.43975500719988986,-0.26457045791652367
-0.6802449789253893,-0.3697957296930354,-0.1327139143959357,6.2844853469619615,-3.542244049600342,-0.22688660418455045
2.2544240065809245,4.53154722474133,2.393000398408509,3.0665223759595577,8.467008567392599,0.2903548370164076
-0.36028649944819546,-0.8220183769554956,-0.32083857609196953,-1.385963075603615,-0.8938047220710083,2.564098704846301
6.596634023689209,2.3665215571266116,1.0720312794385969,0.03997936172976435,15.218888813967649,-0.011048632342394305
2.320804978909816,5.290395588201185,2.8536105178214406,5.159133558423353,7.7426314831144065,2.467330852673116
3.974769596048503,-0.7891857355376679,-0.298110899418325,-2.815940540683298,4.571603890204396,-0.6836342716034791
-0.16169572339882268,0.43341754357650386,0.3821266796877508,-0.11740176517117949,-1.4417977825874377,-0.3697069297625071
4.395910862399577,-0.6168420410606694,-0.3083097738707381,-0.5259420234113253,6.618549098928547,2.336022374601087
-0.3429715477685234,-0.16108185798279673,0.16029006338178386,-0.40161257320074367,-0.6907625303208287,1.1894913342373579
-0.4936969083675507,-1.0036009380493363,-0.45685779107804136,0.6980175766280421,-3.8155182517120845,-1.344387891681527
-0.5575300199834292,6.59719802243432,4.30072480325217,14.09077285144953,-0.38502618589536,6.385261873895054
7.615102129953182,3.0267035743750133,1.6432810978206935,3.8818169521807526,16.55613439044598,-0.04073981097474229
2.1703716616768656,-1.074400307136176,-0.40356979098250395,-0.5688834104884171,-0.45002361057404566,0.8114170022619789
2.4222515112812357,-0.3739607973680064,-0.12008013544154719,-0.2186225634189991,-0.1556096455244931,-0.46390272621212036
1.7006463583607911,6.366932571641168,3.7901663659430653,0.08178287372709536,9.29843654890573,0.12185398048999718
-0.26725977663902334,-0.9229042291376537,-0.3497828760625818,-0.9792867752686045,-1.1201064453772804,-0.9697044832622629
9.421403445055972,7.679626403877992,4.4979157368531375,10.307564270297382,20.445400738699092,7.279602534516416
-0.23218826762016717,-0.5257373157832217,-0.2841444597900735,-0.03717899372228533,-0.6888970612274277,5.33388543347152
3.124510359319359,-0.10913762798133145,0.13898254245451763,2.9054876709942485,0.7115945059603224,-0.1421910771751306
-0.6348984387478513,0.7593641614278708,0.4711323364169587,-0.013857004742683211,-1.623115547001734,-0.07143301023635705
-1.115399319330844,4.24961446688817,2.4095479655751184,1.032108448547216,-1.6443048976546697,0.13294951367094798
1.3005611134458896,-0.15163319992419358,-0.056827805176493155,7.125563902818497,-0.7342878969158874,3.7543982816662185
1.9750584509782212,0.944486816310782,0.7481923675742799,2.465715321919424,7.656686636297862,0.21909252359878006
-0.17092728990587172,-0.6142472644488466,-0.25095351946293654,1.8292450168665353,-2.5229449010297706,-0.10937832582727554
-0.1441592091639585,-0.43912321476463767,-0.13192082573958075,-0.7195276404499493,-0.6799481746032545,1.7776709538950364
-0.5553469425066798,-0.1190059472410826,-0.030137264578385305,5.403474472625886,-2.309680574143295,-0.16022365559274193
7.437333552471013,3.405517899847304,1.9005037278687646,3.290027629227385,16.312962699076365,2.247240597942393
4.917769574986525,-0.046237925072808106,0.2568426900077259,9.5630356058401,5.606704896740777,4.326202796701326
-0.027116413273751406,11.373912315102489,5.643683786111929,2.10783279765199,8.165781813849197,4.03539529485252
3.2274699248981724,-0.3541667906177245,-0.14877775698998144,-0.5990471818688115,1.9546534678789182,-0.3590058527588831
-0.07389181101144526,-0.40480536151359997,-0.14597082935221156,-0.5068668237833842,10.061267667647156,5.883605470096019
10.543450542391971,3.8967732849837695,1.9741923911635275,-0.21717147863385478,22.18923734951492,4.243344650490541
-0.12714070007880227,2.391179271037149,1.2497889394137425,3.9594106538293987,-0.9821423541717617,2.3148574427784707
-0.1468574590242885,9.447575891002407,4.929128684427701,5.053879595201749,16.910487094409625,10.781252326703838
6.950990485692638,0.2950339723725026,-0.0012784421478705622,3.0472121497404663,15.254148342860066,3.67537016252278
7.225685101366905,-1.034302292172837,-0.5796504016397859,-0.2954955547008474,9.07300779860561,2.1620496016493367
0.6778803018890224,-0.9511729854902402,-0.3721172413382166,-0.19755325703286727,-1.1327293154537936,-1.021793835532209
-1.1089762205028004,-1.129610737774603,-0.41291584174852114,-0.6235823292084475,-3.633495515314281,-0.5572855954638499
-0.7724148521850491,3.9251836111128053,1.8030412651696721,0.7596519248920561,-0.3249095471376999,8.491887564242687
5.772628801005182,0.7507597031944993,0.3604277919231857,3.740672051370616,14.258009142194995,9.256909321236382
-0.6816262150011902,-1.0774889440405604,-0.4226490506695547,-0.16984979563074495,-4.382955698688423,-2.398102607630584
0.6300560110311663,3.950024618714583,2.140885517381745,4.94034064418794,0.6827598435388952,1.280456724710674
1.022285736232688,2.1420000093490033,1.2728294434882959,1.8008888607279276,2.5321564672420234,3.544103230805141
-1.020129711963852,0.49485226257906,0.7893435845859664,-0.14383422870988932,-1.9245910979299912,0.9254543012085115
-1.4990807058404414,-0.6056855220402017,-0.2727324089086653,-1.0688944981481854,-1.2467682700201763,3.5821763978606205
-1.381389443845516,-0.39967041177672713,-0.1302454307888611,-0.0234825495287909,-2.19616084929782,-0.21940832982571146
0.23858554754524153,5.69820059346746,3.399594648966772,5.1270877132868575,36.81843653105999,28.082210757796037
-0.3217726586850662,-0.8015535785661991,-0.370260220688073,-1.3538021984081061,-1.644618440704705,-0.9932773040883103
-0.24947900461415162,-0.5122501741918941,-0.14504532788201555,0.6391389696529866,-1.4375751316510332,0.1640036056398978
14.747841176726027,6.602142678468513,3.4751293930162896,1.6544488087133926,32.17561636715532,3.015324727059463
6.283715228664354,10.485339381092233,5.324689986062783,3.810487730416277,9.935283845265474,-0.8516469266543748
2.3228378229365587,-0.08317388847306287,0.02429193426738463,-0.4631761622005895,-0.224957477008899,-0.7120502565618039
0.907926533446536,-0.6848726753456066,-0.18699708949657068,-1.574421990384874,-0.4542153044306534,-0.6199557271918247
1.19112369289274,1.8873625162502496,2.5074747731174067,1.7956843815935792,1.0386334611083148,-0.40712645158434385
-0.25916840134662195,-0.25706680198021586,-0.06322716484151551,-1.2265172315298687,-0.04321115899912878,-0.6695005190808585
-0.37648040223646695,2.001032711817395,1.253260513106624,3.57973974634242,1.2211916804326055,2.5437979937164226
4.4279669288749215,-0.14194287787201704,-0.009666782567596389,0.4995402797587507,4.849636212673783,2.182987836664155
1.0806875088759367,1.9564856136830864,1.1832780871486288,6.52137773884984,6.449617374746742,5.682098667467807
-0.05866528128507116,-0.26410830156873283,-0.06813301099767553,-1.5334556453566182,-1.0673796149952404,-0.722840273602326
-2.130152060756963,-1.4658064058135838,-0.6631073388379746,-0.26983935629341355,-8.493088000584516,-2.6500922327037704
-0.9116900193792365,-0.09928597848562422,-0.0504784783276268,-0.8172496812982644,-1.838370237126374,1.0703759236525952
-1.479962922229947,-0.7477087576107944,-0.25759787170110443,-0.6594993402169916,-4.1591314066076785,-1.0222769365652882
0.7655601675709414,-0.6242897379060195,-0.28421854051159773,-0.7729150190562009,-0.9138847006444071,-0.8378864213910943
-0.3044541163507222,-1.2531701822241752,-0.5291421784284098,-1.2443507708297237,-0.2963014388446881,1.824812741095225
3.430708653159704,2.967993200510788,1.5816939265620817,6.307019315874588,19.526008503501266,8.300499102184277
-0.6943675595595119,1.7048533763063376,1.3996270142431726,4.576553766034729,-1.0124329517192698,3.6330912175257355
-1.816267864538995,1.627519502053866,1.2295783884488798,2.2317826718836455,-3.0797564645832183,-0.0725097231463292
4.696956986528887,-0.22179932385787515,0.26056721146132966,-0.4527138029591784,3.8060071078054585,1.1406336232476333
6.0331358840288125,7.026934960317268,3.813037822234581,8.924587579510654,32.87597744468668,12.62099559001064
1.60953782388362,-0.2698110786598033,-0.2351895145276783,0.0834471988371347,3.24497501667775,-0.04215516981612615
-0.12151390866434807,12.701182142719857,6.4835256663509595,-0.20099598330659513,15.71930117272742,3.8954362191162497
2.358528247980849,3.38932535266781,2.0793147092355344,2.409514557515105,-0.8966594274670134,-0.2771424920901065
3.4561452724742603,3.163862860472695,1.9315196555155896,1.417402077686804,3.0833319865409905,-0.030275189684251247
-0.6009060035984171,5.571579565781392,2.950125801105398,1.66035098842963,0.9746147235773249,2.857412476226714
-0.8223066302245473,-0.5151906405640332,-0.18562707148228985,5.882837908273056,-2.3463286792935403,0.9946368449093577
1.5567726048891657,2.162515965741131,1.102760254795843,-0.005083522182280743,-0.6412899166802886,-0.679967015430713
-0.12159624177731164,3.2386351621679994,1.8614519817584485,5.88940262078104,-0.15795179966622375,0.4432431025989919
-0.22759346496914148,1.544979906657788,0.9823709990760066,1.52168519625456,-0.1681005997577929,1.8924947988293086
-0.23184749987910058,-0.6298373262947874,-0.27516782024560665,2.469851664761417,-3.264556060365827,-1.2262008164110088
-0.2403000266764495,7.344126816303088,3.695492073172599,9.861753955764947,-0.3105573643695572,2.9489391862632326
1.8625426525924986,-0.8805897868637464,-0.47247457576042423,-0.4740573493019511,-1.0560757567164234,-1.2913913580414196
2.3675758477875375,0.7065950633978986,0.5585014727622617,3.173231758839515,12.963403728628071,6.419684623473689
0.40940559295095,-0.3619841295405287,-0.05864331799057714,1.696132112493974,1.5793344653066819,-0.012846048706418811
2.927458428146341,-0.5970963648312221,-0.22615217488226036,2.3208881856994825,5.4923615571380235,1.2552854958902655
-0.25462035007434153,14.039885660328695,7.098272442721343,3.879208928949149,18.500759795368314,7.787947687025141
10.821245123249813,4.316677974571903,2.3553192417242714,0.40091933442489464,19.172016245831507,-0.6332381582092762
1.4019273427644499,-0.9650328209556117,-0.42545379000790684,-0.27920339002449573,-0.3432752423820672,-0.399550800023417
3.216512231371662,1.3246306446511884,0.959556717302845,4.029286412399078,1.4707214812718103,-0.689584025575824
-1.007579863945611,-0.507683503525389,-0.1750129922207084,-0.2585549863129631,-2.185375860376563,0.7785275563373014
0.1356344386716387,-0.13484339394948572,0.5601168713405293,1.0064678116678631,-0.8046377857940916,-0.3715406043646703
-1.294667047960222,-1.0364918991346799,-0.40524030322989113,-2.174782057892932,-4.087669858736663,-0.6565666612198466
3.6860291416696587,-0.050175875931017716,0.08001933927923666,-0.5565620276567448,0.9541453776948443,-0.8742681444518697
-0.7694242773177458,-0.25201089881322547,-0.07127682466951657,1.6464882841206117,-2.428296938426361,-0.21164682212122982
2.1554162734241062,7.045907728930217,3.9450732819002416,8.091182783364967,6.89928541990422,0.8670604266494368
-0.04758499018632221,-0.224592701471655,0.06940881319613035,0.6307968672340163,1.5976037292783887,4.83126941485413
2.1296704792694987,-0.4464248387031532,-0.14723963815688595,1.8907188953874,5.840498997127421,4.292259524061991
-0.12844608888021244,1.3801399182139478,1.574066033774352,2.5807703522148,0.5164801185608784,-1.3369974447074515
2.4829230881864675,-0.7120982439361467,-0.3174474397073923,-1.0148329736724744,-1.1780921905865256,-0.9269765317522425
9.510043858294315,2.4133104389257323,1.5000501586061032,0.6836484165910595,17.597131521645114,0.503189465378721
1.8008510112231482,3.5913015066169254,2.0206535268502233,7.299893199553422,6.396416694321975,0.9120258743703178
-0.36330768614799264,-0.28243925595612007,-0.11020845508681686,-0.39177770663858513,-2.2342802402388555,-0.7459558701644874
-0.36501709838652585,3.025975246688863,1.6859996431408262,5.899487589599036,-0.5359516749289877,1.0008304018267224
-0.5847883076671295,-0.26247130318201395,-0.0814459789556493,0.12936307533165992,0.8592992348785281,4.209475372969565
7.325345626966259,0.7454440702693366,0.9735975940655996,6.656854429666253,13.710951775384087,5.748384406152795
-2.2252211953420793,-0.9752679930692079,-0.3696820665831793,-0.3044794756179306,-3.806670950851231,2.8814884110085863
7.512504123707225,1.3265035996934773,0.8452198956121955,-0.4093649170813521,14.746858727243115,-0.14496045616457495
5.853670854589211,-0.09241246111825568,0.04172895103024521,2.8177182449009566,9.328883522504665,2.426555014523275
1.0833958750659445,0.5473636267652848,0.5669875656260872,1.0800104858740338,15.581827232893021,11.958916284294608
4.913264577434717,5.0883434112248915,2.5964133382673307,7.925405357510062,15.447584993914248,12.002572428267577
-0.09839900932427695,-2.742480128275259,-1.2042705005136582,1.46218309909847,-4.777260517382792,-1.421607078340517
1.5104377536079823,-2.0883066805438566,-1.020800851640698,-0.5216540775870921,-1.4041661913022447,-0.5159760850444102
-0.6412424384500955,-1.0261699773991697,-0.4422485541352507,-0.18533663897279587,-0.15630891553535142,3.107479664555189
6.247580976305037,1.0687964933887788,0.985843827467967,1.7714314732429044,6.98298459684446,-0.05209389289153852
-0.9224219242830811,-0.9577889600922141,-0.4343953673351655,-0.7061169354464524,-3.1552185460998032,-0.15813890944461903
-0.9985555142781138,-0.4386931199694032,-0.15641542731911695,7.876175000161979,-3.8788686774502055,-0.9633328640660258
5.381579073563,5.830609279956282,2.883527340698014,1.490800945243595,22.79348100215702,2.3582832389382222
1.0246450505285154,9.012960178707553,4.676572074415987,4.548359622445422,15.834374433852519,6.1666177057386475
2.1586315881762013,-0.1401345838173371,-0.05021970554733712,-0.5245286623552812,-1.5984749977140726,-1.6213039887541212
3.249232356283228,4.646357994786256,2.714563423336193,0.14419156836451685,8.773806646937924,2.8553058212677227
-0.07566292585820666,0.6328446081748766,0.7113303298866619,4.35919558784384,-0.6229857443055856,0.07078711113407365
5.81063754871478,-0.14433500797012708,-0.08059258695675786,3.2056024096002274,1.2237839253435183,-0.8784473331929071
-0.2606495710403888,1.7653994194874927,1.031581089046711,3.684174058227292,-1.9658006004062334,-0.4595927179438974
-0.21693824845893483,-1.1851169976988856,-0.48316825119247153,-1.1343641295001115,-3.608329778012042,-0.6260382807754028
2.027801671737828,-0.9177380876850002,-0.3806628957191951,-0.5150422824784683,-0.1898681948828866,-0.26592736725447774
-0.2804714869900364,-0.8460019488364404,-0.3739847897341439,-1.0023734663151675,-0.14513101156916527,-0.25456953228729123
1.5579412440447404,-1.2688414717998961,-0.49574300016295664,-0.6252436606862024,-0.08188952043680423,-0.2635073031207241
12.561345586637035,3.8890512825735897,2.076622272269604,3.1450660778376562,21.676906387606344,4.108731369948577
-0.20900382833185233,5.416995094975198,2.789265067589239,3.7171717869635206,4.01401547242341,6.628754005380332
9.156470445071433,0.029202128559474128,0.17134081664797335,-0.3212583386130764,17.449269986470373,0.814612343456348
0.6581488928810066,-0.4824218236798622,-0.11925162428355725,-1.863444829533923,2.0666742405725085,-0.13815100675400133
0.641024645409168,1.1195240957417854,1.0694158899272304,-0.5501614544064601,-1.0218122220496741,-1.1517751139330688
1.4952283969905582,1.0025689356710266,1.144792885497364,-0.04972695648477439,12.041872756095092,8.857185084048414
0.9350834652145126,1.7293623926318888,1.4606154229036004,0.018610699706029687,4.540796869601433,3.5536906654732334
-1.8465874596687386,0.06941417770758973,0.07181196262031098,0.262237141275353,-4.1808057392253195,4.55938785485175
13.829356190037512,2.631156997986393,1.6928093126850339,-0.1190082613285418,28.012340793109733,-0.09987943042043185
1.1110050304484882,0.533937193333413,0.5874025664364896,8.74359323926381,-0.4375857162925394,1.9985245663376294
1.5459570559863431,0.13169670299253283,0.45800269711979535,-0.5035446727670971,8.864049683078271,6.741690750856224
2.746684254880858,-0.6962261353950248,-0.2898045255645532,-0.9247307598234091,4.3089496553808635,-0.4550151537251953
-0.8850586315147906,1.5550861874355428,0.9908024896474233,-0.7137495623178323,-0.8509279554204309,-0.8778260327279187
1.5040777185303882,1.2519296982344406,0.9602649484513985,1.6964082812646937,3.068191503067865,1.335558299598104
-1.1525806941297732,1.7762723463925512,1.2159159197493576,-0.46675626193101555,-3.136759993661162,-0.4252303751930162
-0.2967152310439523,-1.1771499547250257,-0.5105912106354612,-0.26517923875335153,-0.7556168566838745,-0.11625893987067477
1.5275487368730036,1.4132242748569013,0.9264391804004102,0.5642793142705333,16.019222333988765,14.960155228456722
2.8295479812812845,3.479405149472831,2.0746454245225046,1.6921510889778228,6.128022407912673,0.6558778695012955
-0.6842169173404333,7.922695770822693,4.837035773806162,7.045607663930747,-0.9130219612950343,3.677484812965319
-0.43134349110686937,0.8109685139136973,0.729716475231903,-0.31408197029024965,-1.2982470956858636,-0.1395592937371767
-0.1809619468740905,-1.182473023822508,-0.5401752821416187,11.220981517371955,-4.465070244318744,-0.6927776875786553
-0.09425945684931542,2.5811217672821267,1.3881442131647153,1.8526981877389397,-0.1740583582229097,3.3335461144023704
-2.0253118643490664,0.8502212961079954,0.8582761085517671,0.510231711467535,-4.743032019637947,-0.8106423531093748
7.8387210535374505,4.869145375913559,2.6460723552387253,-0.8115258186392413,19.749987707737457,0.03720662881514447
-0.2569041051036031,-1.1379134616423012,-0.4342490257501,-3.290029392761877,-0.36001146398938516,-0.7242782483131344
8.869908172352918,3.0456019523055797,1.7931575403752018,4.866664736930397,12.308943307747489,-0.36699192703334305
-0.13394012586752715,-0.02880507016494012,-0.035368257870586665,2.570456469718895,-0.5667714389183389,-0.2326736301708245
-0.016159688011789488,1.0113216086869279,0.6531381589134229,1.9163450389218715,-0.6336174372903557,0.7104257614107882
-0.14727082411314737,-0.04682835914334491,0.5530685656897824,-0.5082676106735108,-1.5242444202397625,-0.8679252785458949
-2.496182220342804,-1.0998422320125536,-0.41675326132726626,2.917417571694621,-6.055255873181256,-0.1782208792020391
-1.95585005167618,-1.1671233872837374,-0.49917577146047515,1.2737297817963837,-5.814611471428708,-0.629060152327954
-0.3161163888027146,5.326207490382914,3.101864264274001,2.022068911608889,-0.46958740158181556,0.14534051175733975
1.5783106880450868,1.428091655203466,0.966994610838336,1.4340749465868992,-0.8101324472479631,-0.5164534883658608
6.229261989711089,0.6841599894863278,0.5215665143048405,-1.1526828356076624,3.9484836349871775,-0.6342183682834706
-1.2314919642181328,-1.078532197803918,-0.3997307959350005,-1.3505461317780676,-1.508740568946668,3.5832825935884234
-1.038498262773559,-0.2917217994535832,-0.044886851242098326,-1.0788820477756038,-1.187021157522303,3.900687204051544
4.239649615713732,-0.22577989355810424,-0.08679632736589814,-1.5211109666273224,2.3171948719542383,-0.9931124668368551
2.0733160126858996,9.992709348438284,5.474975393659252,6.130318629274072,11.803461894788404,2.529154546525315
3.2863782971938917,4.777984766401415,2.79726190117451,-1.7216591063015867,8.248862514443957,-0.11257581507320676
8.975207164640834,5.731845301336997,2.9086605281721587,1.0098160571565493,23.467410994994275,4.453280209298606
-0.2190170786302352,-1.0834008902905379,-0.4642228367099668,-0.47175285598665995,-1.640747213999626,1.1375493788390216
3.675017714424273,0.8476258898344751,0.5626844260828644,-0.275048013548395,5.491613212129557,-0.39396741536410135
0.05683864539785699,1.1810094032513594,0.7354336649929409,2.245562471243707,0.4630565586442154,0.6684792340043109
-0.1819697412522026,1.657776508643547,0.9935405282902341,-0.28907613955448047,-0.5459751327121704,-0.46534921560820025
-2.969374198725358,-1.5353218531250168,-0.8011556307447947,2.1674265192695628,-8.707227186832752,-1.2992068726144421
-0.8088940260664655,1.541405748847101,0.26976824974860425,3.982812809210567,-1.512252083184733,0.5102406230304188
-0.882560156954741,-0.5082823989704185,-0.1760323019100961,-1.467999371294634,-2.1828032355830813,-0.20735298756177498
-0.8428218642327814,-1.0619424045381938,-0.39967685212280807,-1.117420081655546,-2.871423392066621,-0.5966509674544561
0.4540500142818504,-0.9633738824418163,-0.38849782499509405,4.448098079088365,-2.78824068365943,-0.9496229640825335
3.205046545331858,3.574554454312313,2.077583003225203,2.818947519495163,4.770172926025139,0.36430523299355166
0.3515507199351311,-0.44703142759651177,-0.18397538308927724,-0.08754412882142254,-0.012249507935859683,1.9780140468109542
-0.41870197187922076,6.683515775607386,3.0813884148345987,-0.38696931358203757,-0.6615801599226248,-0.1546822113142038
-0.1904396274091512,-0.9081341346085279,-0.3906931011908407,-1.1263948904130703,5.386790262348822,6.717069437057234
0.44870915272790074,3.8117052428146376,1.6242323081088306,10.288243707739229,2.7543394395225067,6.7591923875059745
-1.117056084450099,0.5835166244199236,1.1952762082003172,-0.02809309400400746,-1.695190008784519,0.06339141203686194
1.895475227519008,-0.5648773793183979,-0.214266239494826,3.419578488304251,-0.006051654307141741,-1.1761065001432038
2.2667320047004687,-0.5973377291800084,-0.19387064237907456,-0.9486192099201821,19.049780686555927,9.962061025811222
3.471564003904822,1.8303119106514396,1.0087652796185393,-0.22223643997532558,8.039646745329897,4.0567983972924795
8.065060383680116,5.434716903188264,2.9202072102678813,4.820731746152475,20.01005154046309,3.161994536482455
-0.03060208762373695,0.5334928702992929,0.515580842759557,-0.6839524100890423,-1.0506810637791997,2.4023081429657056
1.7998933375222765,7.808399228558342,4.547304315790086,4.863500831819843,10.667581574745245,5.504566242411086
0.7716615504113437,-1.3513409937180854,-0.6054014326762004,-1.2721738113457968,-0.8351935028530895,-0.28702074707628794
0.9486533326368359,-0.43677108108005386,-0.1717794139167031,-0.03242627622568459,-0.4011467468045611,-0.2623380789976277
-0.8864513652244241,-0.2584492608135288,-0.1025599611967504,-0.31178758176815885,-1.3694425000125747,-0.45375541651689755
2.658174820258609,-0.3498433051928288,-0.15678737993699868,-0.603675478128396,-0.43217353723863283,-0.05670241727775758
-0.850763524196013,-1.4721934151187848,-0.6246797372362112,-0.00010458641267920844,-4.124067875532753,-0.04481037314934462
-0.3050659729504934,10.882797602384946,5.902474493280496,-0.3763057587554501,11.66880181293475,2.3856899702100662
-0.28918011589903975,3.206493350424827,1.4850980242638345,7.1876615497102545,1.4463785653503183,6.104651916906632
3.131380295597909,5.187579968131002,2.7206592770326186,3.7759833822384827,12.724866355356657,5.731600718771451
7.1382128886745875,1.744983263363575,0.8317483001887489,1.0835706622341341,21.571887995776027,7.083835439267706
2.878461241372448,-0.15758524086071724,0.07729174597091559,-0.5739586042735558,-0.5074306346931552,-0.6030108670416983
2.092985820849436,1.5726723649099958,1.147082968243926,7.266914427905015,0.04584084088414553,3.986035761732028
-0.40411847354979574,8.06216936196775,4.129228267383478,6.1374817074222445,1.7522285252167227,2.1711969346083873
3.8753776963202897,2.573279333323804,1.7389480436002251,3.326660416006032,14.861326095534723,0.4044814874075761
-0.8337083826261931,-0.07979217466507874,0.4270824310847973,-0.7080942356052313,-4.876501284686599,-0.6620639414118564
3.387419557677302,4.536435710299512,2.4887847135895296,-0.3567412141085087,8.618500237416708,-0.17146878176131583
0.7968480911778353,-1.5708936629772123,-0.6765451484462743,-0.17083362249553447,-1.0606081564212897,0.6701191372790388
-2.102386459549776,-0.5773264749546204,-0.23713316136591522,-0.26116234287431683,-5.3139146576491445,-0.5143992883693704
0.23574370191311445,-0.18987317297092465,0.26108358739985216,1.692865738847384,4.199887956616363,-0.10600250427180997
-0.05384123456052823,-0.10017229853384013,0.35191263418470264,-0.8546916001763883,-0.09664471678361414,-0.24386945589035838
-1.5880635989665928,2.3453631637156582,1.3663615143531638,0.9619870985481012,-3.0079604048266084,0.7645138618564384
-0.45197232067035586,-0.16685955957174475,-0.020461412781018342,-1.188798457123826,-2.365281315913158,-1.799953758832488
-1.2927520435349542,-0.6426138434695391,-0.4061611352664102,-0.7886406467820644,-3.2907770092431985,-0.3251184430768801
-0.7156641467427248,5.961511570470464,3.199228896843955,14.082339595251204,-1.5066927532510899,4.354875962348589
-0.25842381254990404,-0.29638953391808104,-0.09680499217337393,-1.0618514482083978,-1.423701846950627,-0.7712421886885784
1.4488996175579691,-0.24800894063767212,-0.10435118093216658,-0.32887536716421883,-1.1096073900545689,-1.4238884608664995
0.3002639930231786,0.6595796709958677,0.8929581298480893,2.0874630045586278,1.280101508437189,0.5275356554480943
-1.7802199764808653,-0.65924567704056,-0.28311437351821234,-0.2884534438661818,-3.9299076864103215,-0.28418125608041644
0.37357235281394163,7.34535189993396,3.2754160467824125,-0.5371487706795115,9.763627819160181,5.370749122739607
-1.2394695849596373,-0.5351899231874738,-0.143976447666279,-0.42696420714873895,-3.092666798667823,1.1479119496579093
6.372757169017176,12.320005766348487,5.583500149817287,9.91904973165594,15.336556200207166,3.5295114948376307
6.48079952104816,-0.5520673161226594,-0.1580360149004889,-1.1426487134512688,1.174657323593072,-1.502856812295472
1.3903160424716408,-1.121450945233377,-0.44485466276284324,-1.8950074340050032,5.071499762730237,-0.8193114771058229
-0.25073910505026065,-0.8585351887529289,-0.3876827413393398,-1.3596976822792164,-0.510800841076272,1.551230215411651
5.890941730180686,1.1549578917073497,1.0179199247290769,5.82075067785584,5.819179052204836,-0.5911416872232701
-1.6834015247248832,-2.0918601861553068,-0.971145024924539,-0.4205981643976429,-6.484605315539269,-1.670630585480349
6.381476298168012,2.434314322295652,1.4655851482082882,4.2080941580196525,16.331350493350083,5.010157140147821
-0.24706232512486112,-1.5270944472623977,-0.6956977052013711,-0.705784314568993,-1.9676802251035703,-1.0314599491983365
8.799237982774855,0.7216379562106092,0.6414689700338093,-0.9337633196426064,1.2333842330218856,-2.631248145830252
0.4587157262818319,5.1829337095587515,2.7088988996377443,5.491168049374742,3.56037329318618,0.9517465004008496
8.509340967232765,-1.4733581722100226,-0.6052395296776085,-0.7543788887253751,0.09372473281702065,-0.8708580858245109
-0.4869847430303022,-1.1165053693988856,-0.45187625793293207,-1.5964673778492358,-3.1363222498176677,-1.3587830963005971
1.3263066157555379,2.092068082756659,1.4624722653407187,2.8152389723894036,4.594633618384109,1.6436612937482753
-0.24372266172282428,-0.8744267768347973,-0.34157259947649515,-1.2671596478441067,-0.9591268225144172,1.022816221309506
8.418787600598028,3.818144237445944,2.0244761927514983,4.9928643589173545,16.313674576855874,2.7921675830260657
-0.09208225231931011,-0.11171937189306538,0.09145037589349714,4.511275177809844,14.100090984389896,12.525143310260145
7.6715908561970005,-0.7613094043076805,-0.2416506535927883,-0.28703424806933187,15.412169604604092,2.1764107207960173
-0.44725094438798263,-0.8967524004652878,-0.44619133704966596,-1.0786393532393372,-1.9935844878567606,-1.1107686949726674
11.605117894902616,3.0500169864032847,1.7590669265777883,-1.4800317339037603,30.07887586359307,5.366839071522842
-0.2360038541319358,1.7256339231664573,1.0889088055154879,-0.483501608632508,3.2667169031894097,3.643239804771877
5.68425775829684,3.212301120063565,2.0139034011561954,5.669291400651396,15.446942675364628,4.966838510375185
-0.8875887768770174,-0.4356602005832014,-0.058576414024938406,-0.4043753234184248,-1.5436886067060243,2.3826427146596743
-2.834441784639748,-3.9406847285922533,-1.8657306824647837,-0.7647340502023326,-11.45088013862943,-1.36093610246829
20.911988048553216,12.869811454006573,6.315368692058495,5.0569977564610555,51.112572042614886,10.496107558802962
-0.9398708785694039,-0.8334816249332686,-0.33416217000944864,-0.09574379847542716,-2.4418406316589376,-0.15079514892831747
21.22341240183075,8.733736565806154,4.394490747991291,7.113467019852861,46.290612706326975,3.800814980383671
-2.1535807747013074,0.8073640342869471,0.7585472386217728,-0.5586055266904266,-2.7250062948768177,-0.3679434754229229
3.320496650694583,0.7187839941223158,0.6520580692095986,1.967689920737268,6.375920397754175,1.309267521522624
-0.12670890681849195,0.277083774700678,0.4379176973096651,0.21676105555669156,-0.14466514818452916,-0.08173039290565623
2.6956147856027597,1.2996365263507466,0.8671549324777397,5.942687537281787,15.250596103607872,8.469215623285647
1.4348479411113004,-0.9042680330896897,-0.36264829062964204,-0.7918894087079749,-0.946705162137369,-0.20009559673836366
-0.1847882897934896,-0.8134198121383105,-0.3572416925674558,-0.685241828502586,-1.5308704569726224,0.6564999766891586
4.513544064491715,-0.0903426566565355,0.39450478354565727,-0.49567686911636566,5.661437181315762,-0.33595173379792626
-0.5614495715052795,0.9256903528316258,1.002476031854996,-0.1230954468316496,-0.2821977248279556,-0.30151814922971476
-0.7421955031164519,-1.1026815114068518,-0.43185497570332265,-0.5445028480098236,-5.057725440339577,-1.282344012290441
-0.5193477493721501,-0.9996901099832747,-0.4244426878105609,-0.697002482003251,-1.3527757854794389,-0.2951958251469972
-0.12609049119645996,1.3956191004340313,1.1625827980637244,1.8516158546296646,9.28206527712392,6.429332925128242
-0.4612748380153406,0.26480454917018875,0.465987106318971,-0.16312448694667137,-1.1558438646757054,-0.11862924283183998
-0.6493768461745694,1.152117084124963,0.6379688435709627,-0.2498821952742316,-1.3828896761634788,-0.037819837644934684
-0.48549630144615197,1.320021962260604,1.0969230164691903,8.34539681892027,-1.657365212778351,-0.029891646547271323
1.8069507948015018,0.5849962298759809,0.7484495925856549,3.0076825563455216,-2.3911289735523877,-1.2646794532723435
-1.7478314883654271,-0.593960064745837,-0.1950188575419538,1.4602471772604835,-3.432290804864693,1.225368547537371
2.372675678459455,-0.0166113576535041,0.3136367901893094,-0.4577242291207371,0.4579709217870889,-0.28639986996919453
-0.3621415673826903,-0.734348115058008,-0.30580962643727033,-0.14200959944456493,-1.1219966709623306,-0.5588009123369793
1.7728149386811138,2.467762934708488,1.8065128451003765,4.990615187154914,10.671563094771965,8.468600910090673
-0.5676526671006562,2.50811325991237,1.7353537658660156,-0.30928297103476765,8.82307626865768,9.169600278426596
1.4064022852239182,-1.3515400148606074,-0.5924860564144329,-1.5698575979183154,-1.8591713622708999,-1.25951328195533
-2.5098156799308162,-1.6612878459024107,-0.7245858329544692,-3.6645202046762595,-7.783583992920086,-2.632618671729972
-0.09750105007076498,-0.35050993800289065,-0.04282340321250031,-0.47690413668699333,-0.37520373736742174,0.8743106967329899
2.34112235096333,2.1008723228131783,0.979276168617931,0.4257575284623997,8.934125761843143,3.9566605637724415
7.579261275501959,6.246320442216537,2.7478424852599934,9.513153477790231,9.787422138932932,5.400899180095894
2.8959291442648283,-0.6081442497126924,-0.21314665423513005,-2.2108826609154804,-1.4082206593833562,-1.9974670670181855
4.862767906756297,-0.8193116727531038,-0.3281353848139074,0.04787256296249465,-1.332289608309408,-2.0780072599679675
0.7170297122690221,-0.730956286748875,-0.27075114600510347,1.7155304404191647,-2.1866176993106077,-1.0981565535031514
-0.16744278419722375,3.451364217924696,1.8302857898058345,0.9040432669083109,3.855756400280052,3.345995763893332
3.8800159924761672,9.564353903619569,5.10712920383821,8.823208310068171,14.842445175502576,1.39657825152127
-0.06317282144508987,-0.2042694134746829,-0.11140050376018827,3.010305678033438,-1.7962740569931563,-0.5080680058579841
4.5440139885555135,-0.5149436207962655,-0.17268378194164408,0.6685986372244079,-0.4607420431881387,-0.6800972026665266
-0.5290951203904619,-0.22588913063996943,-0.0036605214826700427,2.180382714687015,-1.302798402759186,0.4832748760312452
-0.27811815683939994,-0.15411989313907715,-0.008997670982318007,-0.3231339238712313,-0.878475352001378,-0.36155496160392875
2.598646559016989,-0.2909499017436297,-0.006835488309558291,-0.9738412933579362,4.468149879934992,-0.34292674194199724
7.282866183074125,5.360006174879031,3.1671848560614726,12.44278569379982,15.257813853219211,-0.0014318250703400316
3.3739250442522026,0.9021145424833173,0.6793920042527968,-0.1331864114593405,7.932358104757782,4.25821146153151
2.510210684898385,-0.6016480956950764,-0.22323184494634152,-1.0414447360214651,5.2808064656719935,1.2014905267553613
7.393145629689035,3.0424570296774367,1.813744452964152,2.7739836166743963,11.65239649307365,-0.29372962599395397
-0.6193451529086217,0.1486776172438658,0.436667473986594,4.113039745766812,-3.0000114209293383,0.008510533660390895
-0.036888900667519535,-0.18555580734678395,-0.28720883840097455,-0.49603763391040767,0.6462389576064486,-0.04280577226535514
-0.33576623484203316,4.129702446543682,2.2937782435691183,0.10829890074315485,-1.1935282504045746,0.8615328174245434
-0.6455276139426666,-0.6376580152142752,-0.2822382216841332,-0.9815481094342392,-2.452622600189235,-0.2514329318357828
6.642256965190885,1.612552714764635,0.8531021107039862,2.361021912410549,8.503587609420805,3.220676794370312
2.500425897051403,6.469704834657492,3.1355476510118283,9.974661462940002,7.6791072466398385,3.6518879271827798
-0.5477446154355503,4.493075732913396,2.41627940757277,3.385715057166693,-0.11830373495056479,2.0332509927630826
-0.3941412339730819,2.8362953877771644,1.3770996187337787,1.2651977595079236,9.263140390443485,5.610828236540976
5.3387874795908985,9.67088225865645,5.346691022816488,4.321214344981074,17.242375512348275,2.9002332932517083
14.987191578886026,4.369968981783129,2.773492485018815,0.34178533427755026,31.653306365166944,2.3264468723117817
-0.7355483245014706,-0.5119286778199237,-0.17419036836994028,-0.7828740520215188,-1.3606148884741813,-0.2467730044857317
1.6552858236346948,-2.050286503725542,-1.0101491745329534,-3.0460858566217865,-0.25980030442684676,-1.2327944380124478
-0.7937231822176971,-0.5398801243014133,-0.14062478933585276,0.8088888329740962,-3.05638172703301,-0.6478448243442746
6.469578325072928,-1.5449477528104485,-0.7778136007891656,-0.9558383387848093,18.603033311704056,10.634177253339194
1.0470856767126644,1.159527360170458,0.9717138107550386,2.405175028831331,0.19869328181159002,1.578911965913456
0.5903507047018327,1.8426745541565062,0.8338563656641144,0.6397756680164178,-1.8745286905535672,-0.8441461230413627
2.5800272670750957,0.7993528523057857,0.7213812938010612,-0.405652672901198,7.304543390197556,5.496074566424774
10.831759551190451,-0.003291268067021003,0.40226153710370494,1.5877856814022167,17.789165832263663,3.020509277231673
-0.07198432817219698,-0.5341295193721624,-0.32030669915402243,-0.8406557052963546,-0.011541919617093188,0.03597233819370338
-0.06689643597744825,-0.7227851413292942,-0.2791151032969239,-1.8927280785361291,-0.4696174229105001,-1.386263416602977
-0.2290219130031105,2.6726556687721645,1.0591719629894416,-0.38229826014768653,0.814798474277914,-0.34001212450132123
16.20092547028764,-0.22522812390755825,-0.06311342124569908,-0.8482880789665304,25.18359778498118,-0.30887107117024537
-0.24172678128571687,-0.22073297387327193,-0.03543015206545679,1.037819509478104,-0.46787753539429106,1.0686782796969063
8.590480516031258,-1.657397599393191,-0.7647641145934403,-0.3279229766764824,8.119303795107653,-0.030262425696609377
8.617565572258385,-0.3919731907994295,-0.0357499634078458,2.344719614417018,15.472005916927813,1.0201062093325222
5.255959712113298,3.800525249671301,1.9955538462641034,3.3687762646642234,7.950420863237614,-0.360041480235995
3.033752199941401,11.155775299445397,5.434468000764096,11.546262267312693,23.030061536606386,13.586197273167334
9.514283620485513,9.995928101421397,4.989903422230344,11.938303296976205,25.611451342926237,7.107808531072813
0.007091691525513699,-0.9197285373730868,-0.3111376634564317,-3.0078451707986353,-0.40045404713102983,-0.9960761334596668
-0.8743678397774508,-0.5613289848985642,-0.1518516065763297,5.321563832746401,-3.1075865477197837,0.5907233355144212
6.8317257179465285,6.711939915823162,3.622241054129233,7.060675703060134,19.61853713259693,4.703551974443328
3.3399691959574795,-0.33673893965126456,-0.06741646194177645,-0.3017116117400735,-0.3341885180707178,-0.8312965599217167
2.65672903915992,-0.015867761028258067,0.19940619385039243,0.0762877124854836,-0.014452096312076801,-0.32016765274144765
1.6736647321676315,1.916769949712453,1.056178072261154,-0.16869332777463075,6.911633233255209,4.164654891335984
-0.8367554489930872,-0.34259927289377645,-0.03777849806925507,-0.6231395720573641,-2.84516240326892,-0.9117654941225164
-1.2133916537195644,-0.8592876516758949,-0.3361804060906479,2.147301363643078,-4.3242080121185635,-0.12306889384492573
-1.3611528767965841,0.5833263724456588,0.6897242646056039,-0.007207444162476407,-2.937544636257752,-0.605046949457547
0.8277673798794615,-1.8860309764094987,-0.814862735844285,0.32823651889674016,-3.707772768775616,-1.6033421976158078
-0.13589089292249815,-0.10899813238077444,0.03239713683683243,-1.5118591506318881,-0.6067530803291863,-0.962987855770006
-0.3539941263521972,-0.5120923741470276,-0.1292484296108111,-1.643790335977624,-2.5813626424506286,-0.9928708301148421
-0.8439462230334271,3.546910386862518,1.7847252797825395,2.2901505524684707,-2.254558029659193,0.6855112794709193
2.5758989757015476,3.568959470626482,2.0101647522189308,1.0695353070154967,-0.9472828510788601,-0.49555127172730223
-0.3680665360068154,-0.9402438729693468,-0.3750938844159162,-1.308883688348764,-0.4785926851183631,0.2325457132299451
-0.06523345847053932,-0.48666357369895263,-0.10870134729555675,-0.6733842271453894,-2.5699908213734926,-1.8620804543352554
-0.22259062263715967,1.9535367317633723,1.129404308803092,1.8101283895741729,-0.3863875472707822,0.2753955981902303
9.02210784956825,-0.2992376568712534,-0.09306720534844365,0.3537232075923499,14.05318222321472,1.1112152998044103
-0.5308566992346032,2.0056679801596826,1.252929512914541,1.9142355045595474,-0.9431911430950202,1.4326827451242874
0.6987872487578768,1.5084179444257861,1.1405328398642127,-1.2118826224696355,0.018166641572294973,-1.173552022876792
-0.7917115199217225,0.579992086389115,0.07460058346839804,-0.4060257562546866,-2.774308061999659,1.606803497354195
8.4623046494475,3.468793973127145,1.989678111640103,0.3600509145045065,6.675736252462552,-1.2722658834181069
2.8726413725206976,-0.05117503312628924,0.7643591298690758,0.01655248841867074,0.5173174213664599,-1.3092023389406038
-1.0454408211089934,-0.8086736861600738,-0.36365302468811783,-0.16432513154019276,-2.7629488506317355,1.5120845579970958
3.139297429475171,1.8796614787152386,1.4057607936969498,-0.9362637447941928,4.072021888447211,-0.07054466996533182
4.6145903127430445,4.696207646944428,2.602367092728394,8.698457684991183,9.984627539589997,4.153350603644465
0.09115614989938137,0.8507599336435473,0.6353126183806154,2.3868521586448685,-1.4163300304382103,-0.7453698868866632
-0.23884700817559704,-0.861593547405747,-0.3053339812754936,-0.9662290273147495,-2.117536066385227,-0.5801126169990755
6.022832755825813,2.6944388123611773,1.4537811189043452,3.084035073674518,12.155052300790471,5.0334956084050475
2.179663905797902,3.2023714453148795,2.171881343805672,5.021183095583901,7.227786948415548,3.722962096040745
-0.04354225004062078,2.709838079290723,1.9229199077608718,-0.12648532758279196,3.898379422257455,0.7695056114982234
-0.36679127467719,-2.3544087673718326,-1.0623941106296175,-2.6871487247847625,-4.387826328020407,-2.4435378337580396
-0.2717254132388953,3.0308681357578773,1.7129188066459609,7.982696428185308,-0.31331728602109776,3.101972180234659
-0.5686685005219388,3.553747230293897,2.0997681045883887,1.0625183420015332,-3.0574767395478153,-1.9249460597872536
-0.7102488172071747,-0.31445783941277894,-0.08348312475737196,-0.33182221940363366,-1.9015683021104035,-0.46906552923475237
9.509518532618866,6.162734904483439,3.145840461252178,6.978333328437219,18.822043031632962,8.122072515185314
4.2682843414371785,1.0756281515432509,0.7496727429923631,-0.4580035293676913,3.246173452009308,-0.601652786285947
1.5584264859734351,3.1586939987772036,2.122497037749196,5.280131618801359,-0.6228557394978641,-1.1284768373714464
-0.26910420519782546,-0.413670875590159,0.2569373015656654,1.2734925793128213,-1.464457921311007,-0.06561305594955678
0.14552584765369891,-1.2824606706685167,-0.616079775339685,-0.36850953618520604,-3.4912787604260545,-2.092523294202015
3.468858872092201,3.0465634635559624,1.456121802683787,4.899656618960085,1.6086731355525221,1.259224978711369
-0.003999082292621981,2.498269372969936,1.5829756271203475,1.0642549413639295,13.183009962759506,9.2102978972319
-0.4671290002883545,-0.31001108370075486,-0.06849558672827542,-0.5666892181451042,-3.0903472863624324,-0.7679005394805544
4.427777638082924,-0.17287091128617604,-0.0012019594426306403,0.34308075755337913,2.637856518614702,1.2190607644236395
-0.21853548896735586,-0.7117592657798066,-0.21224395529427564,-0.7443586897065663,-0.9518357776870814,-0.3776883664645293
0.2025161976440698,-0.11255876425998841,0.17979321646513452,-0.22404706127336854,0.9836165608390897,1.1834743462137576
1.1015071950149158,6.075580923069518,3.124791799351555,14.87885425273584,1.9844287083062881,5.010583450352812
2.8860863058151542,-1.038763594121798,-0.46698105290864267,-2.4866629916220626,8.2874203169839,0.8869953000947246
-0.588626471233077,3.0899884517706546,1.8611170587953825,5.631784651118899,-3.1941904593380928,-1.9629919319221063
-2.8660895989553072,-0.7714542938387735,-0.3612415979586927,-0.490999898630999,-5.625906386529831,3.0256331728759047
0.5881441656884898,5.790421335679184,3.0727870327993205,1.327245886737961,7.561561566748607,1.6609555956694926
1.6071067921812656,1.7567152866620614,1.272813740034461,1.423835098277864,6.4413036506415775,1.0086177494676383
3.50786304383538,0.6909889494067251,-0.046491583963687355,-0.38466601491795743,9.067098232845293,-0.04012401264288404
-0.22976277021731273,9.2676986450698,4.818432800092476,12.939438306997477,2.169188555298299,7.305573555493948
0.2874414826900598,-0.815100118186858,-0.31212655147687385,-0.3492718760581792,-3.1099652629723056,-2.8589482419957775
2.155815973242813,-0.010571584328879214,0.12228152208719317,3.584007628561607,0.7403398424653862,2.277520911772037
7.34113668203389,-0.8249305042435904,-0.30926370581912616,-0.5533495038894,7.959105647465817,-0.045713785905121165
-1.2697121096428197,1.272664797689214,0.5008715081849081,1.209021266997134,-1.5467938582766545,-0.7174877373160472
0.2390602274393553,5.224980395942964,3.1444752010843797,5.658467760635186,6.580989947914896,3.2839973819451647
0.28672031714069274,-1.5749763635862992,-0.6995314539122592,2.3359820988854554,-3.267575205637804,-0.8133826070512523
2.608513212348397,-0.5526504686790643,-0.18626187614058282,-2.066461966772557,-0.7768535685053873,-1.4469652406548474
-0.3332859415610187,1.3218607787269177,1.0194347279405531,3.6459169162642864,-1.8338869440196832,-0.050998199161644525
-0.1325952687265993,-0.16509869591458373,0.2177649116892924,-0.1465533905747304,6.499225008866358,9.548348723671275
0.6663405916989771,4.016199745775044,2.192421436344053,7.402038045859549,17.719731601458196,17.674155438256182
-0.5136259645605922,-3.789345430241074,-1.7336795651816275,-1.7907169291908922,-5.406763865342363,-1.238193781158228
3.23428855216907,-1.3117795650663189,-0.5326148150611832,0.4281146356714254,-1.8929817212878395,-0.7705173295035854
1.4559141516272875,8.308234403262139,4.08039827204195,16.905342725435244,3.0600734546944603,3.1862358758177045
-0.09626024920268975,-0.8836306650316621,-0.35006115601534965,-1.3035242005278525,-0.2555992001722398,2.843343982999052
-0.9254895399975148,2.64885541335343,1.7114659985929725,3.340536165514761,-1.6865908685590654,2.334412801064623
15.269647588806755,4.1792303909902575,2.238960444605499,6.597030259266517,15.668610329969356,-1.3887554417089036
4.144940135068312,2.9698657637773276,2.2137519145559676,1.5706068921459617,15.306176768662993,1.0358679443727756
4.78329310250854,-1.5640807793498461,-0.6846762461231656,-4.403178526616584,7.173150664605382,-1.2389508085384515
1.1309841944960648,0.6858052475974777,0.3529763910579145,-0.6081348839871986,-1.0451773574629748,-1.2012895655669418
3.248628596191999,4.248483760483379,1.7295023418709612,-0.0902477035102264,6.433702009610423,0.10040228973614962
2.884013960150819,6.059297054283544,3.3466076136986964,22.27673682982449,4.526614870741443,6.73873848122068
0.5308492973202172,0.9184306976030805,0.7863878729467306,1.2519035040361701,0.7526383509591426,-1.0047051480252627
-0.03701467418341493,-0.010374673713721406,0.18371026061754736,-0.055201195475993094,1.5442173470006502,2.89139847941738
4.500437264791127,-0.013732942186830854,-0.02769675241229921,-0.17231263005273992,2.8951872559334073,-0.060138099485456654
-1.493070479990165,-1.0419111846992262,-0.4035611818643428,-0.005874351864446137,-5.39620066970954,-1.2537046345608294
-1.2753403204397697,1.636280247337027,1.2714138662045134,6.754105302309542,-1.7684652141472785,6.685632859810831
5.888480985938589,3.7905905622752227,1.9765311885250814,-0.3110551284837922,18.071137202438493,1.4971433848613476
0.42220430408361814,-0.1276620977118141,-0.0028508396469805186,-0.0027729728671315405,-0.29045786091815023,2.3703280148790844
1.7208181049886901,0.3445463252909665,0.8667171759684558,-0.11255602323245713,2.4840034767617722,-0.5231988643607125
7.670974237030991,2.7270979920467773,1.5411982815352996,1.3120097441569665,15.999162405957694,2.376751405586859
-0.08712242601403562,-0.9921164165754699,-0.36913971520687894,1.9426546491331174,-1.4192800419350728,0.6938231047239722
-0.6509088772002262,-1.0026269375328443,-0.41735066347006544,-0.4988027797986151,-2.742206369955273,0.5007060886549975
2.4323503668091235,2.8185490637427213,2.0178102116911667,-0.7228940393335732,9.076311551374106,0.7930362048487704
-0.20515730401040555,10.488633394853704,5.311274716283388,-0.11804576311915205,-1.0787239984521595,-0.8538965996582167
-1.364082000750663,-0.04813468276515087,0.0797528587827967,3.407204291390789,-4.007990943044334,-0.20030806881712251
-1.0265884544934958,-0.8607002135703379,-0.2865424813731924,-0.6344080276790858,-2.753451633248149,0.9372697561057499
-1.531678559602518,-1.816321216438225,-0.7781094982402786,-1.6860433409897249,-3.295720347046977,0.2994843261053518
0.9514788421186549,1.2966059217288683,0.9337610433400272,2.398792584836524,7.629495288689284,2.5495845074301426
2.573678112673498,-0.5435486503478771,-0.3322337482148619,-0.20903211891807194,6.555899460148339,5.179776293981123
-0.8453119708353181,-1.7928986090453645,-0.8278800699510311,-1.5142238561043846,-5.25313659950713,-2.291509144986749
-0.8411959822939443,6.647193836163596,3.7293456979487893,3.6782095621980613,-1.2832082891289247,3.515406943107549
-0.12324555505720935,1.7105547866444768,1.147352406657073,1.3469449366065143,-0.6378812495080062,-0.15782682105978912
16.376499931355006,7.021126735678615,3.6465691301193632,1.5927314083924828,41.19682455664626,6.158086586807953
13.95905627288439,1.6646416304827785,0.7039041762630414,2.681995705310349,20.090989755075874,-0.9447828934631041
-0.8966648249170677,-1.0773732812134804,-0.5590697860251387,-0.9971767902559918,-2.2327765150112078,2.096103516129708
0.017056044963716377,-0.19355875347491022,-0.012529009232537481,0.7506822489911589,-0.9396506933289364,-0.6611240370338307
-0.7275753903233817,-0.4937288649638332,-0.15780782285659153,-0.015960313849207975,-1.579245286619365,3.0903633359045646
1.8833723485062634,1.0276345122411787,0.3700504057663867,0.33455660082269195,5.3046521438793635,1.1997021125433585
6.737593396864998,8.278048274392816,4.808075668528855,4.4853240275609485,26.884598133901907,7.480000231832596
5.985746903814462,0.6545726606272944,1.0797153553304835,1.2492296888795558,10.926491394624128,2.6990024969165485
-0.5528310033633765,0.7376858533907471,0.672110006629602,5.157723460946678,-2.017701830680932,0.9594589553867331
4.353235247122998,1.7297299230990726,1.0310260658323847,-0.4521444839779289,7.333188533974696,0.24859712635899556
2.3575785419516677,6.489355224526027,3.4047545777239745,16.40411645663583,9.523266942043358,7.73921604578501
5.753291020771292,4.07058120228382,2.306064301924872,-0.1643913638936827,21.931658386532856,6.654665282692767
-0.6939126545690737,6.79805977490082,3.678490170994574,9.596831744696152,1.9939115585140383,6.194646553762877
-0.8468662623517121,-0.10475817604555238,0.061159140855926,-1.4951592514490457,-0.06621902413589056,1.0749299708970965
5.8984582875443845,2.9885610020416573,1.7427910078257214,10.982786120452776,23.16874368895404,14.094178211921633
-0.26197246507642685,-2.083667180429755,-0.9042110471282181,-2.2299865712494977,-2.0176353090589667,-0.7877413333458704
-0.09782607203184322,2.399581796975519,1.4949434022043429,-0.20823140238065763,3.244562814423422,2.4128914438504427
2.810681097913659,3.270058261639078,2.420298587523795,2.6674648278389386,7.9698130655345905,-0.002556909901319848
1.3311696518958493,9.196339524836768,4.5635017700399505,8.279840130834279,11.264694324032055,5.879025626562772
1.391245867982776,-0.06032923197207825,0.04912410229877129,0.06784816883900624,8.299684646023174,5.9189292604454415
0.547884739807552,0.16414113652625462,0.19461152949630045,-0.6619550798275221,-1.9240454711814472,-1.4761353826139105
-0.0394212195890336,-0.450149918275388,-0.12762196314094992,-0.40548354985204915,-1.019201770812466,-0.021301102247019824
-2.244121221761961,-0.37542009850349506,-0.06539525590136641,4.082490180367118,-5.340174589085007,1.4331075839068257
0.5413119231648766,2.2653824472809294,1.746826488944346,-0.12354944305206317,-0.29560875349208526,-0.9103543717436726
0.12153618467765481,3.7786773016903625,2.221851132983506,6.4260897460422255,9.708693102808343,7.103576013118417
17.220127764741974,6.400840241990691,3.529446163759932,2.9125112543055476,36.08621517474526,3.5269304819943494
0.3648997709186872,2.263241055196782,1.521005183209727,-0.0842867218581429,6.8306985970705245,0.5848785864953536
5.597479948144936,-0.17379535040694896,0.5734417696545343,1.8287286244977707,18.98431456642203,4.311482128934984
6.588871488843993,0.350017189608372,0.5163132494854156,-0.393021842534773,10.670640950573588,-0.13406770542780905
2.952101699541039,0.863650306221121,0.8322065301978321,0.35234952788268253,0.9910754711355181,1.1830534038500204
10.259481523953914,1.191631745010275,0.974508665814094,-0.6021044347922718,20.655196769452,3.942452654562013
5.390146451766512,-0.19317811025975823,0.1828927589354098,2.917262870230429,3.4034213694783495,-0.39177517141091167
-1.5137198374138114,0.6396513147284993,0.6176931640149498,-0.7860864485202484,-2.8823050432305224,-0.21587086214769433
-0.7029577991375524,-0.3374199417263506,-0.08948021681529301,0.5204523692286251,-2.397670208905685,-0.10211493564747759
3.896720370672213,9.975961255960108,5.820598169706798,12.824597590586484,12.476779060829776,5.6239034198650275
-0.34940887642245594,4.981359035224382,2.573883103641323,2.5002961404079445,3.680923820886725,3.190411761816848
0.05525493201079379,2.360862347707332,1.4849883186200787,-0.6054676829829625,3.573977566407589,4.529948918797637
2.7663256183817593,2.0872620859722337,1.2064806121147345,0.8040270187967244,8.061581580388541,-0.2199078806372508
6.201941178172272,-0.5577039998630842,-0.25504498130729564,-0.008916914462447223,11.495807408092356,2.1422590122073077
0.06512517027270559,5.195179632471442,2.8549517875944392,5.205275737172581,2.8840781444193238,5.304853407199943
0.1340934721806556,-0.45259662978722287,-0.12559808786111368,-1.232719852956997,-0.3830592524725056,0.5341883824765445
-2.8818826256738945,-0.9583930379233817,-0.402870904049302,-0.5351083298385806,-6.382427756004781,0.5618734347804097
-0.0935363996137828,2.3648336464693465,0.836599716580065,6.675625816822513,4.056922156902352,4.610451829612523
7.574484030395054,3.2011558697202998,1.7704603802107175,4.473284174440671,10.71121859077119,0.7688907983911633
-0.0968460162199214,-0.7318784232888427,-0.26981262386787674,1.0481221312001912,-5.726433822401527,-4.055225348872823
-0.5284236725070377,0.867724882410847,0.8888782480921484,2.4912006582134216,-0.909336435299382,3.389023160074375
-1.3280728554844468,-0.9064766246941849,-0.3885128278049617,-0.4141755061144881,-4.132287617503155,-0.8838790883331751
-0.08284768604366129,0.9734233835213786,0.7567257717172606,0.6791849750640983,0.13796680752022067,3.363727987699521
3.8592176172790307,-0.8365192883783042,-0.22374354794943369,-0.03125279248984638,4.030488792502501,0.8268242335892897
-0.261773678179166,1.049796409604689,0.9236776098371556,-0.37043949452218006,-2.0421290662666656,-0.697801271254681
-1.0113086232995998,1.9507927404750665,1.0731224225392864,8.456326541130997,-3.7040513903897754,-0.18792367476169836
5.36714941023681,-0.04133387010313472,0.42310827500879766,-0.43542804768378807,5.3037888407787275,-0.5020219864327621
-0.05499824913497178,4.540623177970228,2.66233735176531,4.061860329074601,5.739987677682808,5.531861863127315
5.353076743090113,4.6126903005566,2.4691203292694683,4.949501102707561,10.620123295614292,3.0430903088275008
-0.22665208623128655,0.15330382900820944,0.1978998476334201,-0.2057507159950104,-1.5011002346117024,-0.15446870029046542
-0.3819509931073938,8.563802579926373,4.163178494372279,12.50705456387001,-0.8230315868105965,2.7446967759750653
1.9312154944740287,5.471394430055049,2.5744610787264186,8.136932164650306,-0.7386182062868842,-0.8280808753934086
0.25261221916243115,5.0639185652457135,2.6851555888153755,4.5130809766546625,2.8043205621140537,1.5743167068733204
-0.10047947204893992,-0.058646566037627704,0.3407336101198839,1.8546205169950718,-0.6630771211745599,-0.0941157271358104
-1.0744051138736692,1.2347281465575055,0.9014572369571133,-0.8101763404484453,-1.4148907051501973,-0.12260400400126188
4.525865259792959,-0.034323637705187315,0.1383805039314605,-0.9552047800993109,17.945729961312583,8.086144478262451
0.16885818102738415,4.661358648650276,2.988904008126985,-0.3004597823524607,-0.740695109722082,-0.33151571863384194
3.25286232075607,-0.11548057886764228,0.40661700294694225,-0.4526084345827037,0.5532974341236435,-0.5999036915807582
-0.036149409195704245,3.307851204105387,1.822888956089799,-1.2745284447491292,4.97556862069955,-0.46377899610448203
4.255514945588246,-0.7847540251262559,-0.3941682411663212,6.678783230539359,-0.49895731409671723,-0.11353848294061085
1.254020007378303,-0.06420848889715705,0.4915211905965485,-0.525517894237932,0.9975540249955807,1.5444526077072367
1.988096537648836,0.8020431851052024,0.7267069133299332,1.7580314938030126,1.832720083446135,2.6522551073383696
3.4298609242090654,-0.09417331368441205,0.005118988159320659,1.6722942916204642,6.602053872450772,4.6862274367935814
-0.6632740757389725,2.6085700451001395,1.2380185533802308,5.516224652114015,-2.00444268501037,-0.21760427060469026
-0.5870764970223238,4.6753852024406095,2.5110816708659636,3.133650259178295,0.9281336287549711,4.082113346440529
8.296256039216884,0.7249842272475993,0.29964689670726746,3.006451086543575,13.771669371827155,2.1142950397000053
-0.14904666158100635,-1.693380981467624,-0.699895500551857,-0.9201824622113949,-3.123982546988969,-1.1998567218527523
3.663975549716854,-1.0991798632926872,-0.4448205960810883,-0.5138793408683702,-2.28492391750357,-1.2944361796950261
1.988321625760461,5.084262446847886,2.887435408328979,-0.30140268560917133,9.149741322105978,3.4018539702806834
2.1612640487720576,4.583770869637072,2.417646333122266,0.9552217187403581,8.005121887975776,4.677643225913433
1.5522612538344656,1.9088268841805016,0.7077265068541515,3.740019502041407,2.0998553779072466,-0.06380359749900091
-1.9455721042135428,-0.6850823331799221,-0.15904065546979768,-2.49170658899054,-2.8623042465199213,-0.45743896642184084
-1.4262382372699767,0.03776936261682895,0.04476782867855378,-0.6466967566039975,-3.618788486792334,-0.4406858650123884
-0.05797886946550404,4.365899343863876,2.0714801202675606,7.294743900986982,-0.9037157982930784,0.7589626705950022
-0.9289258386439923,0.13558576427503855,0.26215802842443686,-0.09445769490775424,-5.148987805495757,-1.8219736491778122
3.699448067671929,4.424414462300484,2.255355826354835,5.40931312476773,8.299501634976417,0.8686234506510604
0.7060103215914286,-0.0004288423138330222,0.16765107767252974,-0.06796671417562457,15.449593438909568,12.028321296194072
-0.059314603874372734,3.5193627247599406,3.0372911779647365,-0.4625908331838051,2.352865762990532,2.287142739055125
1.7959518491278141,1.8512501063392923,1.950921615441394,2.764731029508453,-0.17016023831048877,-0.6806438200393722
-0.6353177091394487,-0.8088340212169327,-0.32873309898556385,-0.5565128728173427,-1.3327630720659251,0.1636147336933531
-1.420291619430205,3.5913389308639814,2.171143228808713,1.3247651384042798,-2.8369290766108572,-1.6045905245193275
-1.1159002725273284,-0.4138937673695162,-0.07526582345588347,-0.41972629917981785,-2.3223077638993646,2.7973796289349044
0.07876477164533602,-0.8181650608574271,-0.2607684480255942,2.962420969639399,-0.22228077274407304,1.478361001662047
1.0691343003028904,1.6034044053307235,1.3906801079704991,6.659804122915281,-0.36249379825269074,0.7599902277523285
10.707737225542324,-1.489131852086246,-0.6647489040386435,-0.43482369354415185,2.0301447603844167,-0.5787223479587963
-0.3313733304651313,2.573711857355413,1.0991526349379108,-1.0380190277445769,-1.5112924019835747,0.012863732170155018
-0.07076158305435323,-0.21633444758872208,-0.0517184012820529,1.517765878985764,3.809911688365527,6.601406231837706
1.258596633249034,-0.3446631558827187,0.07216327479328832,5.976958899946608,-1.774814516282173,-0.4929622661878371
0.8551573577268032,0.6209815904335648,0.859150255628368,0.8306487529255555,-0.8915985777423462,-0.3278738901043229
19.308210384051073,-0.43889868459226067,-0.19237945595820094,-0.6728082518659557,27.12253291841117,1.9900570210875468
1.1559573989587697,-0.320972717684531,-0.06090614276051483,-0.4383366416771386,7.569480127802509,5.388046258041334
7.594929566705139,0.7205870818222452,0.8710755177259331,-0.8542912541741212,19.516461524022898,2.292760242063534
9.238528429390833,4.433394523079521,2.3381175452786773,1.642359449955333,16.67464675429775,1.505081458035162
1.2655347306930103,0.040911804527891116,0.6163883276206039,-0.058901543210798525,-0.4793263057612456,-0.3658798208387017
-0.19942489383945042,-0.3338509143302826,-0.09701011330743836,-1.64268010502791,-0.4939499564821729,-0.5907816034829303
0.3289928600366612,4.903267352296234,2.999370607140315,4.331146715076019,3.7644645050199284,3.2859373875170457
-0.5164925077417112,1.2198332592286942,1.1371800027510992,3.6392832346118817,-2.2639201952766768,-0.2760382739967589
-0.9152833315104527,11.116797225756347,5.640214396476242,13.471109083551147,-0.2553473488266084,13.224690120998348
1.569718451104432,-0.07597317900848144,0.4905123931179622,-0.8190571887027762,7.568702737190088,4.0618459133356035
17.13510874392631,3.3730515529983625,1.6967641313194897,0.20045158654995054,33.46065037778113,1.8702434437992246
0.8578096188586704,3.6654345457755473,2.325107445860947,5.584659960636761,8.453361857905241,6.039652057182802
-0.4996977428474601,0.4918647229315906,0.47876940959680253,-1.158294962090255,-1.1661134369287367,-0.6441246313235347
8.598133927644348,7.204660875553021,4.474672759596309,6.556877796772089,22.51974079590071,7.676286604327431
1.8143108066121,6.890451006451606,3.582303484451392,3.1804594893421925,24.21371946522559,13.716396458242958
2.1644081766948364,1.8925268161190947,1.156529361214373,1.873925365435121,8.02881465471567,2.9284593069366833
-0.6064621591579962,-0.19040318582890972,-0.061992659553482946,-0.8030469917588392,-0.6661057399319303,-0.10461054624278683
4.641491018984361,2.7541668641450707,1.754076654813325,0.9924248545252483,12.324425795413148,5.8847961648438405
-0.05540732353495095,-1.1016379658388897,-0.46115339757902235,-0.000848818620552172,-5.919958554914901,-2.755286862476238
0.9232266505656833,-0.21802520584050342,-0.03561655438673599,2.2985529467327153,-0.1562673488633395,-0.13365454265231302
-0.9953004203184528,5.655963124140408,3.1350470344278847,3.7935668609651128,3.290607526690606,3.9403098872800353
0.3424958460969289,-0.21521705921759962,0.01766070948025633,6.609919186289276,11.699087206671331,10.931045259178493
4.719754853705888,6.471050290805161,3.6048820041639167,3.9288423525513165,17.699962475614083,1.7270619024079255
0.26429147277270043,1.3642946393420814,0.33712572904982124,-0.12884539569562278,3.236441447386379,2.592930335896612
1.3906892265855053,3.2346138803673488,1.7155126304549624,3.8105677406426404,8.819020392833796,3.1364325599321345
2.647079225564677,0.3884249332768336,0.439236564131681,0.8668728016580092,3.0529464357062466,-0.15827093525752708
-0.3834207326997999,-0.007924398066753402,0.215448338602375,-0.21326673391024614,-1.629439702328111,-0.7026567017138117
-0.09520479381137532,-0.1496469678221666,-0.02348968035422605,-0.4568590427566255,-0.17557428238841108,0.11784257141623111
2.2469775957739593,0.795101710074811,0.5101129167715462,-0.05317575539697499,-0.43744263762040436,0.6922710497946732
9.799501364169993,7.970628072652941,4.081133024114182,5.764710459092192,24.02628833759324,1.6397009945436858
-0.32254684961794405,-0.15905716196756958,-0.009874057490388789,-0.0721727920870077,-0.46760509726700283,-0.10899511438404406
-0.9265814801810326,8.357528545862234,4.381227393116811,7.075808910713136,-0.4668206534109871,3.858338408128163
0.15672342552834173,-0.6290454364028367,-0.24059340306624477,-0.09850710358433351,-1.5807649519170102,-0.7849842423637119
-0.756824159035457,-0.2380010843301153,-0.061891898140229974,1.7074307609756232,-2.1651955499953464,2.5002502568618903
3.746056137952089,-0.2036749680195502,-0.007427584493013595,-1.3882085898072658,3.960113945351775,-0.2801899021768321
-2.9055440756262207,2.2274442905809044,1.5277902578658749,1.5730546372607317,-4.216974178428631,6.245619300368428
-0.2735472896028969,4.588402003913424,2.567554481064499,-0.1802253679997896,-0.6507323366957851,1.6025495383273898
3.0414014070390802,0.9335848803708794,0.700509980677787,-0.24751174699847797,6.0190025700443615,-0.02620290199025397
-0.10657529977941849,0.04008158181371224,0.17759523971949392,-0.818441107546243,1.9157958886571747,-0.1816461404903743
10.453203816259062,-0.2932583110716266,-0.2964336928242823,-0.06661502679301501,16.816991727343318,-0.0029651094442067595
4.174109720991233,4.729426310708869,3.193827333516763,9.293083596051064,13.05092973923878,9.196842504443882
-0.7798855338864787,-0.83851837612016,-0.29396665128799837,-0.18393463100117638,-4.145764832107281,-0.7317008204838484
0.320575556148264,-0.7784852480419285,-0.3200855204573274,-1.061697626726562,-0.0920342818859963,-0.4490608465216072
-1.3051931168437094,-0.5133062095763207,-0.10501169092770404,-0.4839871052724547,-3.3362626476275916,-0.8076978186287003
-1.9586407150640548,-0.18170450985852787,-0.038611512110637604,-0.04253175169442931,-4.969015172687343,-1.4586153826893096
3.701116433793035,-0.951480132327442,-0.32904562744691046,-2.760269207409021,0.8125840437991062,-1.1044709832615405
0.7407873689159657,4.528193487329437,1.8097396936410175,5.992398432169958,9.00124994501803,2.590992089413546
1.5005184238002731,-1.8928753197597559,-0.7812745193486142,-1.392511415658368,-1.216517414986818,0.7507081587233577
0.6517101371037781,0.1273419458296257,0.47095992029749323,0.9816415061043401,4.160467905810574,2.8494584928435778
4.991599391930345,3.4898459695136217,2.5789072081828746,3.618647418829358,10.079869352603493,4.161531128181443
-0.0303468759280791,0.10798761039412907,0.7905497276016111,2.9880968701169435,-2.7877603995194757,-0.6499232146527572
-0.4102141582412953,-0.2675963298261273,-0.043496723933097114,-0.06807806428701468,-1.9824875661623391,-0.23515455065495422
8.63937375460948,-1.7099705934340925,-0.6839630034749004,-0.9112709418015412,-0.16078575904037948,-0.4976970313481152
-0.43264918205801595,-0.9184160466327234,-0.37657879256701954,-0.517433382253964,-2.355037556290438,-0.5143109711620731
1.3551249691093026,3.4811862849826385,1.4076569129685108,3.393478521803459,-0.732440811077275,-0.6690281443853081
7.187009548145535,-0.722137080124341,-0.02371181182020492,-0.9027366623430413,8.721357348786675,-1.097609238406593
0.7536929426831799,-0.1499313664289258,-0.03929831321269115,2.0070283046925264,-0.5145225753208635,-0.7085106995301983
3.059796895610919,-1.9917890398617866,-0.8920310086145595,-0.7135225737866142,-2.0833078930057667,-0.6917581626557757
-0.9592692032049931,-0.803718767262523,-0.28328870996399935,-1.8613804919748718,-2.368993732127106,-1.3905362943323043
0.340240106899255,0.7024190585896903,0.48827623357028127,3.7537227464203298,-0.03998087235203438,5.524840900466502
-0.6567662506529759,-0.6976531072801522,-0.2868071548876083,1.3723860978130173,-2.4565030356434203,1.3169218366291444
-0.374195029312642,2.6763716491592313,1.5861061041702849,3.489965503204999,-1.0700156873876305,-0.541664246444118
-0.04632592321919318,3.5237486349164167,2.2631660844143204,6.485915147275919,4.230724826160945,2.922051328500096
2.148134216966735,2.323947344760536,1.5898696849623777,5.286336034571473,4.967138231036621,3.8100703858927005
1.1236085767704485,4.17715936123381,2.1779350652474188,-0.09459192787766538,15.00771954597484,7.035138048201686
16.78813198195774,4.50540600128909,2.433112901303468,2.0078621010046813,35.27621371825555,4.18136996517861
-0.33492248422417503,-0.5675964193765457,-0.18040595616867783,2.254670793901259,-1.9418085558520772,-0.05727539764916992
0.40856136000032134,-0.024852712353412867,0.16391281705188843,0.7529496687160806,-0.8313972737658326,-0.035974184701425285
-0.1043950904085249,-1.2954554997211414,-0.4851394637571474,-0.02778900650497509,-1.7629245514035312,1.1328843204170336
12.743283577559424,3.6929825472577167,1.8190455233429288,2.5408700309784895,19.79177014542499,-0.29017295158049605
-0.7326377730654745,-1.506183077016704,-0.7518432999846235,-2.108808873946228,-3.9926313234183177,-0.5795068834238617
7.87747549603553,2.968891050358072,2.145669186589441,1.629768771468013,11.588895331080098,-0.13920720661537386
-0.11077280926639294,0.7375185375600893,0.8632888957119749,1.1441558059815622,-1.0243230285386196,-0.28474852650108456
6.166569704542897,8.529732141858537,4.274990678955768,-0.09061944104548592,25.71636441558891,5.01019709633367
-0.024152223238619232,-1.0833378850046385,-0.40599435883062673,-1.1202637888764828,-0.41630329619781214,-0.13255049198974334
17.76148659689197,2.9749244481558197,1.4445721201876538,-0.9847764486061332,31.37149746803132,-0.44137661986222076
3.628893101528063,-0.2333525548383495,-0.08281744027910332,5.302644661191667,0.5326747354236339,-0.04016050545076566
1.112026305801455,4.536725509293776,2.088645419607529,6.005047336807225,-2.07237334275559,-1.447052322059808
-1.3812848922392191,-1.497653422197088,-0.6493687147235331,2.6117091909561236,-5.431759853957015,-0.19829433122625983
-0.43071329419312576,-0.04479350266643827,0.17470089650940446,4.2288524090254915,-0.05866532722521132,7.367043596076923
0.06140645911047293,6.803118741552969,3.436215189174026,1.3539960707053207,12.948984871449978,7.179258850448396
0.9301122506240568,2.1056452062690245,0.7773216430053902,7.454140883068468,-1.2221887410197338,1.7637828498033197
1.9585901593088166,0.5746561466541513,0.49418182770487723,-0.01758059956983755,-0.23582659705899564,-0.4324059479734693
0.46288590264285157,-0.6010548885598522,-0.09194434957185692,1.8424329392856076,0.227893232667786,1.2791506042183407
12.022234892356785,8.334594902866872,3.925934282726072,11.768541101281654,26.926602350218964,3.6418389285802597
0.5600332708300901,1.9578904476141132,1.2372554125296389,3.3990289431997143,-2.045561436031716,-0.02805063894537052
2.373748025395562,0.8238913804677971,0.5309219119937278,-0.3960827451361685,2.2788653816239743,0.7231405119148393
10.954297465544887,6.126902560137287,3.1909986991150903,4.181666766803521,23.216144113712588,5.731709625775311
5.642443458094049,2.4988650697993764,1.364473512260277,3.305909967206434,-0.6229833707282317,-0.7434826096945271
-0.2955150496217762,-1.136448038372055,-0.46480027236318816,2.693918450078325,-1.7467441428735757,-0.22407175833453216
-0.01981107574904264,-0.07106751911313668,0.5531615451231036,3.4013444636616246,-3.003009584103876,-2.0456379786903516
-1.0600558777478535,-1.0637427933608152,-0.46927861620765204,-0.5514316000160925,-0.8682927923576499,0.7510858671808847
4.057146108803371,10.149621268099173,5.10303198432926,20.678263982983786,6.910832396441718,4.590032584200887
1.896845309754303,4.729611193023975,2.544716629690135,3.1313763224108575,5.25085358825856,1.6704664528050663
-1.1834105815822549,-0.5945661433120831,-0.21330093397464653,0.007218297430581888,-3.5348286349905083,4.037073229552741
-3.905572255932123,-1.9776527553631174,-0.8238487491147661,-0.8727044445187251,-13.36934699917218,-3.353351600571424
4.156628731773409,1.6562077058526214,1.0050925121027958,1.1704340239949247,0.496174046838827,-0.6350758810042679
1.5362791875557908,2.3954620923091956,1.0437509388651844,0.7494927487120404,0.9254873026790682,1.420215464259871
-0.43529805756205564,4.973381469565491,2.5439136803668876,1.3015401645516327,-0.9558309639333958,3.121761903614418
-0.18941905097386658,0.6087265830264471,0.609747208473989,0.19787228696566006,-2.096277032971958,-1.3615924917267697
13.212936135365798,0.4041022948149572,0.7015637508494056,-0.289475529551191,43.45807291697353,15.26547473010875
0.091915583792475,-0.821007370895379,-0.36380198332194,-1.4520665179937313,-2.2745611294912744,-0.7327972170794749
4.340347196045942,14.286441026461857,6.733776153545612,5.848122078935691,19.22983223659166,11.021890869951
4.284913664112094,0.7140063862644294,0.5907459897682218,-0.834852227267835,10.495518475629893,-0.22999757300407633
1.668617600890689,-0.12285293217010412,-0.004017661530074923,1.1988171778378973,16.856615367206675,12.843991276201656
-0.0871350339830642,-0.012990478069359157,0.06270153672074252,1.8976089997758874,2.207982571749962,2.66369592886684
6.861405538469328,0.7158463357725771,0.5069259499048635,3.254647896508388,10.964518910134395,2.909411742479791
5.376756863786078,-0.13148417139447352,0.2040082904462105,-0.7023041759349065,2.9085078286755386,-0.252369434966626
1.6527273008609118,2.023358174598418,1.4218550918493729,0.6420364261423206,6.167466831605098,0.7188632557497245
-0.3360425748969822,9.505427472708103,4.7446030839986095,3.6153964628149735,9.659648154034787,6.655473653800321
0.19196746766470907,0.5702499366176885,-0.01653825042154289,4.217880085921282,1.4505034703437203,5.141788780694619
-0.8499692053767417,-1.3291889310221734,-0.5426740154018693,-2.278098359199753,-2.4718907346288255,-1.1586442916459763
9.659941260374138,5.176627911883209,3.035397198554832,2.278396754183789,12.804351318696732,-0.45339113822733523
0.713184048713872,2.2157692481546913,1.6132113358253861,5.581445237070286,-0.5741806240409025,-0.09937136897555066
-0.2624289392443939,3.331093307486759,1.9177979185202023,6.300853340091581,-0.3686494577938313,3.8660282586450876
-0.15292718885801518,-2.011419961187791,-0.8870268172406384,-1.9623780434222877,-2.6162090749326334,-1.3100379470584367
3.5094430033130752,0.6543110176228388,0.6473007432635676,-0.047952021768203505,4.939238565185738,-0.05927536840715586
7.461977945628194,2.1573070892718857,1.0315355058659892,1.4088385563154,14.012361376960223,5.68100801510863
-1.4189361464151033,5.05406459808287,2.803220802288683,11.165816298543112,-2.4634706289675474,2.197609520634315
11.134225148102983,2.8621462342042046,1.4239112037374024,0.36296957240947747,15.27896085741625,-0.515178106538148
3.0053235023717324,6.808142129850566,3.6104739668072727,3.033801865537594,15.295949872042865,5.03056201691387
1.116309201693057,-0.5454321583851626,-0.19152665399175134,2.0481919048543826,-0.5055100944194361,-0.25237484433281615
-0.12417316358469682,-0.3844104282977246,-0.049408291863706634,-0.9376641078839811,-0.25307745529101355,-0.3505766430074666
2.0284935262782127,5.711053755920559,2.9857573199885428,4.843202777945066,13.044399534959146,5.963991463180141
0.30904358502620266,2.546717295883652,1.3524234785259384,0.3158031260760661,0.017551847730772563,-0.2129530543212963
-0.5196292611867103,3.6786050337979206,2.0115751123571344,4.592839672607121,1.8901974585312384,5.098828564095008
7.1603103331762,8.413657543565396,5.134095819633861,2.4981914180172446,35.11598194741135,13.252911196292457
5.611901634221385,-0.5710586964449684,-0.17466558160272752,1.1479654156591539,3.051545568281755,1.2756699837917418
1.0536694216776434,-0.1677207761032653,-0.009463718946153166,2.299616850330589,1.562878187531442,3.1787956906565
8.31097101237494,-0.24324498642838402,-0.19872659025393324,-0.08273745902026892,14.596065128508712,3.1510351090394755
-0.18209768931125347,5.782618451987925,2.7672813389549273,-0.19577891965348537,3.1747497257854453,3.18124862341104
0.8343811476224413,4.013947222975439,2.222799830001623,4.729819261521199,6.444832771993293,0.4359622485744882
3.97377231584462,-0.15748105162962664,0.18085727027511084,0.612170374502398,11.491346267544149,5.449643247147291
1.1883555373671435,4.492384849134798,2.0671250322620383,1.3443455390157224,4.525342750648686,1.3306947866682237
6.860654783199043,-0.07156393336897893,0.05789677440655627,1.5673104062344554,13.189309007079983,1.5977371453899383
6.022918978357877,2.3395268837563696,0.8446190268363869,7.313127636722691,8.29138933908503,1.445427118718863
-0.6000280655685191,10.798839988684279,5.444372812469292,13.791449808934413,7.3710388382664425,7.887957768139556
-0.09194963706510491,-1.2915781999677864,-0.5585458509455429,-2.9374766837780597,-0.2309449033467927,-1.0339011966299567
-0.04853526773477301,4.212966340375372,2.4738594944528756,3.295766875899921,-0.5676681971286651,-0.5460887800631549
1.4029825954438415,-0.2768966954760543,-0.14207234610431643,1.0711551138397166,3.277312878949433,0.7866950553522016
2.568736367718661,-0.1297184548842853,-0.003551108657066915,6.956908218919947,3.1071395474295778,5.451380653714224
-0.11490794097564448,0.5598946012641539,0.557269096859204,0.7059860894054171,-2.0049012824559838,-0.20532217458892027
-1.5857511588568605,-2.8008924488928675,-1.1810013148708614,-0.7253106434956085,-7.210351646109998,-1.721725544388152
2.743984809481938,5.470969767815812,2.8504946529587283,8.755001013118932,12.078587880680425,5.081643033840823
3.924668076166066,0.1187413369794591,-0.0880503482436874,-0.056681704931820814,1.5405598694378657,-0.7619452321722529
-0.637967976364257,1.89834821831986,1.284165562887288,-1.1519836322985064,-1.345346024437227,-0.35150549147682963
15.689185949165674,3.3719357739494287,1.905493393936058,-0.4266092102918558,27.39203364692992,-0.07474166229076422
6.348144647028978,-0.43476774701320653,-0.16717192360505143,3.1074063398733767,-1.612221304965235,-2.283302546057616
7.713917261437703,-0.22895716375281439,-0.05095853857899893,0.019466803184016612,6.217707877576548,-1.1362233761564766
-1.359348993878431,-2.346465823767118,-1.0620321594806879,-1.187615724784593,-4.6255613889518505,-2.1830406869101124
10.453499143751719,-0.4945219777863763,-0.17269212574449344,0.9029123238061454,32.29268685178177,17.368201668662437
22.374823300283836,3.244142790490009,1.3970018632978447,3.058911047145828,40.31583584831091,0.9608813698959161
12.908878086346208,-0.6324411767956561,-0.23103493055903251,-1.0977886148941296,21.062875759749968,-0.7905397936306816
3.654832531569448,0.12496984131689776,0.7871813025300952,5.790400313409198,12.329921460301064,11.187477367780183
0.8821583505411739,1.710702108213729,1.1797137427033522,4.800349715028269,-0.017755413303884394,0.193170139036006
-2.9621034459361377,-1.319740830702526,-0.5734974366271914,-0.6938174263124695,-7.009773979504452,-0.18033779114204873
-0.09194449118855541,-0.29159621782733947,-0.08249518670990237,-0.07121812796486782,-0.34288784049135695,-0.22639108575969802
0.004606026834733656,-0.4115944299271821,-0.12364746350365574,-2.5243997684524064,-0.5366442386070677,-0.9288987059614304
0.10426630094688827,1.3246764595832001,0.9591336074873229,-0.04959618385567275,0.5517032887315148,1.6907795244134018
-2.4922380230044863,-0.6215949141244467,-0.2392673260907615,-0.15122848339693362,-5.013345766961797,-0.24703770947303738
-0.840768044318521,-0.3581595907021174,-0.08259964591522234,-0.26248941074309456,-2.96458520288343,0.6658783900897608
4.237918623324229,0.2545252961024686,0.6180865374033839,-0.26493787339229224,2.1008866341080004,-0.4905914294707476
6.807525134780407,3.83548881921673,2.486957570083674,2.2626193020768284,16.562579868947388,1.5169512072202658
-1.168153949483292,-0.16247417088567215,-0.03895432153203471,1.9960980037609186,-2.440823097660844,-0.005273437359088651
-0.2344474086787038,0.05034989775651011,-0.05687298099714109,3.3168224482156017,-1.029082872703184,4.999997474500095
1.4403937767635142,-0.8323727582022209,-0.48879069447912066,-1.378079785321146,-1.3719937769337642,-0.6415622621084573
4.102480214906631,-1.1066900387840604,-0.4659987981979512,1.6107734821985131,-1.0907248783077463,-0.04815005323400865
-0.6732900546275733,-0.1745214434479207,-0.023081573237372855,4.171670475485549,-1.1368667754162773,4.8845941722531085
0.8347290344422114,-0.7942598307408213,-0.26262039565475553,-0.41192482322308366,-0.7530970112049409,-1.1317755043893227
14.384581538464348,2.4450536116418067,1.4855894000871324,-0.011294584822010713,21.793941218982987,-0.9539141782729555
0.7424596686508499,10.108581980083414,5.623896055321333,0.6982270528636725,25.93055422209281,11.687831082369378
5.177180264954568,0.8194114304087525,0.3629066923081219,-0.25873963540975814,15.114954496326206,2.7965180903429685
6.534588599897961,3.0072443439667937,1.6512937991776764,1.5875380267737382,11.077401612837804,0.9038737611717933
-0.07950038094806855,-0.3586102747999842,-0.16678242534004864,6.44148289841137,-1.3731100894037274,-0.03595916188549291
-0.2469083153420678,-0.354731379833459,-0.03806361222675217,-0.11934939985100344,-2.406228064803277,-0.5153861445709554
-0.742054748043088,1.7330539673341403,1.2623472075805506,-0.28070924993050883,-2.520307745145261,-0.013223829664483877
-0.1724036831753983,3.1535810389643295,2.2510168969012714,1.3511725703612205,6.245440741239626,7.567346928314884
-0.1421734212712118,-0.08443336086269676,0.07880986316741856,-0.4770182572659552,3.7337633154966987,3.1151526445858693
-1.060602766467827,-0.9096011439787403,-0.42773432196975714,0.833087007009821,-4.17725620039025,-0.9732455516008426
-1.0162733388988592,0.48360340199183516,0.4488107315448412,-0.09024423078043609,-4.164030032298641,-1.656977508401116
-2.149864531250022,-1.3206981210488515,-0.5574633001579871,-1.8205485741068372,-4.515714509797114,-0.30817416701326433
5.092968375872742,2.0224849155998545,1.4790062077415411,-0.15621465021776812,7.459864299990648,2.4957111601631077
3.809746959840223,3.1513264887779986,2.261845508479567,7.730800818895818,11.281373776982031,5.019397150101659
0.08318593209118952,-0.5911664583443736,-0.19955142229317097,5.800625396378739,-0.9043752053337626,-0.18122677019728362
4.671422859036136,4.6766466297859886,2.984593779160898,1.1923273515987836,13.637065624180577,0.8885619764752263
0.6330496049392073,-0.18967396954483057,-0.027619683033182296,4.064570423152829,3.4885255586426713,6.031044025883432
1.7518331399800413,2.6379211036532992,1.7975949902536255,1.2834418754409462,8.890887938200327,1.5266548120481465
-1.7252200855943713,-0.7433155138006583,-0.27054442478781787,-1.5429687890167876,-3.653350560954244,-0.5819467151820675
2.0616054633303786,0.4536550977921924,0.43674260660023523,-1.194661833169151,0.5306677846863357,-0.17034431321226765
-0.2673272115378479,-0.8564350355459021,-0.4465005834925062,-0.04846277020327845,-0.28765563072619654,-0.15087687936972924
6.508342048425933,1.54875886891567,0.7944171710872364,5.393160005410685,12.399641589590379,1.9026091218396621
9.774561165529434,10.316404406024377,5.242820241036339,13.86517392401263,25.539482609566544,8.702655149138609
2.474936218163399,-1.5950367580291047,-0.7506514063618387,-0.1865536288946387,-4.022572333787764,-1.902236195266027
1.0404097978024116,4.406256213319076,2.6850597477319558,-0.4686282834354524,7.071870073146096,-0.06638064314092454
0.21469116050538928,1.2990260883821967,0.9495439874259255,-0.09462344418752165,1.8095171564860895,2.9534658530122435
-2.0529715480099067,-0.7343111517264832,-0.2952081450012883,-0.6323547914771324,-4.001448068627339,-0.4007913426888287
-1.2708922416274908,6.935096877146346,3.734681508830425,8.117751536084135,-0.6664699624613123,1.4310691124837769
-0.1823981235583464,-1.496587909762618,-0.6650490404222635,-0.5827451192200638,-1.73647292221468,-0.9187973153371335
-0.3108037460282602,-0.17244337024296685,0.19257560926541156,-0.3548158544982165,-1.8381066705979192,0.1682410272485798
1.72550356817858,-0.8994092943529429,-0.23586323956886393,0.736874558075137,-2.5310502881762216,-1.3032888802066651
-1.7064291844486303,2.2592500778585602,1.313867679635564,4.434710177872127,-4.029647540078244,0.25557057536577726
0.5244026346632027,3.4246368013482753,1.8690341162096344,3.437120869736118,0.11621066713037587,0.9007352968501708
0.27692642896131303,-0.622552695143666,-0.28346302924975053,-0.22595067301290822,-0.14929565332348224,0.31371844566566787
-0.6636771041555148,-0.7530424702897842,-0.2431748946219583,0.10798996599951693,-2.782145623228541,-0.0813629370872949
-1.1232635541916614,4.764084767539693,2.8998403095163123,7.950550608667447,-1.5430605336863201,5.3935697115700085
6.766190745277983,3.380947246955397,1.8991508476252714,-0.17920237938055017,10.667771505325254,0.5003319343202717
-0.8611527445281353,-0.7167702934361193,-0.2523194195511776,-0.1644259904473585,-3.246753495396111,-1.3189008811568805
-1.9868105205275766,-0.5716009098045693,-0.2291809667719704,-0.5083857736367013,-5.153742244284152,-0.23863672200286393
2.772230136341613,-0.27715239707773576,-0.057749264379278346,3.4570764246346313,-0.06300836515496787,0.7211089651235797
-1.5098923559123518,4.391037203496162,2.186091075438659,5.5322629436383375,-2.9764155699830885,1.082368202041836
-0.5341857958245999,-1.2345362978414745,-0.5696634207626852,-0.7763025401509167,-1.4006044564961642,0.14057987500037994
1.229631497475571,6.012064951238055,3.4380692489079263,2.091875728715859,4.50512028877528,3.331592614552619
0.6141215485582605,0.270872049514076,0.12489494653575867,10.862280344457446,-0.6839601456899843,4.498007642546735
12.334557561521708,3.5173560534085873,1.8451131293974528,8.766656008344569,14.073705816993305,-1.1278267397291832
18.09953788649553,10.940580635529528,5.332384312206115,8.335669199899735,43.55214210298864,3.266478937606947
3.673293197036684,0.9952968656157253,1.0380353082670084,-0.46405813411208074,8.561068238903234,4.269809870152997
-0.5798433524610296,6.280439630254364,3.150787235981792,9.269548132539759,-1.019065976437427,6.005499048341114
3.9973621127643124,12.473665652635335,5.91452670867814,16.028032264842444,15.606376441730076,10.607154723134201
8.850586731918062,0.24850468562660194,0.3324558971961619,-0.005389449427229809,10.847135418163338,-0.5263291095200847
-0.404170043907828,18.466467630795453,9.061727818500266,2.647961231496178,14.28110166479968,-0.26039893165227407
1.7486491601581176,4.385916070677108,2.461118964490932,0.5527546428133849,2.149105940553581,-0.30519370655121747
12.488979022919828,-0.33099002666104244,-0.09312574970667781,-2.6975805952556655,37.2886544148436,6.9434944790789155
-4.0646025279233555,-0.6400155179480889,-0.23973524014784275,1.2888781831188412,-8.40687243264871,-0.2543448607292515
-0.18677735963745393,-1.0463269693337922,-0.5134801590642123,-1.112033552886838,9.203348612372713,9.795948771258049
-1.9397234489846422,-0.5119013114501978,-0.20904108922933393,0.23559835123496786,-3.2715857721820587,2.4076198212643822
8.777096237246763,5.67808020226445,2.9296832704772324,5.604153233494916,18.429906923653643,2.8183076267268596
1.891137051265246,7.297267907560122,3.7415128564428777,4.773235874055446,12.121354898431855,5.006645434171241
-0.5584955844175239,4.789236469647895,2.6943846826220117,3.2184768195415536,6.33873827606538,11.832138347803578
-1.3238090664931907,3.4831486199124817,2.0203881371485473,7.109494420033425,-2.4529244636782743,1.8846188005534048
2.9872640369626113,14.607721793250137,6.842698375518442,5.764429037908137,16.320207141446435,1.1537736475558298
-1.3518471069144375,2.3643372170588335,1.592175621438704,1.0962142630428349,-4.1227744928162595,-0.31648350235888145
-0.21310396696149891,2.8311841791719203,1.805824220040043,1.3988206133325034,-0.8561650373179902,-0.0729662590324518
-1.6627446504402181,-0.015990018847335908,0.29812174737997527,-0.04476417694748536,-2.8810422642791367,0.01781602654048775
-1.7291126796973346,-0.9435071652878547,-0.3695150308717252,-0.29160002258749623,-4.383886826433673,-0.7535665769265997
-0.2735122947833066,4.209602312734059,1.665282348278737,1.1020687718685194,-0.5826968234505526,-0.08239619854568048
-0.030729967848828223,8.468031781492236,4.548757769448775,11.034602512136644,27.3515156695078,20.483785452034315
5.16137866075874,-0.08258422327384776,0.1072792022471456,-0.1535530457662751,5.646328697439468,1.8049855767596636
4.308222237595636,3.672442968691508,2.381830854848452,7.864595029556804,6.672557257998122,-0.1254692712549712
-0.5063150074237692,3.559156382201999,2.1033935561324917,3.0910165426686547,1.0245324074476794,2.149131992576587
-0.35897328292533215,2.922641727825974,1.7454221341850138,1.0187447974481545,-1.5986280357134979,-0.36671347819409505
0.7705014481388153,-0.2465636522346218,-0.06899405735187435,0.4706817093853712,-0.6025870746155997,2.208664697687196
-0.01810346829285794,-0.022854726949506056,0.1873533699505005,1.484961848337928,-0.5444355276782705,-0.20172209213321826
-1.1879871103807484,-0.5677572866066996,-0.21679636310751485,-0.09359215044365109,-3.107155635090181,-0.25899015889183097
-1.1265105176723382,-0.5441372398030636,-0.1695438567575915,-0.37541809989277225,-3.5696881960502775,-1.0643820942815603
0.5810284664713974,0.6926118942258725,0.5229407869694235,-0.25339441272548874,5.333729127101883,6.137896625565599
4.221899814978151,0.19029467225246238,0.3667330893778188,3.153884258013383,7.800330343223431,5.011529038034666
-1.75410014204168,-1.4357286215529732,-0.6363342857547694,-0.9343357680122811,-4.151488633184737,-0.4515755940259258
9.255711067803997,2.1450387754041884,1.314746940410619,3.8236467913487004,12.715504356616648,-0.22207608612178814
4.01234994778957,0.3418603251540594,0.08893122431284006,1.080826275548994,7.901877711698995,1.0431875626155604
20.00986539881799,8.08228769331998,4.035528847415758,8.308879081984399,38.63283466266855,0.6374495453864806
-0.9992143943705136,-0.1530805454071279,-0.14654666509123207,2.7026031577325726,-3.8728249373311834,-0.8932954771546573
0.693438058757469,-0.8670529313377993,-0.43489064245205605,-1.8234079551971438,-1.7092602814143434,-0.8503010356515915
0.37339565535644026,-0.8290596241620227,-0.35321014055937766,-0.9755156735106717,-1.303529812447012,-0.9138641702179602
3.19525155006893,2.8600286848707834,1.014459459645567,-2.3183488205379663,9.224094334428532,-0.05354576280464665
-0.9626056427081271,1.4231106546364067,1.3455054785043727,0.6775090827339466,-1.3085694758726096,2.8995750009581744
-0.28747191063994343,4.060844889554735,1.9935748895036063,6.442728674676049,9.531686966974352,12.528062246480014
1.9541914295344491,-0.3203313836286042,-0.1091320480788392,-0.731765545359926,1.0925154814452271,-0.5520416280308077
-0.3590790823287885,7.125478901229766,3.942063798934266,6.928460359760187,9.47263915403754,11.176470489226086
-1.9312545486773622,-0.2867468634740666,-0.04532522612411003,-0.3425499576026442,-5.149792924400673,-1.1753560597004469
-0.2045611676421255,11.379252696784913,5.60197048575927,11.344331722936058,-0.20711285875891614,5.273886639308718
-0.31523175051400293,1.5577034491480934,0.7907191522698472,-0.6708590730883167,-0.06638068508989779,-0.05500232038778852
2.9818532821862673,3.3241050909050194,2.0534381519300533,2.0119033161468525,3.9987534539303384,0.7452036935877434
12.058152648969786,-0.25614198194978777,-0.024443870965148152,-0.9075541455110794,21.631362795541136,-0.20579918604871153
6.132648593270581,1.2256739826187824,1.1779126137726839,1.770507825758468,11.379151348089717,2.1847289513174566
-1.1005493569619416,-0.6844143048362482,-0.25584879611949185,-0.42177935564958297,-1.5600431097509162,-0.5716665489528289
4.5298809410490275,5.213328007829178,3.1303361847762323,10.862609183485434,14.518428152040862,4.686327706894829
6.407671730883535,3.778806085322596,1.8644283522743619,5.642853543774152,12.800317386492711,5.242388190083319
-0.08828218150361798,-0.43339491969162514,-0.10598669068842766,5.373072305473891,-1.4933569064863335,2.5674435295703475
0.23244606806581924,0.28529042198437365,0.10908950374299486,0.16782299036228432,6.081487143076477,9.241579747677195
0.26419924780236537,1.1434328427970635,1.0110400352746418,-0.9541451435918353,-2.404197540937922,-0.18092263470772985
11.647132376146216,1.3517181831267533,1.1394721548477116,0.135025732114341,15.721650066081521,-0.09079757166771177
4.282617965098772,6.724620709211231,3.8468571222649044,2.316419446357293,9.512982160012415,1.6761129207668262
1.2211223835534186,-1.388132752164432,-0.5922820538964075,0.29621176819837847,-2.9597919441189777,-1.3023415339701394
0.8003359470650525,3.019619535112736,1.1757707616622408,5.744127408080665,4.377380365029805,5.347872473972652
-0.07247651830711908,1.0715078761845083,0.8219909190970713,-0.7181895618130515,-0.02941762251367648,0.06265496814174532
4.38020558416674,-0.7155577560517059,-0.5460356380406001,-0.3863060680361247,1.102166740547278,-0.09133628477266097
-0.3179261712989714,-1.2385358806266134,-0.5914851304397483,-0.5374747034827362,5.214010992118413,2.500649927460337
-1.8849191956066473,-1.4332617460792252,-0.6419190335101235,-0.01980941884118881,-4.9608678251842875,1.837107717195309
2.265295518010441,0.663992168238451,0.985683908048025,3.0803163302220167,3.9696465068734534,0.13965743172188305
15.168260255536648,3.2864171843607197,1.8536577966411683,1.4500251041188172,36.454773810528806,12.398116927009413
-2.104265211294691,-0.6269289281313309,-0.21838829663942405,0.8954922119014058,-4.943574182348659,0.4220063875980558
8.904079194769942,-0.5242957759576524,-0.3106335672979248,-3.4595460991583153,33.597552887119,6.602356087867693
0.6111103401715969,-0.49944371771104995,-0.16170104781324723,-2.1493317517553483,-0.7509658559376278,-0.7893759362826046
-0.03215182693345764,5.479502003929568,3.1333715872088055,16.010467683917685,6.680469678030938,8.151928320987594
2.3355486955085274,1.9648729027430165,1.132363902241074,1.693411140652425,-0.17994907728613588,-0.8442308620753262
11.923787945290256,2.2553958704643,1.7494127570009446,3.321745933397197,21.052887210170947,1.3939562901977955
1.437840255052811,2.1306211017418493,1.3331048027371992,0.06840020796051782,4.683456080762755,1.523418690600447
4.190936921683287,5.789562699109299,3.28478212801854,3.864451761511093,16.784378877441785,9.541387066930398
-0.192994555076255,4.881897908343104,2.8571411995165894,0.667946763174834,-0.7449703034877116,-0.09039729369728056
-0.7495750843541391,-0.21422154025390316,0.1094629341138802,3.518766330704861,-2.5377053946139068,-0.3409120402659603
12.544287072412176,5.920300223876855,2.647159763474175,10.206041477833187,34.82859209982397,5.115800387342601
-0.7781727799838392,-0.2033185708273969,-0.04571878267281926,-0.09829745670487583,-4.22590565049122,-1.1094701283831732
1.3643940722420083,0.6207400558972191,0.7549095240173711,3.5501826939754206,0.13630152317441435,-0.05670870057758975
4.536821372471646,4.673896162716503,2.3834319375066046,5.482453685531223,8.419373660670455,1.8958298911144293
1.2546133730343494,-1.8027177502680212,-0.7639298625671662,-1.1411515989949021,-2.9642171127700006,-0.6686045695661742
6.0358664845141154,0.36930008103436474,0.7256858333434133,0.9576728372552825,13.293206940229378,2.9979401233165257
-3.673331180623837,-0.551201411845887,-0.13225941579922537,-0.30756966163910415,-6.657708124710026,-0.25134691424321604
-2.461912741990746,-1.1732050779645873,-0.5080545643197628,-0.1134673296057923,-4.71212966953142,3.5136009434744153
10.133670255712271,5.3047367338618425,2.834368188497397,3.769313258753389,20.21133785877715,2.7259255644409723
-0.5371147265812196,8.015590610855305,4.111830913031952,12.100067709995656,6.188354571850226,11.681462323458137
0.7247862528473805,3.1024124039017433,2.0578516477995343,3.780094178844963,3.2280815020898825,0.921601233572527
-1.0564096759822001,0.45644695564728055,0.45166870222963923,1.7410267548476297,-2.796160968875366,-0.46107285151346855
2.106840758236501,0.21534593615413478,0.4962939891250343,2.062029925528801,7.220528104143952,-0.7448045166263948
9.764632375945387,6.565327723188471,3.566134352618012,-0.3841730415178801,26.34061729751365,3.01808120734154
4.331222006821792,4.305080414712036,2.8649292746351627,2.08078395894006,10.400505121790236,3.178218488666581
-0.06670633410920637,-0.5767814326498527,-0.16296069424360457,-2.9667575407444513,-0.5779092671871692,-1.0957979722118445
-0.8033447000963401,5.48398967124328,3.162133822614402,9.779960943697535,-2.139847705401228,0.8395888633650935
0.7358561684968911,-0.05967934429908084,0.2889924199641787,3.596797228595311,2.873282017107557,2.313900361433044
-0.07531363380610796,-1.351641569155924,-0.5164718497823011,-3.9123234118191235,-0.42907943675400384,-1.11206944533936
1.4352143827542787,5.824078080266129,3.1541185775276688,7.155967614777294,2.27312685308017,2.6805767780653253
1.6792826882828131,0.7680705377162697,0.46927756739994547,0.3878643502505831,15.660611051721474,9.420132282746048
-0.17060943530357392,2.4440298553242763,1.0391305810188354,2.6808398484184024,2.098987985198506,4.91314963374804
-1.7838574151122206,3.8041780541488683,2.3554070832341014,6.8851400483188705,-3.000635133140665,6.08137892841799
5.260412915593248,1.4688726338460985,1.1957357633973666,2.4583702563660887,13.512686874981355,6.998616438887741
1.8597330507871062,1.9039918132753688,1.0125628593385607,-0.34306727217974414,1.1486244671640768,-0.43397138435079907
1.9426246764558566,7.643693086455571,3.59952830565948,4.738067850236246,12.902128283647565,10.628023276341137
6.3536430177828205,2.356654836949751,1.4678026465952954,2.3364057427077154,11.178499071709801,4.128777462469104
1.847644853680261,4.549927754182649,2.4747271434998943,-0.07519424555981642,3.1839064437783993,1.267039144799384
-2.970699414535257,-0.26084498055113264,-0.11344719484258153,4.966287274407976,-4.944087805193307,3.820633436384063
0.3269839894011542,-1.1323556180429166,-0.4838621732392084,-0.027733660312197952,-1.3483974566847647,-0.26892083880133916
0.5180973163842124,0.7825560613971737,0.7784236774932503,0.24469824015890862,1.3688606505357748,1.7400887583434286
2.2454109516601752,2.352338098238173,1.180827101995057,4.844235052195402,-0.2714611311606455,0.7616251799885471
-0.6887379625619753,-1.8256453836748037,-0.8072678079221798,-1.2760707338272779,-4.1148941050223105,-0.6353069932035356
1.4273980805230613,2.1404068348714556,1.015924709501087,-0.9849299735315841,9.282225652178662,-0.03789635188286122
1.8523264555041514,-0.47620777999973074,-0.26020744419694525,-1.7254649595789715,2.516891519015538,0.850918128609193
0.915572894369969,2.105109948697178,1.3268151671561574,6.817862981301812,1.05546115918358,2.580633044527113
-0.399989211491373,0.5393226342556053,0.9754495690260281,-0.44554189809541483,-3.0419143309196706,-1.247928433769646
-0.11827132922613713,3.050193590885179,1.7202660687197364,4.2932490175161,-0.19229486530888423,-0.15799799668070358
-0.38095214142117173,-0.45613240827425483,-0.1308386692484092,4.06807384633145,-0.002309775689009097,3.939401935786071
-2.9827794568604915,-0.7649309006564833,-0.30412405358164163,-1.7300888074405458,-5.26373917764896,1.8523060898258787
1.7869691510610457,-0.23724225114043318,-0.0811658840596416,-0.3903001503530292,4.019718535128921,1.7141608378462965
5.479606264460817,-0.1718804822744715,0.4372261028105876,-1.868950700559977,7.585337129162341,-1.2419663231438112
3.412694194105332,4.061358258387814,2.2375567235693214,2.005897333854611,7.329194530098429,-0.3249817594103123
-0.44037667280088155,-0.07779354235389438,0.3352357201176302,7.706059044883029,-1.5421051128897623,3.0909081588901923
-0.3069124625311741,3.0139723296770553,0.8126783368925583,-0.05184252030944889,-1.4062354352064435,-0.5124714547480281
1.315275434977809,4.738721435866839,2.7003171762196825,2.23619439281689,-0.41195393993249524,-0.8539452588958931
7.841441971624894,3.7704301831756775,2.618176589915759,-0.542225879106699,13.86557987649904,0.7581102075938546
3.6095738091514695,2.263662115690898,1.3791557585279988,9.965534203794265,2.8841133146607425,4.268785701394132
-0.0645687301265283,-0.2684525335967896,-0.1270292003208564,4.433976479817524,-2.2903569651938827,-0.7860484655589919
-0.7131646339601274,1.0179396358987776,0.6179743758107994,2.817948520522952,-1.0330630717731148,4.166211211524765
-0.46644781960866466,0.598023284527325,0.47399415270280865,10.499237760295438,-0.8443412141794471,3.157598783569947
-0.23583860772704446,0.7709080184754284,0.6647761661878396,-1.445084970779492,1.865565059720303,-0.04099312830193247
1.4785874917661428,4.2013797046257215,2.7755633710614203,14.860625898359533,8.707742728124632,7.942081164220619
-1.8464589263838058,-1.2596230495598475,-0.4266872578922038,-0.9719899445847893,-4.772615138279747,-0.8602351213172826
7.75711486044755,3.0999518282305494,1.7287846942802672,-0.36590326065042755,6.100137192650271,-1.1257121744250045
3.713962335194097,0.833886089402708,0.7183678230429769,0.776156335563546,9.760355737181886,11.461417540705895
1.7044766304194692,13.298440764417249,6.416961880167523,10.892129832985674,13.608118337474336,5.853855594068251
3.8306728402351338,2.9888283021058735,1.6221452921894919,1.463490351660597,19.10788033615798,7.719279957618824
3.1844739202652272,6.114197655863887,3.178382790388526,7.370183937302401,-0.39147404573707034,-1.5833732269793486
1.53753057476867,-0.42352635779652115,-0.06545740140618748,-0.2537531776743562,-0.8711775862609019,4.85253672657216
2.626188996298119,1.3973300797209243,0.8413214675714875,3.6799227153384617,-1.4165281549961268,-1.1620264060913674
0.571851349566636,1.2581632256736452,0.8975551785112184,1.7996485515014424,0.25428221307897764,0.7109128038433369
4.945456520501347,2.0586643374731604,1.152966860595269,-1.1681689593987268,10.832388667596698,4.416099996661878
-0.6517187909666297,-0.8524089428548184,-0.31328624470826494,-2.13461425654058,-1.8415014197161768,-0.9174628557594299
-0.23979263260221217,-0.4533680076023947,-0.21584716545534888,-1.771122901665309,-2.4378390003742427,-1.3467151798881143
0.06583562132451293,0.9634569155198507,0.7590655373346485,3.06279138741081,6.391193345075095,4.8110195059313945
-1.4207102811276666,-0.5324108615840631,-0.26179007955752415,-0.34652055294359935,-3.395583163509673,0.8489152535748266
0.34431188567914406,-2.8264880333250755,-1.3255692612973258,-2.042752444411441,-3.820092804376286,-2.10257787597832
10.984615255577776,0.5521967638688562,0.8248217858745709,0.09798473576060718,20.046438597644435,1.9541731154747164
3.6374962248616933,10.633583772139907,5.371468350558212,3.493458592192092,23.657941829467607,11.589982010570196
6.718122883510068,1.9150700460761847,0.5409018171729518,-0.8677432040479112,3.0823727553685534,-1.8465816626355647
-0.03936747961141734,-0.27914818714651685,-0.09729906341788502,2.507538130731813,0.10960330584827616,3.608936192652787
-2.871129667762169,-1.1729355480840957,-0.6342635353111445,-0.551995307798327,-6.0961126969949,3.092486947911154
-0.9007509135799014,-0.9222503995833599,-0.37786294422191924,-0.8485907618102939,-0.01944551697409216,0.3828712784667118
0.354794226552041,0.6900264156981802,0.7547647152932904,-0.9808146210971378,8.160984592876005,1.9135384359377763
-0.9541138462361135,-0.09334598349516184,0.20904717835936903,-0.7735801632958135,-3.6482734162484216,-0.7636128391303203
-0.8847064688814554,10.107281100435847,4.905083251889119,11.029650205642616,0.1142872366454124,2.5521424640019745
7.212959242404168,4.221923105002248,2.412250835191018,2.4006804455156265,7.03004663072217,2.3223231897261245
-1.155780330028774,0.366797746142452,0.4620283362345172,7.127587794641093,-2.3917773812832266,2.5864246608509474
3.911423241733635,2.687184328937376,1.570762136246581,4.15813791461032,11.09022715053876,5.409695470864906
3.5983214184072665,3.027041220509469,1.7473347850635301,-0.7729965442876715,12.395501469949348,4.15157118775829
1.4645242612729101,1.2102798401964932,-0.043097943847638015,-0.025142288099747435,1.3853770892796957,0.6418831843013657
8.107399600977237,6.969167516565014,3.9722264800631346,0.13174221401693553,13.22886961983878,-1.2457600879469073
-0.033985097041686355,6.628124074181004,3.650750135267637,15.383481948296506,2.321581113801974,5.2797071395234845
5.076720203094749,7.262432503950145,3.5394577092020696,3.2198281226139676,22.82595681502707,6.400021791635032
3.672266913721029,0.5127661707001827,0.5790324200455309,1.0383655028608318,7.425283649377492,-0.26455904471028746
1.732089787234404,-0.19566052914337465,0.12965253633551088,4.105730479285857,0.3820720239653322,-0.2192266795208643
1.8219824013463766,-0.46033233536231866,-0.14969692453454142,-0.26700645968637404,-0.6134858592073844,1.2481910706284491
0.9834881012026698,4.594289578175916,2.525810250972401,2.7364152438257605,1.7089951962195755,2.8457400201420437
-0.08535020065870752,8.495083834659361,4.066847557521918,5.713487109856719,5.030378469925269,3.3645852979825843
1.9459583657555524,-0.2589321468378522,-0.009113160874932436,-0.018125288681297237,0.4386769051566715,-0.46410296976266174
0.22464141820695271,0.5756944965309579,0.5489756857478034,-1.0062002824171594,-0.576987769634884,-0.6758230390617461
7.245265925514603,-0.1891068113239539,-0.03650685146307211,6.473895071744637,8.0810033168475,0.32702529796443947
1.9461684026326074,-1.4625457212635484,-0.680546001699312,-0.17426211458607593,-0.7525843159398881,-0.7189049320530021
-0.9602804147153599,2.7241661423354597,1.622014160498928,-0.25945139207434137,-1.830286986576194,2.664250689453165
-1.3187017213586205,-0.5964310107998195,-0.2668816322680633,-0.634719074652319,-0.3888026034539645,5.594620573288378
7.627774176816332,1.7657525377668883,0.9263799176563255,-1.6423345626610435,17.15593578980289,0.9871323034158388
2.6376047949977477,-0.4433317944567384,-0.2377776341318858,2.714320180158422,12.903916441926334,5.192386168410711
1.1782502877830838,0.8502491422928651,0.8094323938003745,1.810553149239162,2.612658833122385,2.510333809277478
-0.8444000706775366,-0.7471150573838846,-0.2722248716172193,12.198639790198438,-2.867061316862971,1.094846739107237
-0.4943424532357618,-0.6399264813509831,-0.23823367193790024,-0.6626646906802613,-1.4992601889501858,1.4936730241872471
-0.016944522510002582,-0.6018307304312606,-0.23211786367357315,5.2346766049091125,-1.5925519956627703,0.7040013511966222
0.30425995602982536,-1.086313124198471,-0.42278722284507275,5.266661057680729,-2.1203411409396793,5.250159194945539
2.3077153915988613,-0.40700572607825775,-0.15009752070296864,1.8596064140643593,-1.1263043402184862,-0.3423779860786908
-2.5242270437869703,-0.6917597010214542,-0.27435076422212196,1.3046659758018317,-5.436323161704183,0.5145361478814431
2.8453564285812574,-0.7626492128901228,-0.34174856502248024,-0.35371719412986335,0.5148631382895622,-0.4850958579124258
5.720378880105416,5.638996049635636,2.9908389042254564,-0.23500646561925986,12.24147489039255,0.7465459003946995
7.511942738988439,-0.2553854444812962,-0.17757980219282088,0.7914211561368987,9.659827198127598,-0.09894958613996141
4.357766204707659,6.638771436368428,3.9063114626207955,5.119369476977738,14.511821618126202,4.525716009150034
-0.14360266176641817,4.243634708205661,2.2005241262810618,-1.1321041592496757,1.0333551779043886,-0.7052381155107469
1.6561813292937169,2.3899273665234975,1.2998358405625585,-0.5056441830618672,1.633934024332662,-0.32840757795914005
-0.31008559781842693,-0.01360099407768156,0.39031434637561674,0.14872465345774133,-0.6821454353036748,1.0783572358332112
6.738008585694218,-0.24189940280113334,-0.07611327884053323,1.9213362767629252,9.784066121442464,2.304281334082872
1.481522124196275,-0.26035331861517247,-0.13220482550342968,-0.19163018880729663,7.208841720322914,8.317744768728364
2.68431135865126,3.254165922636621,2.5354327277493285,3.8385096787167967,6.345177884509728,3.0804510768865523
-0.30735881917039565,4.372417789928944,2.5520421476514588,3.355391909427258,2.963882795602474,6.246344683951933
25.426031665802697,9.13105592785385,4.4518473324891215,6.475871088759094,51.787478887160326,3.446117876448774
0.780318557525714,4.789078497480984,2.5879648834524662,0.129938924845594,2.2137043659557167,2.321381700603264
-0.03976666742537654,2.8388853732203243,1.362113684902059,2.7285206833074973,3.7526945723898955,4.013250111760516
1.3086638663269756,-1.1440825347079675,-0.5024808219744741,-0.32469268265005446,-0.40022513162604056,2.6283026768517748
10.927689796575704,-0.6139965841328225,-0.23285881494322933,0.12685316052614504,11.473852973120254,-0.5214998952762582
-0.7987255230097751,4.193711502245669,2.2725443263168614,2.0418748467879078,4.423142653992568,8.936215593307287
