dataset,fault,case,replicate,true,n_nodes,seconds,sec_per_node,mmd_add_acc@1,mmd_add_acc@3,mmd_add_acc@5,mmd_add_prr,mmd_add_top1,mmd_add_top5,mmd_sub_acc@1,mmd_sub_acc@3,mmd_sub_acc@5,mmd_sub_prr,mmd_sub_top1,mmd_sub_top5,flow_add_acc@1,flow_add_acc@3,flow_add_acc@5,flow_add_prr,flow_add_top1,flow_add_top5,flow_sub_acc@1,flow_sub_acc@3,flow_sub_acc@5,flow_sub_prr,flow_sub_top1,flow_sub_top5,wasserstein_add_acc@1,wasserstein_add_acc@3,wasserstein_add_acc@5,wasserstein_add_prr,wasserstein_add_top1,wasserstein_add_top5,wasserstein_sub_acc@1,wasserstein_sub_acc@3,wasserstein_sub_acc@5,wasserstein_sub_prr,wasserstein_sub_top1,wasserstein_sub_top5,baro_add_acc@1,baro_add_acc@3,baro_add_acc@5,baro_add_prr,baro_add_top1,baro_add_top5,baro_sub_acc@1,baro_sub_acc@3,baro_sub_acc@5,baro_sub_prr,baro_sub_top1,baro_sub_top5
onlineboutique,cpu,adservice_cpu,1,adservice,11,57.1,5.19,1,1,1,1.0,adservice,"adservice,recommendationservice,productcatalogservice,cartservice,frontend",1,1,1,1.0,adservice,"adservice,recommendationservice,productcatalogservice,cartservice,frontend",1,1,1,1.0,adservice,"adservice,recommendationservice,checkoutservice,emailservice,shippingservice",1,1,1,1.0,adservice,"adservice,productcatalogservice,shippingservice,checkoutservice,redis",1,1,1,1.0,adservice,"adservice,recommendationservice,frontend,currencyservice,productcatalogservice",1,1,1,1.0,adservice,"adservice,recommendationservice,frontend,productcatalogservice,cartservice",1,1,1,1.0,adservice,"adservice,productcatalogservice,currencyservice,recommendationservice,frontend",1,1,1,1.0,adservice,"adservice,productcatalogservice,cartservice,currencyservice,checkoutservice"
onlineboutique,cpu,adservice_cpu,2,adservice,11,62.8,5.71,1,1,1,1.0,adservice,"adservice,productcatalogservice,recommendationservice,cartservice,frontend",1,1,1,1.0,adservice,"adservice,productcatalogservice,recommendationservice,cartservice,frontend",1,1,1,1.0,adservice,"adservice,recommendationservice,currencyservice,paymentservice,emailservice",1,1,1,1.0,adservice,"adservice,frontend,cartservice,paymentservice,checkoutservice",1,1,1,1.0,adservice,"adservice,recommendationservice,productcatalogservice,emailservice,frontend",1,1,1,1.0,adservice,"adservice,emailservice,recommendationservice,productcatalogservice,cartservice",1,1,1,1.0,adservice,"adservice,frontend,redis,currencyservice,recommendationservice",1,1,1,1.0,adservice,"adservice,redis,frontend,checkoutservice,cartservice"
onlineboutique,cpu,adservice_cpu,3,adservice,11,65.2,5.93,1,1,1,1.0,adservice,"adservice,recommendationservice,productcatalogservice,cartservice,redis",1,1,1,1.0,adservice,"adservice,recommendationservice,productcatalogservice,cartservice,frontend",1,1,1,1.0,adservice,"adservice,recommendationservice,currencyservice,paymentservice,frontend",1,1,1,1.0,adservice,"adservice,frontend,paymentservice,cartservice,productcatalogservice",1,1,1,1.0,adservice,"adservice,recommendationservice,productcatalogservice,currencyservice,redis",1,1,1,1.0,adservice,"adservice,recommendationservice,frontend,cartservice,currencyservice",1,1,1,1.0,adservice,"adservice,frontend,productcatalogservice,redis,currencyservice",1,1,1,1.0,adservice,"adservice,cartservice,frontend,productcatalogservice,redis"
onlineboutique,cpu,adservice_cpu,4,adservice,11,63.0,5.73,1,1,1,1.0,adservice,"adservice,frontend,redis,shippingservice,productcatalogservice",1,1,1,1.0,adservice,"adservice,frontend,productcatalogservice,shippingservice,checkoutservice",1,1,1,1.0,adservice,"adservice,frontend,emailservice,cartservice,checkoutservice",1,1,1,1.0,adservice,"adservice,frontend,paymentservice,checkoutservice,shippingservice",1,1,1,1.0,adservice,"adservice,frontend,redis,shippingservice,productcatalogservice",1,1,1,1.0,adservice,"adservice,frontend,cartservice,productcatalogservice,checkoutservice",1,1,1,1.0,adservice,"adservice,productcatalogservice,emailservice,checkoutservice,recommendationservice",1,1,1,1.0,adservice,"adservice,productcatalogservice,recommendationservice,currencyservice,frontend"
onlineboutique,cpu,adservice_cpu,5,adservice,11,65.2,5.93,1,1,1,1.0,adservice,"adservice,frontend,productcatalogservice,recommendationservice,cartservice",1,1,1,1.0,adservice,"adservice,frontend,productcatalogservice,cartservice,recommendationservice",1,1,1,1.0,adservice,"adservice,frontend,emailservice,cartservice,productcatalogservice",1,1,1,1.0,adservice,"adservice,frontend,emailservice,cartservice,paymentservice",1,1,1,1.0,adservice,"adservice,frontend,cartservice,productcatalogservice,emailservice",1,1,1,1.0,adservice,"adservice,frontend,cartservice,productcatalogservice,emailservice",1,1,1,1.0,adservice,"adservice,recommendationservice,productcatalogservice,cartservice,emailservice",1,1,1,1.0,adservice,"adservice,recommendationservice,redis,currencyservice,productcatalogservice"
onlineboutique,cpu,cartservice_cpu,1,cartservice,11,60.3,5.48,1,1,1,1.0,cartservice,"cartservice,checkoutservice,frontend,shippingservice,redis",1,1,1,1.0,cartservice,"cartservice,frontend,checkoutservice,productcatalogservice,shippingservice",1,1,1,1.0,cartservice,"cartservice,frontend,emailservice,productcatalogservice,checkoutservice",1,1,1,1.0,cartservice,"cartservice,frontend,paymentservice,adservice,checkoutservice",1,1,1,1.0,cartservice,"cartservice,frontend,checkoutservice,productcatalogservice,adservice",1,1,1,1.0,cartservice,"cartservice,frontend,productcatalogservice,checkoutservice,adservice",1,1,1,1.0,cartservice,"cartservice,frontend,productcatalogservice,recommendationservice,adservice",1,1,1,1.0,cartservice,"cartservice,recommendationservice,adservice,currencyservice,redis"
onlineboutique,cpu,cartservice_cpu,2,cartservice,11,63.5,5.78,1,1,1,1.0,cartservice,"cartservice,frontend,shippingservice,redis,recommendationservice",1,1,1,1.0,cartservice,"cartservice,frontend,shippingservice,productcatalogservice,checkoutservice",1,1,1,1.0,cartservice,"cartservice,frontend,emailservice,productcatalogservice,checkoutservice",1,1,1,1.0,cartservice,"cartservice,frontend,shippingservice,emailservice,paymentservice",1,1,1,1.0,cartservice,"cartservice,frontend,shippingservice,redis,recommendationservice",1,1,1,1.0,cartservice,"cartservice,frontend,productcatalogservice,checkoutservice,recommendationservice",1,1,1,1.0,cartservice,"cartservice,adservice,productcatalogservice,emailservice,currencyservice",1,1,1,1.0,cartservice,"cartservice,adservice,paymentservice,frontend,productcatalogservice"
onlineboutique,cpu,cartservice_cpu,3,cartservice,11,63.2,5.75,1,1,1,1.0,cartservice,"cartservice,productcatalogservice,shippingservice,frontend,redis",1,1,1,1.0,cartservice,"cartservice,productcatalogservice,frontend,shippingservice,redis",1,1,1,1.0,cartservice,"cartservice,frontend,emailservice,checkoutservice,productcatalogservice",1,1,1,1.0,cartservice,"cartservice,frontend,paymentservice,emailservice,recommendationservice",1,1,1,1.0,cartservice,"cartservice,frontend,shippingservice,productcatalogservice,redis",1,1,1,1.0,cartservice,"cartservice,frontend,productcatalogservice,shippingservice,redis",1,1,1,1.0,cartservice,"cartservice,productcatalogservice,emailservice,adservice,shippingservice",1,1,1,1.0,cartservice,"cartservice,productcatalogservice,frontend,recommendationservice,adservice"
onlineboutique,cpu,cartservice_cpu,4,cartservice,11,61.8,5.62,1,1,1,1.0,cartservice,"cartservice,frontend,productcatalogservice,shippingservice,redis",1,1,1,1.0,cartservice,"cartservice,frontend,productcatalogservice,redis,shippingservice",1,1,1,1.0,cartservice,"cartservice,frontend,emailservice,productcatalogservice,checkoutservice",1,1,1,1.0,cartservice,"cartservice,frontend,recommendationservice,adservice,redis",1,1,1,1.0,cartservice,"cartservice,frontend,productcatalogservice,recommendationservice,redis",1,1,1,1.0,cartservice,"cartservice,frontend,productcatalogservice,adservice,checkoutservice",1,1,1,1.0,cartservice,"cartservice,productcatalogservice,frontend,emailservice,adservice",1,1,1,1.0,cartservice,"cartservice,productcatalogservice,recommendationservice,adservice,redis"
onlineboutique,cpu,cartservice_cpu,5,cartservice,11,60.0,5.45,1,1,1,1.0,cartservice,"cartservice,frontend,checkoutservice,shippingservice,redis",1,1,1,1.0,cartservice,"cartservice,frontend,checkoutservice,productcatalogservice,shippingservice",1,1,1,1.0,cartservice,"cartservice,frontend,emailservice,productcatalogservice,checkoutservice",1,1,1,1.0,cartservice,"cartservice,frontend,recommendationservice,productcatalogservice,paymentservice",1,1,1,1.0,cartservice,"cartservice,frontend,checkoutservice,shippingservice,redis",1,1,1,1.0,cartservice,"cartservice,frontend,productcatalogservice,checkoutservice,shippingservice",1,1,1,1.0,cartservice,"cartservice,frontend,productcatalogservice,currencyservice,recommendationservice",1,1,1,1.0,cartservice,"cartservice,currencyservice,recommendationservice,productcatalogservice,frontend"
onlineboutique,cpu,checkoutservice_cpu,1,checkoutservice,11,62.0,5.63,1,1,1,1.0,checkoutservice,"checkoutservice,redis,recommendationservice,shippingservice,currencyservice",1,1,1,1.0,checkoutservice,"checkoutservice,emailservice,productcatalogservice,frontend,redis",1,1,1,1.0,checkoutservice,"checkoutservice,frontend,emailservice,cartservice,productcatalogservice",1,1,1,1.0,checkoutservice,"checkoutservice,redis,recommendationservice,currencyservice,paymentservice",1,1,1,1.0,checkoutservice,"checkoutservice,frontend,redis,shippingservice,recommendationservice",1,1,1,1.0,checkoutservice,"checkoutservice,productcatalogservice,emailservice,frontend,cartservice",1,1,1,1.0,checkoutservice,"checkoutservice,frontend,emailservice,productcatalogservice,cartservice",1,1,1,1.0,checkoutservice,"checkoutservice,productcatalogservice,adservice,frontend,redis"
onlineboutique,cpu,checkoutservice_cpu,2,checkoutservice,11,61.9,5.62,1,1,1,1.0,checkoutservice,"checkoutservice,emailservice,paymentservice,shippingservice,cartservice",1,1,1,1.0,checkoutservice,"checkoutservice,emailservice,paymentservice,cartservice,shippingservice",1,1,1,1.0,checkoutservice,"checkoutservice,frontend,productcatalogservice,redis,cartservice",1,1,1,1.0,checkoutservice,"checkoutservice,paymentservice,emailservice,cartservice,recommendationservice",1,1,1,1.0,checkoutservice,"checkoutservice,emailservice,paymentservice,shippingservice,frontend",1,1,1,1.0,checkoutservice,"checkoutservice,emailservice,paymentservice,cartservice,recommendationservice",1,1,1,1.0,checkoutservice,"checkoutservice,emailservice,paymentservice,shippingservice,productcatalogservice",1,1,1,1.0,checkoutservice,"checkoutservice,emailservice,paymentservice,shippingservice,currencyservice"
onlineboutique,cpu,checkoutservice_cpu,3,checkoutservice,11,62.7,5.7,1,1,1,1.0,checkoutservice,"checkoutservice,redis,shippingservice,currencyservice,recommendationservice",1,1,1,1.0,checkoutservice,"checkoutservice,redis,emailservice,paymentservice,recommendationservice",1,1,1,1.0,checkoutservice,"checkoutservice,frontend,emailservice,cartservice,productcatalogservice",1,1,1,1.0,checkoutservice,"checkoutservice,frontend,currencyservice,redis,shippingservice",1,1,1,1.0,checkoutservice,"checkoutservice,frontend,redis,shippingservice,currencyservice",1,1,1,1.0,checkoutservice,"checkoutservice,frontend,emailservice,paymentservice,redis",1,1,1,1.0,checkoutservice,"checkoutservice,frontend,productcatalogservice,adservice,cartservice",1,1,1,1.0,checkoutservice,"checkoutservice,paymentservice,shippingservice,emailservice,frontend"
onlineboutique,cpu,checkoutservice_cpu,4,checkoutservice,11,54.0,4.91,1,1,1,1.0,checkoutservice,"checkoutservice,recommendationservice,shippingservice,adservice,frontend",1,1,1,1.0,checkoutservice,"checkoutservice,frontend,recommendationservice,adservice,paymentservice",1,1,1,1.0,checkoutservice,"checkoutservice,frontend,productcatalogservice,emailservice,redis",1,1,1,1.0,checkoutservice,"checkoutservice,frontend,currencyservice,productcatalogservice,adservice",1,1,1,1.0,checkoutservice,"checkoutservice,frontend,shippingservice,recommendationservice,adservice",1,1,1,1.0,checkoutservice,"checkoutservice,frontend,productcatalogservice,emailservice,cartservice",1,1,1,1.0,checkoutservice,"checkoutservice,frontend,paymentservice,redis,productcatalogservice",1,1,1,1.0,checkoutservice,"checkoutservice,recommendationservice,emailservice,shippingservice,productcatalogservice"
onlineboutique,cpu,checkoutservice_cpu,5,checkoutservice,11,65.4,5.94,1,1,1,1.0,checkoutservice,"checkoutservice,shippingservice,emailservice,currencyservice,recommendationservice",1,1,1,1.0,checkoutservice,"checkoutservice,emailservice,paymentservice,shippingservice,recommendationservice",1,1,1,1.0,checkoutservice,"checkoutservice,emailservice,paymentservice,frontend,productcatalogservice",1,1,1,1.0,checkoutservice,"checkoutservice,emailservice,paymentservice,shippingservice,currencyservice",1,1,1,1.0,checkoutservice,"checkoutservice,emailservice,paymentservice,shippingservice,frontend",1,1,1,1.0,checkoutservice,"checkoutservice,emailservice,paymentservice,shippingservice,currencyservice",1,1,1,1.0,checkoutservice,"checkoutservice,frontend,productcatalogservice,redis,recommendationservice",1,1,1,1.0,checkoutservice,"checkoutservice,emailservice,paymentservice,shippingservice,currencyservice"
onlineboutique,cpu,currencyservice_cpu,1,currencyservice,11,64.5,5.87,1,1,1,1.0,currencyservice,"currencyservice,adservice,recommendationservice,shippingservice,emailservice",1,1,1,1.0,currencyservice,"currencyservice,recommendationservice,adservice,shippingservice,emailservice",1,1,1,1.0,currencyservice,"currencyservice,adservice,recommendationservice,emailservice,shippingservice",1,1,1,1.0,currencyservice,"currencyservice,adservice,recommendationservice,emailservice,shippingservice",1,1,1,1.0,currencyservice,"currencyservice,adservice,recommendationservice,emailservice,shippingservice",1,1,1,1.0,currencyservice,"currencyservice,adservice,recommendationservice,emailservice,shippingservice",1,1,1,1.0,currencyservice,"currencyservice,frontend,productcatalogservice,redis,emailservice",1,1,1,1.0,currencyservice,"currencyservice,shippingservice,recommendationservice,adservice,checkoutservice"
onlineboutique,cpu,currencyservice_cpu,2,currencyservice,11,54.7,4.97,1,1,1,1.0,currencyservice,"currencyservice,shippingservice,checkoutservice,recommendationservice,paymentservice",1,1,1,1.0,currencyservice,"currencyservice,recommendationservice,shippingservice,productcatalogservice,adservice",1,1,1,1.0,currencyservice,"currencyservice,frontend,productcatalogservice,redis,cartservice",1,1,1,1.0,currencyservice,"currencyservice,adservice,recommendationservice,redis,cartservice",1,1,1,1.0,currencyservice,"currencyservice,frontend,shippingservice,checkoutservice,productcatalogservice",1,1,1,1.0,currencyservice,"currencyservice,recommendationservice,productcatalogservice,adservice,redis",1,1,1,1.0,currencyservice,"currencyservice,frontend,redis,productcatalogservice,adservice",1,1,1,1.0,currencyservice,"currencyservice,productcatalogservice,redis,shippingservice,cartservice"
onlineboutique,cpu,currencyservice_cpu,3,currencyservice,11,52.0,4.73,1,1,1,1.0,currencyservice,"currencyservice,checkoutservice,shippingservice,recommendationservice,frontend",1,1,1,1.0,currencyservice,"currencyservice,checkoutservice,redis,emailservice,recommendationservice",1,1,1,1.0,currencyservice,"currencyservice,frontend,productcatalogservice,cartservice,paymentservice",1,1,1,1.0,currencyservice,"currencyservice,frontend,cartservice,productcatalogservice,adservice",1,1,1,1.0,currencyservice,"currencyservice,frontend,checkoutservice,shippingservice,recommendationservice",1,1,1,1.0,currencyservice,"currencyservice,redis,productcatalogservice,checkoutservice,recommendationservice",1,1,1,1.0,currencyservice,"currencyservice,adservice,frontend,emailservice,redis",1,1,1,1.0,currencyservice,"currencyservice,emailservice,redis,frontend,checkoutservice"
onlineboutique,cpu,currencyservice_cpu,4,currencyservice,11,52.5,4.77,1,1,1,1.0,currencyservice,"currencyservice,checkoutservice,emailservice,paymentservice,shippingservice",1,1,1,1.0,currencyservice,"currencyservice,paymentservice,cartservice,shippingservice,checkoutservice",1,1,1,1.0,currencyservice,"currencyservice,emailservice,paymentservice,frontend,productcatalogservice",1,1,1,1.0,currencyservice,"currencyservice,emailservice,paymentservice,checkoutservice,shippingservice",1,1,1,1.0,currencyservice,"currencyservice,emailservice,paymentservice,frontend,checkoutservice",1,1,1,1.0,currencyservice,"currencyservice,emailservice,paymentservice,shippingservice,cartservice",1,1,1,1.0,currencyservice,"currencyservice,frontend,productcatalogservice,paymentservice,cartservice",1,1,1,1.0,currencyservice,"currencyservice,emailservice,paymentservice,checkoutservice,cartservice"
onlineboutique,cpu,currencyservice_cpu,5,currencyservice,11,51.9,4.72,1,1,1,1.0,currencyservice,"currencyservice,shippingservice,frontend,recommendationservice,adservice",1,1,1,1.0,currencyservice,"currencyservice,shippingservice,frontend,adservice,redis",1,1,1,1.0,currencyservice,"currencyservice,frontend,redis,emailservice,productcatalogservice",1,1,1,1.0,currencyservice,"currencyservice,frontend,emailservice,redis,checkoutservice",1,1,1,1.0,currencyservice,"currencyservice,frontend,shippingservice,redis,checkoutservice",1,1,1,1.0,currencyservice,"currencyservice,frontend,redis,emailservice,cartservice",1,1,1,1.0,currencyservice,"currencyservice,frontend,productcatalogservice,adservice,emailservice",1,1,1,1.0,currencyservice,"currencyservice,productcatalogservice,redis,frontend,emailservice"
onlineboutique,cpu,productcatalogservice_cpu,1,productcatalogservice,11,52.9,4.81,1,1,1,1.0,productcatalogservice,"productcatalogservice,frontend,redis,recommendationservice,emailservice",1,1,1,1.0,productcatalogservice,"productcatalogservice,frontend,emailservice,redis,recommendationservice",1,1,1,1.0,productcatalogservice,"productcatalogservice,adservice,redis,recommendationservice,frontend",1,1,1,1.0,productcatalogservice,"productcatalogservice,adservice,frontend,cartservice,checkoutservice",1,1,1,1.0,productcatalogservice,"productcatalogservice,frontend,redis,recommendationservice,adservice",1,1,1,1.0,productcatalogservice,"productcatalogservice,frontend,adservice,emailservice,recommendationservice",1,1,1,1.0,productcatalogservice,"productcatalogservice,recommendationservice,currencyservice,shippingservice,frontend",1,1,1,1.0,productcatalogservice,"productcatalogservice,adservice,frontend,redis,emailservice"
onlineboutique,cpu,productcatalogservice_cpu,2,productcatalogservice,11,53.7,4.88,1,1,1,1.0,productcatalogservice,"productcatalogservice,recommendationservice,redis,cartservice,frontend",1,1,1,1.0,productcatalogservice,"productcatalogservice,recommendationservice,cartservice,redis,emailservice",1,1,1,1.0,productcatalogservice,"productcatalogservice,currencyservice,emailservice,adservice,shippingservice",1,1,1,1.0,productcatalogservice,"productcatalogservice,cartservice,frontend,redis,checkoutservice",1,1,1,1.0,productcatalogservice,"productcatalogservice,frontend,recommendationservice,redis,currencyservice",1,1,1,1.0,productcatalogservice,"productcatalogservice,recommendationservice,cartservice,emailservice,redis",1,1,1,1.0,productcatalogservice,"productcatalogservice,redis,recommendationservice,frontend,shippingservice",1,1,1,1.0,productcatalogservice,"productcatalogservice,paymentservice,recommendationservice,redis,currencyservice"
onlineboutique,cpu,productcatalogservice_cpu,3,productcatalogservice,11,50.9,4.63,1,1,1,1.0,productcatalogservice,"productcatalogservice,redis,currencyservice,emailservice,adservice",1,1,1,1.0,productcatalogservice,"productcatalogservice,redis,currencyservice,emailservice,adservice",1,1,1,1.0,productcatalogservice,"productcatalogservice,adservice,emailservice,recommendationservice,currencyservice",1,1,1,1.0,productcatalogservice,"productcatalogservice,adservice,emailservice,currencyservice,redis",1,1,1,1.0,productcatalogservice,"productcatalogservice,adservice,emailservice,currencyservice,recommendationservice",1,1,1,1.0,productcatalogservice,"productcatalogservice,adservice,emailservice,checkoutservice,currencyservice",1,1,1,1.0,productcatalogservice,"productcatalogservice,frontend,recommendationservice,shippingservice,cartservice",1,1,1,1.0,productcatalogservice,"productcatalogservice,adservice,emailservice,currencyservice,redis"
onlineboutique,cpu,productcatalogservice_cpu,4,productcatalogservice,11,54.3,4.93,1,1,1,1.0,productcatalogservice,"productcatalogservice,frontend,recommendationservice,adservice,shippingservice",1,1,1,1.0,productcatalogservice,"productcatalogservice,frontend,recommendationservice,adservice,currencyservice",1,1,1,1.0,productcatalogservice,"productcatalogservice,frontend,cartservice,redis,emailservice",1,1,1,1.0,productcatalogservice,"productcatalogservice,cartservice,frontend,adservice,currencyservice",1,1,1,1.0,productcatalogservice,"productcatalogservice,frontend,cartservice,recommendationservice,adservice",1,1,1,1.0,productcatalogservice,"productcatalogservice,frontend,cartservice,recommendationservice,redis",1,1,1,1.0,productcatalogservice,"productcatalogservice,adservice,paymentservice,redis,checkoutservice",1,1,1,1.0,productcatalogservice,"productcatalogservice,frontend,adservice,shippingservice,redis"
onlineboutique,cpu,productcatalogservice_cpu,5,productcatalogservice,11,55.0,5.0,1,1,1,1.0,productcatalogservice,"productcatalogservice,frontend,recommendationservice,cartservice,currencyservice",1,1,1,1.0,productcatalogservice,"productcatalogservice,frontend,recommendationservice,cartservice,adservice",1,1,1,1.0,productcatalogservice,"productcatalogservice,frontend,cartservice,redis,emailservice",1,1,1,1.0,productcatalogservice,"productcatalogservice,frontend,redis,cartservice,shippingservice",1,1,1,1.0,productcatalogservice,"productcatalogservice,frontend,cartservice,recommendationservice,checkoutservice",1,1,1,1.0,productcatalogservice,"productcatalogservice,frontend,cartservice,recommendationservice,adservice",1,1,1,1.0,productcatalogservice,"productcatalogservice,adservice,recommendationservice,emailservice,frontend",1,1,1,1.0,productcatalogservice,"productcatalogservice,frontend,adservice,shippingservice,recommendationservice"
onlineboutique,delay,adservice_delay,1,adservice,10,10.6,1.06,0,1,1,0.9,checkoutservice,"checkoutservice,adservice,shippingservice,cartservice,paymentservice",0,1,1,0.9,checkoutservice,"checkoutservice,adservice,shippingservice,paymentservice,currencyservice",1,1,1,1.0,adservice,"adservice,emailservice,checkoutservice,shippingservice,paymentservice",1,1,1,1.0,adservice,"adservice,emailservice,checkoutservice,shippingservice,paymentservice",1,1,1,1.0,adservice,"adservice,checkoutservice,emailservice,shippingservice,cartservice",1,1,1,1.0,adservice,"adservice,checkoutservice,emailservice,shippingservice,currencyservice",0,1,1,0.9,cartservice,"cartservice,adservice,checkoutservice,emailservice,frontend",0,1,1,0.9,cartservice,"cartservice,adservice,checkoutservice,emailservice,frontend"
onlineboutique,delay,adservice_delay,2,adservice,10,10.6,1.06,1,1,1,1.0,adservice,"adservice,checkoutservice,cartservice,emailservice,recommendationservice",1,1,1,1.0,adservice,"adservice,checkoutservice,cartservice,emailservice,recommendationservice",1,1,1,1.0,adservice,"adservice,checkoutservice,cartservice,shippingservice,paymentservice",1,1,1,1.0,adservice,"adservice,checkoutservice,shippingservice,frontend,currencyservice",1,1,1,1.0,adservice,"adservice,checkoutservice,cartservice,frontend,emailservice",1,1,1,1.0,adservice,"adservice,checkoutservice,recommendationservice,emailservice,shippingservice",0,1,1,0.8,cartservice,"cartservice,checkoutservice,adservice,emailservice,shippingservice",0,1,1,0.8,cartservice,"cartservice,checkoutservice,adservice,emailservice,shippingservice"
onlineboutique,delay,adservice_delay,3,adservice,10,10.6,1.06,0,1,1,0.9,checkoutservice,"checkoutservice,adservice,cartservice,currencyservice,shippingservice",0,1,1,0.9,checkoutservice,"checkoutservice,adservice,currencyservice,shippingservice,cartservice",1,1,1,1.0,adservice,"adservice,checkoutservice,cartservice,frontend,productcatalogservice",1,1,1,1.0,adservice,"adservice,checkoutservice,cartservice,frontend,productcatalogservice",1,1,1,1.0,adservice,"adservice,checkoutservice,cartservice,recommendationservice,emailservice",1,1,1,1.0,adservice,"adservice,checkoutservice,cartservice,shippingservice,recommendationservice",1,1,1,1.0,adservice,"adservice,cartservice,checkoutservice,shippingservice,emailservice",1,1,1,1.0,adservice,"adservice,cartservice,checkoutservice,currencyservice,frontend"
onlineboutique,delay,adservice_delay,4,adservice,10,10.5,1.05,0,1,1,0.9,checkoutservice,"checkoutservice,adservice,emailservice,frontend,paymentservice",0,1,1,0.9,checkoutservice,"checkoutservice,adservice,emailservice,frontend,paymentservice",1,1,1,1.0,adservice,"adservice,checkoutservice,cartservice,shippingservice,recommendationservice",1,1,1,1.0,adservice,"adservice,checkoutservice,cartservice,recommendationservice,currencyservice",1,1,1,1.0,adservice,"adservice,checkoutservice,cartservice,frontend,emailservice",1,1,1,1.0,adservice,"adservice,checkoutservice,cartservice,frontend,emailservice",1,1,1,1.0,adservice,"adservice,checkoutservice,emailservice,paymentservice,shippingservice",1,1,1,1.0,adservice,"adservice,checkoutservice,emailservice,paymentservice,frontend"
onlineboutique,delay,adservice_delay,5,adservice,10,10.6,1.06,0,1,1,0.9,checkoutservice,"checkoutservice,adservice,productcatalogservice,paymentservice,cartservice",0,1,1,0.9,checkoutservice,"checkoutservice,adservice,productcatalogservice,paymentservice,cartservice",1,1,1,1.0,adservice,"adservice,cartservice,currencyservice,checkoutservice,frontend",1,1,1,1.0,adservice,"adservice,cartservice,currencyservice,checkoutservice,frontend",1,1,1,1.0,adservice,"adservice,checkoutservice,cartservice,currencyservice,frontend",1,1,1,1.0,adservice,"adservice,checkoutservice,cartservice,currencyservice,frontend",1,1,1,1.0,adservice,"adservice,checkoutservice,recommendationservice,currencyservice,productcatalogservice",1,1,1,1.0,adservice,"adservice,checkoutservice,recommendationservice,currencyservice,productcatalogservice"
onlineboutique,delay,cartservice_delay,1,cartservice,10,10.5,1.05,0,0,1,0.7,frontend,"frontend,checkoutservice,emailservice,cartservice,recommendationservice",0,0,1,0.7,frontend,"frontend,checkoutservice,emailservice,cartservice,recommendationservice",1,1,1,1.0,cartservice,"cartservice,checkoutservice,frontend,emailservice,shippingservice",1,1,1,1.0,cartservice,"cartservice,checkoutservice,frontend,emailservice,shippingservice",1,1,1,1.0,cartservice,"cartservice,checkoutservice,frontend,emailservice,productcatalogservice",1,1,1,1.0,cartservice,"cartservice,checkoutservice,frontend,emailservice,productcatalogservice",0,1,1,0.9,checkoutservice,"checkoutservice,cartservice,frontend,paymentservice,emailservice",0,1,1,0.9,checkoutservice,"checkoutservice,cartservice,frontend,paymentservice,emailservice"
onlineboutique,delay,cartservice_delay,2,cartservice,10,10.6,1.06,0,1,1,0.8,frontend,"frontend,checkoutservice,cartservice,emailservice,paymentservice",0,1,1,0.8,frontend,"frontend,checkoutservice,cartservice,emailservice,paymentservice",1,1,1,1.0,cartservice,"cartservice,checkoutservice,frontend,emailservice,recommendationservice",1,1,1,1.0,cartservice,"cartservice,checkoutservice,frontend,recommendationservice,emailservice",1,1,1,1.0,cartservice,"cartservice,checkoutservice,frontend,emailservice,paymentservice",1,1,1,1.0,cartservice,"cartservice,checkoutservice,frontend,emailservice,paymentservice",0,0,1,0.7,checkoutservice,"checkoutservice,paymentservice,frontend,cartservice,emailservice",0,1,1,0.8,checkoutservice,"checkoutservice,paymentservice,cartservice,frontend,productcatalogservice"
onlineboutique,delay,cartservice_delay,3,cartservice,10,10.5,1.05,0,1,1,0.9,frontend,"frontend,cartservice,checkoutservice,paymentservice,shippingservice",0,1,1,0.8,frontend,"frontend,checkoutservice,cartservice,paymentservice,shippingservice",1,1,1,1.0,cartservice,"cartservice,checkoutservice,frontend,adservice,paymentservice",1,1,1,1.0,cartservice,"cartservice,checkoutservice,frontend,adservice,recommendationservice",1,1,1,1.0,cartservice,"cartservice,checkoutservice,frontend,paymentservice,emailservice",1,1,1,1.0,cartservice,"cartservice,checkoutservice,frontend,paymentservice,emailservice",0,1,1,0.9,checkoutservice,"checkoutservice,cartservice,frontend,shippingservice,currencyservice",0,1,1,0.9,checkoutservice,"checkoutservice,cartservice,shippingservice,frontend,currencyservice"
onlineboutique,delay,cartservice_delay,4,cartservice,10,10.6,1.06,0,1,1,0.9,frontend,"frontend,cartservice,checkoutservice,productcatalogservice,emailservice",0,1,1,0.9,frontend,"frontend,cartservice,checkoutservice,productcatalogservice,emailservice",1,1,1,1.0,cartservice,"cartservice,checkoutservice,frontend,emailservice,shippingservice",1,1,1,1.0,cartservice,"cartservice,checkoutservice,frontend,emailservice,recommendationservice",1,1,1,1.0,cartservice,"cartservice,checkoutservice,frontend,emailservice,productcatalogservice",1,1,1,1.0,cartservice,"cartservice,checkoutservice,frontend,emailservice,productcatalogservice",0,0,1,0.6,checkoutservice,"checkoutservice,frontend,currencyservice,adservice,cartservice",0,1,1,0.8,checkoutservice,"checkoutservice,frontend,cartservice,currencyservice,adservice"
onlineboutique,delay,cartservice_delay,5,cartservice,10,10.7,1.07,0,1,1,0.8,frontend,"frontend,checkoutservice,cartservice,emailservice,productcatalogservice",0,1,1,0.8,frontend,"frontend,checkoutservice,cartservice,emailservice,productcatalogservice",1,1,1,1.0,cartservice,"cartservice,checkoutservice,frontend,emailservice,shippingservice",1,1,1,1.0,cartservice,"cartservice,checkoutservice,frontend,emailservice,shippingservice",1,1,1,1.0,cartservice,"cartservice,checkoutservice,frontend,emailservice,productcatalogservice",1,1,1,1.0,cartservice,"cartservice,checkoutservice,frontend,emailservice,paymentservice",0,0,1,0.6,checkoutservice,"checkoutservice,frontend,emailservice,adservice,cartservice",0,0,1,0.6,checkoutservice,"checkoutservice,emailservice,adservice,shippingservice,cartservice"
onlineboutique,delay,checkoutservice_delay,1,checkoutservice,10,10.5,1.05,0,1,1,0.9,shippingservice,"shippingservice,checkoutservice,paymentservice,adservice,frontend",0,1,1,0.9,shippingservice,"shippingservice,checkoutservice,paymentservice,adservice,emailservice",1,1,1,1.0,checkoutservice,"checkoutservice,cartservice,frontend,shippingservice,recommendationservice",1,1,1,1.0,checkoutservice,"checkoutservice,cartservice,frontend,shippingservice,recommendationservice",1,1,1,1.0,checkoutservice,"checkoutservice,cartservice,shippingservice,frontend,paymentservice",1,1,1,1.0,checkoutservice,"checkoutservice,cartservice,shippingservice,frontend,paymentservice",1,1,1,1.0,checkoutservice,"checkoutservice,shippingservice,adservice,emailservice,currencyservice",1,1,1,1.0,checkoutservice,"checkoutservice,shippingservice,frontend,paymentservice,currencyservice"
onlineboutique,delay,checkoutservice_delay,2,checkoutservice,10,10.7,1.07,0,1,1,0.9,shippingservice,"shippingservice,checkoutservice,frontend,paymentservice,currencyservice",0,1,1,0.9,shippingservice,"shippingservice,checkoutservice,frontend,paymentservice,currencyservice",1,1,1,1.0,checkoutservice,"checkoutservice,cartservice,frontend,shippingservice,emailservice",1,1,1,1.0,checkoutservice,"checkoutservice,cartservice,frontend,shippingservice,emailservice",1,1,1,1.0,checkoutservice,"checkoutservice,frontend,shippingservice,cartservice,emailservice",1,1,1,1.0,checkoutservice,"checkoutservice,shippingservice,frontend,cartservice,emailservice",1,1,1,1.0,checkoutservice,"checkoutservice,shippingservice,paymentservice,adservice,emailservice",1,1,1,1.0,checkoutservice,"checkoutservice,frontend,currencyservice,cartservice,productcatalogservice"
onlineboutique,delay,checkoutservice_delay,3,checkoutservice,10,10.4,1.04,0,1,1,0.9,shippingservice,"shippingservice,checkoutservice,adservice,productcatalogservice,cartservice",0,1,1,0.9,shippingservice,"shippingservice,checkoutservice,adservice,productcatalogservice,cartservice",1,1,1,1.0,checkoutservice,"checkoutservice,shippingservice,frontend,cartservice,emailservice",1,1,1,1.0,checkoutservice,"checkoutservice,shippingservice,frontend,cartservice,emailservice",1,1,1,1.0,checkoutservice,"checkoutservice,shippingservice,frontend,adservice,cartservice",1,1,1,1.0,checkoutservice,"checkoutservice,shippingservice,frontend,adservice,cartservice",1,1,1,1.0,checkoutservice,"checkoutservice,paymentservice,emailservice,shippingservice,currencyservice",1,1,1,1.0,checkoutservice,"checkoutservice,adservice,frontend,shippingservice,currencyservice"
onlineboutique,delay,checkoutservice_delay,4,checkoutservice,10,10.7,1.07,0,1,1,0.9,shippingservice,"shippingservice,checkoutservice,adservice,productcatalogservice,cartservice",0,1,1,0.9,shippingservice,"shippingservice,checkoutservice,productcatalogservice,adservice,cartservice",1,1,1,1.0,checkoutservice,"checkoutservice,cartservice,frontend,shippingservice,adservice",1,1,1,1.0,checkoutservice,"checkoutservice,cartservice,frontend,shippingservice,adservice",1,1,1,1.0,checkoutservice,"checkoutservice,cartservice,frontend,shippingservice,adservice",1,1,1,1.0,checkoutservice,"checkoutservice,cartservice,frontend,shippingservice,adservice",1,1,1,1.0,checkoutservice,"checkoutservice,paymentservice,adservice,emailservice,currencyservice",1,1,1,1.0,checkoutservice,"checkoutservice,adservice,currencyservice,frontend,cartservice"
onlineboutique,delay,checkoutservice_delay,5,checkoutservice,10,10.5,1.05,0,1,1,0.9,shippingservice,"shippingservice,checkoutservice,emailservice,productcatalogservice,recommendationservice",0,1,1,0.9,shippingservice,"shippingservice,checkoutservice,emailservice,productcatalogservice,recommendationservice",1,1,1,1.0,checkoutservice,"checkoutservice,shippingservice,frontend,cartservice,emailservice",1,1,1,1.0,checkoutservice,"checkoutservice,shippingservice,frontend,productcatalogservice,recommendationservice",1,1,1,1.0,checkoutservice,"checkoutservice,shippingservice,frontend,emailservice,cartservice",1,1,1,1.0,checkoutservice,"checkoutservice,shippingservice,emailservice,frontend,productcatalogservice",1,1,1,1.0,checkoutservice,"checkoutservice,paymentservice,adservice,frontend,shippingservice",1,1,1,1.0,checkoutservice,"checkoutservice,adservice,paymentservice,frontend,recommendationservice"
onlineboutique,delay,currencyservice_delay,1,currencyservice,10,10.6,1.06,0,1,1,0.9,frontend,"frontend,currencyservice,productcatalogservice,checkoutservice,adservice",0,1,1,0.9,frontend,"frontend,currencyservice,productcatalogservice,checkoutservice,adservice",0,1,1,0.9,checkoutservice,"checkoutservice,currencyservice,cartservice,frontend,emailservice",0,1,1,0.9,checkoutservice,"checkoutservice,currencyservice,cartservice,frontend,emailservice",0,1,1,0.9,checkoutservice,"checkoutservice,currencyservice,frontend,cartservice,emailservice",0,1,1,0.9,checkoutservice,"checkoutservice,currencyservice,frontend,cartservice,productcatalogservice",1,1,1,1.0,currencyservice,"currencyservice,cartservice,frontend,productcatalogservice,emailservice",1,1,1,1.0,currencyservice,"currencyservice,cartservice,frontend,productcatalogservice,recommendationservice"
onlineboutique,delay,currencyservice_delay,2,currencyservice,10,10.4,1.04,0,1,1,0.9,frontend,"frontend,currencyservice,checkoutservice,adservice,shippingservice",1,1,1,1.0,currencyservice,"currencyservice,frontend,checkoutservice,adservice,shippingservice",0,1,1,0.9,checkoutservice,"checkoutservice,currencyservice,frontend,cartservice,shippingservice",0,1,1,0.9,checkoutservice,"checkoutservice,currencyservice,frontend,cartservice,shippingservice",0,1,1,0.9,checkoutservice,"checkoutservice,currencyservice,frontend,cartservice,shippingservice",0,1,1,0.9,checkoutservice,"checkoutservice,currencyservice,frontend,cartservice,emailservice",1,1,1,1.0,currencyservice,"currencyservice,frontend,adservice,checkoutservice,recommendationservice",1,1,1,1.0,currencyservice,"currencyservice,frontend,adservice,checkoutservice,shippingservice"
onlineboutique,delay,currencyservice_delay,3,currencyservice,10,10.7,1.07,0,1,1,0.8,frontend,"frontend,checkoutservice,currencyservice,paymentservice,productcatalogservice",0,1,1,0.8,frontend,"frontend,checkoutservice,currencyservice,paymentservice,productcatalogservice",1,1,1,1.0,currencyservice,"currencyservice,checkoutservice,cartservice,frontend,adservice",1,1,1,1.0,currencyservice,"currencyservice,checkoutservice,cartservice,frontend,recommendationservice",1,1,1,1.0,currencyservice,"currencyservice,checkoutservice,frontend,cartservice,productcatalogservice",1,1,1,1.0,currencyservice,"currencyservice,checkoutservice,frontend,cartservice,productcatalogservice",1,1,1,1.0,currencyservice,"currencyservice,frontend,checkoutservice,paymentservice,emailservice",1,1,1,1.0,currencyservice,"currencyservice,frontend,checkoutservice,paymentservice,cartservice"
onlineboutique,delay,currencyservice_delay,4,currencyservice,10,10.6,1.06,0,1,1,0.8,frontend,"frontend,paymentservice,currencyservice,checkoutservice,shippingservice",0,1,1,0.8,frontend,"frontend,paymentservice,currencyservice,checkoutservice,shippingservice",1,1,1,1.0,currencyservice,"currencyservice,checkoutservice,frontend,cartservice,emailservice",1,1,1,1.0,currencyservice,"currencyservice,checkoutservice,frontend,cartservice,recommendationservice",1,1,1,1.0,currencyservice,"currencyservice,checkoutservice,frontend,cartservice,paymentservice",1,1,1,1.0,currencyservice,"currencyservice,checkoutservice,frontend,cartservice,paymentservice",1,1,1,1.0,currencyservice,"currencyservice,frontend,paymentservice,checkoutservice,shippingservice",1,1,1,1.0,currencyservice,"currencyservice,frontend,paymentservice,shippingservice,checkoutservice"
onlineboutique,delay,currencyservice_delay,5,currencyservice,10,10.4,1.04,1,1,1,1.0,currencyservice,"currencyservice,frontend,checkoutservice,productcatalogservice,shippingservice",1,1,1,1.0,currencyservice,"currencyservice,frontend,checkoutservice,productcatalogservice,shippingservice",0,1,1,0.9,checkoutservice,"checkoutservice,currencyservice,frontend,emailservice,paymentservice",0,1,1,0.9,checkoutservice,"checkoutservice,currencyservice,frontend,emailservice,shippingservice",0,1,1,0.9,checkoutservice,"checkoutservice,currencyservice,frontend,emailservice,productcatalogservice",0,1,1,0.9,checkoutservice,"checkoutservice,currencyservice,frontend,productcatalogservice,shippingservice",1,1,1,1.0,currencyservice,"currencyservice,frontend,productcatalogservice,adservice,checkoutservice",1,1,1,1.0,currencyservice,"currencyservice,frontend,adservice,productcatalogservice,checkoutservice"
onlineboutique,delay,productcatalogservice_delay,1,productcatalogservice,10,10.4,1.04,0,1,1,0.9,frontend,"frontend,productcatalogservice,recommendationservice,paymentservice,checkoutservice",0,1,1,0.9,frontend,"frontend,productcatalogservice,recommendationservice,paymentservice,checkoutservice",0,1,1,0.9,checkoutservice,"checkoutservice,productcatalogservice,recommendationservice,frontend,cartservice",0,1,1,0.9,checkoutservice,"checkoutservice,productcatalogservice,recommendationservice,frontend,cartservice",0,1,1,0.9,checkoutservice,"checkoutservice,productcatalogservice,recommendationservice,frontend,paymentservice",0,1,1,0.9,checkoutservice,"checkoutservice,productcatalogservice,recommendationservice,frontend,paymentservice",0,1,1,0.9,frontend,"frontend,productcatalogservice,adservice,cartservice,recommendationservice",0,1,1,0.9,frontend,"frontend,productcatalogservice,adservice,cartservice,recommendationservice"
onlineboutique,delay,productcatalogservice_delay,2,productcatalogservice,10,10.5,1.05,1,1,1,1.0,productcatalogservice,"productcatalogservice,frontend,recommendationservice,checkoutservice,shippingservice",1,1,1,1.0,productcatalogservice,"productcatalogservice,frontend,recommendationservice,checkoutservice,shippingservice",0,1,1,0.9,checkoutservice,"checkoutservice,productcatalogservice,frontend,recommendationservice,paymentservice",0,1,1,0.9,checkoutservice,"checkoutservice,productcatalogservice,frontend,recommendationservice,paymentservice",0,1,1,0.9,checkoutservice,"checkoutservice,productcatalogservice,frontend,recommendationservice,emailservice",0,1,1,0.9,checkoutservice,"checkoutservice,productcatalogservice,frontend,recommendationservice,emailservice",0,0,1,0.6,frontend,"frontend,recommendationservice,shippingservice,cartservice,productcatalogservice",0,0,1,0.7,frontend,"frontend,recommendationservice,shippingservice,productcatalogservice,cartservice"
onlineboutique,delay,productcatalogservice_delay,3,productcatalogservice,10,10.5,1.05,1,1,1,1.0,productcatalogservice,"productcatalogservice,frontend,recommendationservice,checkoutservice,shippingservice",1,1,1,1.0,productcatalogservice,"productcatalogservice,frontend,recommendationservice,checkoutservice,shippingservice",1,1,1,1.0,productcatalogservice,"productcatalogservice,checkoutservice,recommendationservice,frontend,cartservice",1,1,1,1.0,productcatalogservice,"productcatalogservice,checkoutservice,recommendationservice,frontend,cartservice",1,1,1,1.0,productcatalogservice,"productcatalogservice,checkoutservice,recommendationservice,frontend,shippingservice",1,1,1,1.0,productcatalogservice,"productcatalogservice,checkoutservice,recommendationservice,frontend,shippingservice",0,0,0,0.5,frontend,"frontend,recommendationservice,emailservice,currencyservice,paymentservice",0,0,1,0.6,frontend,"frontend,recommendationservice,emailservice,currencyservice,productcatalogservice"
onlineboutique,delay,productcatalogservice_delay,4,productcatalogservice,10,10.6,1.06,1,1,1,1.0,productcatalogservice,"productcatalogservice,frontend,recommendationservice,adservice,checkoutservice",1,1,1,1.0,productcatalogservice,"productcatalogservice,frontend,recommendationservice,adservice,checkoutservice",1,1,1,1.0,productcatalogservice,"productcatalogservice,checkoutservice,recommendationservice,frontend,cartservice",1,1,1,1.0,productcatalogservice,"productcatalogservice,checkoutservice,recommendationservice,frontend,cartservice",1,1,1,1.0,productcatalogservice,"productcatalogservice,checkoutservice,recommendationservice,frontend,cartservice",1,1,1,1.0,productcatalogservice,"productcatalogservice,checkoutservice,recommendationservice,frontend,cartservice",0,1,1,0.8,frontend,"frontend,adservice,productcatalogservice,shippingservice,recommendationservice",0,0,1,0.7,frontend,"frontend,paymentservice,adservice,productcatalogservice,checkoutservice"
onlineboutique,delay,productcatalogservice_delay,5,productcatalogservice,10,10.6,1.06,0,1,1,0.9,frontend,"frontend,productcatalogservice,recommendationservice,checkoutservice,shippingservice",0,1,1,0.9,frontend,"frontend,productcatalogservice,recommendationservice,checkoutservice,shippingservice",1,1,1,1.0,productcatalogservice,"productcatalogservice,checkoutservice,recommendationservice,cartservice,frontend",1,1,1,1.0,productcatalogservice,"productcatalogservice,checkoutservice,recommendationservice,cartservice,frontend",1,1,1,1.0,productcatalogservice,"productcatalogservice,checkoutservice,recommendationservice,frontend,cartservice",1,1,1,1.0,productcatalogservice,"productcatalogservice,checkoutservice,recommendationservice,frontend,cartservice",0,1,1,0.9,frontend,"frontend,productcatalogservice,recommendationservice,paymentservice,shippingservice",0,1,1,0.8,frontend,"frontend,recommendationservice,productcatalogservice,currencyservice,paymentservice"
onlineboutique,disk,adservice_disk,1,adservice,10,10.6,1.06,1,1,1,1.0,adservice,"adservice,emailservice,frontend,cartservice,productcatalogservice",1,1,1,1.0,adservice,"adservice,emailservice,cartservice,frontend,productcatalogservice",0,1,1,0.8,emailservice,"emailservice,cartservice,adservice,paymentservice,productcatalogservice",0,1,1,0.8,emailservice,"emailservice,cartservice,adservice,productcatalogservice,recommendationservice",0,1,1,0.9,emailservice,"emailservice,adservice,cartservice,productcatalogservice,recommendationservice",0,1,1,0.9,emailservice,"emailservice,adservice,cartservice,productcatalogservice,shippingservice",0,0,0,0.5,frontend,"frontend,cartservice,checkoutservice,recommendationservice,currencyservice",0,0,0,0.1,frontend,"frontend,checkoutservice,cartservice,currencyservice,recommendationservice"
onlineboutique,disk,adservice_disk,2,adservice,10,10.6,1.06,0,0,1,0.6,checkoutservice,"checkoutservice,productcatalogservice,emailservice,paymentservice,adservice",0,0,1,0.6,checkoutservice,"checkoutservice,productcatalogservice,emailservice,paymentservice,adservice",1,1,1,1.0,adservice,"adservice,emailservice,productcatalogservice,paymentservice,cartservice",1,1,1,1.0,adservice,"adservice,emailservice,productcatalogservice,paymentservice,frontend",1,1,1,1.0,adservice,"adservice,emailservice,productcatalogservice,paymentservice,checkoutservice",1,1,1,1.0,adservice,"adservice,emailservice,productcatalogservice,paymentservice,checkoutservice",0,1,1,0.9,checkoutservice,"checkoutservice,adservice,frontend,emailservice,paymentservice",0,0,0,0.4,checkoutservice,"checkoutservice,frontend,productcatalogservice,emailservice,cartservice"
onlineboutique,disk,adservice_disk,3,adservice,10,10.6,1.06,1,1,1,1.0,adservice,"adservice,emailservice,productcatalogservice,checkoutservice,frontend",1,1,1,1.0,adservice,"adservice,emailservice,checkoutservice,productcatalogservice,frontend",0,1,1,0.9,emailservice,"emailservice,adservice,cartservice,productcatalogservice,paymentservice",0,1,1,0.9,emailservice,"emailservice,adservice,cartservice,productcatalogservice,currencyservice",0,1,1,0.9,emailservice,"emailservice,adservice,productcatalogservice,cartservice,checkoutservice",0,1,1,0.9,emailservice,"emailservice,adservice,productcatalogservice,cartservice,checkoutservice",1,1,1,1.0,adservice,"adservice,cartservice,currencyservice,frontend,recommendationservice",0,1,1,0.9,productcatalogservice,"productcatalogservice,adservice,cartservice,frontend,shippingservice"
onlineboutique,disk,adservice_disk,4,adservice,10,10.6,1.06,1,1,1,1.0,adservice,"adservice,productcatalogservice,emailservice,shippingservice,frontend",1,1,1,1.0,adservice,"adservice,productcatalogservice,emailservice,shippingservice,frontend",1,1,1,1.0,adservice,"adservice,emailservice,productcatalogservice,checkoutservice,paymentservice",1,1,1,1.0,adservice,"adservice,emailservice,productcatalogservice,checkoutservice,frontend",1,1,1,1.0,adservice,"adservice,emailservice,productcatalogservice,frontend,cartservice",1,1,1,1.0,adservice,"adservice,emailservice,productcatalogservice,frontend,shippingservice",0,1,1,0.9,checkoutservice,"checkoutservice,adservice,paymentservice,frontend,shippingservice",0,0,1,0.6,checkoutservice,"checkoutservice,productcatalogservice,emailservice,cartservice,adservice"
onlineboutique,disk,adservice_disk,5,adservice,10,10.4,1.04,0,1,1,0.9,productcatalogservice,"productcatalogservice,adservice,emailservice,shippingservice,paymentservice",1,1,1,1.0,adservice,"adservice,productcatalogservice,emailservice,shippingservice,paymentservice",0,1,1,0.8,cartservice,"cartservice,emailservice,adservice,productcatalogservice,frontend",0,1,1,0.8,cartservice,"cartservice,emailservice,adservice,productcatalogservice,frontend",0,1,1,0.9,emailservice,"emailservice,adservice,cartservice,productcatalogservice,paymentservice",0,1,1,0.9,emailservice,"emailservice,adservice,cartservice,productcatalogservice,paymentservice",0,0,1,0.7,recommendationservice,"recommendationservice,frontend,cartservice,adservice,checkoutservice",0,0,0,0.3,recommendationservice,"recommendationservice,frontend,cartservice,shippingservice,checkoutservice"
onlineboutique,disk,cartservice_disk,1,cartservice,10,10.6,1.06,0,1,1,0.9,checkoutservice,"checkoutservice,cartservice,adservice,recommendationservice,paymentservice",0,1,1,0.9,checkoutservice,"checkoutservice,cartservice,adservice,paymentservice,recommendationservice",1,1,1,1.0,cartservice,"cartservice,paymentservice,checkoutservice,emailservice,productcatalogservice",1,1,1,1.0,cartservice,"cartservice,paymentservice,checkoutservice,emailservice,productcatalogservice",1,1,1,1.0,cartservice,"cartservice,paymentservice,checkoutservice,emailservice,productcatalogservice",1,1,1,1.0,cartservice,"cartservice,paymentservice,checkoutservice,emailservice,adservice",0,1,1,0.9,recommendationservice,"recommendationservice,cartservice,shippingservice,currencyservice,adservice",0,0,0,0.2,recommendationservice,"recommendationservice,emailservice,productcatalogservice,paymentservice,frontend"
onlineboutique,disk,cartservice_disk,2,cartservice,10,10.7,1.07,1,1,1,1.0,cartservice,"cartservice,checkoutservice,shippingservice,currencyservice,emailservice",0,1,1,0.9,checkoutservice,"checkoutservice,cartservice,shippingservice,currencyservice,emailservice",1,1,1,1.0,cartservice,"cartservice,checkoutservice,emailservice,productcatalogservice,paymentservice",1,1,1,1.0,cartservice,"cartservice,checkoutservice,emailservice,productcatalogservice,adservice",1,1,1,1.0,cartservice,"cartservice,checkoutservice,emailservice,shippingservice,currencyservice",1,1,1,1.0,cartservice,"cartservice,checkoutservice,emailservice,shippingservice,currencyservice",0,1,1,0.8,recommendationservice,"recommendationservice,paymentservice,cartservice,frontend,currencyservice",0,0,1,0.7,recommendationservice,"recommendationservice,checkoutservice,emailservice,cartservice,adservice"
onlineboutique,disk,cartservice_disk,3,cartservice,10,10.6,1.06,0,1,1,0.9,shippingservice,"shippingservice,cartservice,paymentservice,emailservice,adservice",0,1,1,0.9,shippingservice,"shippingservice,cartservice,paymentservice,emailservice,adservice",1,1,1,1.0,cartservice,"cartservice,emailservice,adservice,currencyservice,paymentservice",1,1,1,1.0,cartservice,"cartservice,emailservice,adservice,currencyservice,paymentservice",1,1,1,1.0,cartservice,"cartservice,emailservice,adservice,currencyservice,paymentservice",1,1,1,1.0,cartservice,"cartservice,emailservice,adservice,paymentservice,currencyservice",0,1,1,0.8,recommendationservice,"recommendationservice,shippingservice,cartservice,currencyservice,adservice",0,0,0,0.1,recommendationservice,"recommendationservice,shippingservice,emailservice,productcatalogservice,checkoutservice"
onlineboutique,disk,cartservice_disk,4,cartservice,10,10.6,1.06,0,1,1,0.8,recommendationservice,"recommendationservice,shippingservice,cartservice,checkoutservice,currencyservice",0,1,1,0.8,recommendationservice,"recommendationservice,shippingservice,cartservice,checkoutservice,paymentservice",1,1,1,1.0,cartservice,"cartservice,currencyservice,adservice,emailservice,checkoutservice",1,1,1,1.0,cartservice,"cartservice,currencyservice,adservice,emailservice,checkoutservice",1,1,1,1.0,cartservice,"cartservice,currencyservice,adservice,checkoutservice,emailservice",1,1,1,1.0,cartservice,"cartservice,currencyservice,adservice,checkoutservice,emailservice",0,0,0,0.4,recommendationservice,"recommendationservice,shippingservice,checkoutservice,currencyservice,paymentservice",0,0,0,0.2,recommendationservice,"recommendationservice,emailservice,productcatalogservice,frontend,currencyservice"
onlineboutique,disk,cartservice_disk,5,cartservice,10,10.6,1.06,1,1,1,1.0,cartservice,"cartservice,currencyservice,checkoutservice,shippingservice,emailservice",1,1,1,1.0,cartservice,"cartservice,currencyservice,checkoutservice,shippingservice,emailservice",1,1,1,1.0,cartservice,"cartservice,emailservice,checkoutservice,paymentservice,productcatalogservice",1,1,1,1.0,cartservice,"cartservice,emailservice,checkoutservice,paymentservice,productcatalogservice",1,1,1,1.0,cartservice,"cartservice,emailservice,checkoutservice,paymentservice,shippingservice",1,1,1,1.0,cartservice,"cartservice,emailservice,checkoutservice,paymentservice,shippingservice",0,1,1,0.9,recommendationservice,"recommendationservice,cartservice,currencyservice,shippingservice,frontend",0,0,0,0.3,recommendationservice,"recommendationservice,emailservice,checkoutservice,paymentservice,currencyservice"
onlineboutique,disk,checkoutservice_disk,1,checkoutservice,10,10.6,1.06,0,1,1,0.9,emailservice,"emailservice,checkoutservice,productcatalogservice,adservice,shippingservice",0,1,1,0.9,emailservice,"emailservice,checkoutservice,productcatalogservice,adservice,shippingservice",0,1,1,0.9,emailservice,"emailservice,checkoutservice,productcatalogservice,cartservice,paymentservice",0,1,1,0.9,emailservice,"emailservice,checkoutservice,productcatalogservice,cartservice,paymentservice",0,1,1,0.9,emailservice,"emailservice,checkoutservice,productcatalogservice,cartservice,adservice",0,1,1,0.9,emailservice,"emailservice,checkoutservice,productcatalogservice,shippingservice,paymentservice",0,0,0,0.1,cartservice,"cartservice,frontend,paymentservice,emailservice,recommendationservice",0,1,1,0.9,productcatalogservice,"productcatalogservice,checkoutservice,emailservice,frontend,currencyservice"
onlineboutique,disk,checkoutservice_disk,2,checkoutservice,10,10.6,1.06,0,0,1,0.6,emailservice,"emailservice,paymentservice,productcatalogservice,shippingservice,checkoutservice",0,0,0,0.5,emailservice,"emailservice,paymentservice,productcatalogservice,shippingservice,adservice",0,0,1,0.7,cartservice,"cartservice,emailservice,productcatalogservice,checkoutservice,frontend",0,1,1,0.8,cartservice,"cartservice,emailservice,checkoutservice,productcatalogservice,frontend",0,0,1,0.7,emailservice,"emailservice,cartservice,productcatalogservice,checkoutservice,paymentservice",0,0,1,0.7,emailservice,"emailservice,cartservice,productcatalogservice,checkoutservice,paymentservice",0,0,0,0.1,emailservice,"emailservice,adservice,paymentservice,frontend,productcatalogservice",0,0,1,0.7,emailservice,"emailservice,productcatalogservice,cartservice,checkoutservice,frontend"
onlineboutique,disk,checkoutservice_disk,3,checkoutservice,10,10.7,1.07,0,0,1,0.6,adservice,"adservice,emailservice,productcatalogservice,shippingservice,checkoutservice",0,0,1,0.7,adservice,"adservice,emailservice,productcatalogservice,checkoutservice,shippingservice",0,1,1,0.9,cartservice,"cartservice,checkoutservice,productcatalogservice,emailservice,frontend",1,1,1,1.0,checkoutservice,"checkoutservice,productcatalogservice,cartservice,emailservice,paymentservice",0,1,1,0.8,cartservice,"cartservice,productcatalogservice,checkoutservice,emailservice,frontend",0,1,1,0.8,cartservice,"cartservice,productcatalogservice,checkoutservice,emailservice,paymentservice",0,0,0,0.2,adservice,"adservice,emailservice,currencyservice,shippingservice,productcatalogservice",0,1,1,0.8,adservice,"adservice,currencyservice,checkoutservice,frontend,cartservice"
onlineboutique,disk,checkoutservice_disk,4,checkoutservice,10,10.5,1.05,0,0,0,0.5,adservice,"adservice,shippingservice,emailservice,productcatalogservice,paymentservice",0,0,0,0.5,adservice,"adservice,emailservice,shippingservice,paymentservice,productcatalogservice",0,0,1,0.6,emailservice,"emailservice,productcatalogservice,paymentservice,cartservice,checkoutservice",0,0,1,0.6,emailservice,"emailservice,productcatalogservice,paymentservice,cartservice,checkoutservice",0,0,1,0.7,emailservice,"emailservice,productcatalogservice,paymentservice,checkoutservice,adservice",0,0,1,0.7,emailservice,"emailservice,productcatalogservice,paymentservice,checkoutservice,adservice",0,0,0,0.1,recommendationservice,"recommendationservice,cartservice,frontend,currencyservice,adservice",0,0,1,0.6,recommendationservice,"recommendationservice,cartservice,frontend,currencyservice,checkoutservice"
onlineboutique,disk,checkoutservice_disk,5,checkoutservice,10,10.6,1.06,0,0,1,0.6,recommendationservice,"recommendationservice,productcatalogservice,adservice,shippingservice,checkoutservice",0,0,1,0.6,recommendationservice,"recommendationservice,productcatalogservice,adservice,shippingservice,checkoutservice",0,0,1,0.7,currencyservice,"currencyservice,emailservice,productcatalogservice,checkoutservice,cartservice",0,0,1,0.7,emailservice,"emailservice,currencyservice,productcatalogservice,checkoutservice,cartservice",0,0,1,0.7,currencyservice,"currencyservice,emailservice,productcatalogservice,checkoutservice,cartservice",0,0,1,0.7,emailservice,"emailservice,currencyservice,productcatalogservice,checkoutservice,adservice",0,0,0,0.2,emailservice,"emailservice,productcatalogservice,recommendationservice,adservice,shippingservice",0,0,1,0.6,emailservice,"emailservice,productcatalogservice,recommendationservice,cartservice,checkoutservice"
onlineboutique,disk,currencyservice_disk,1,currencyservice,10,10.6,1.06,0,1,1,0.9,checkoutservice,"checkoutservice,currencyservice,cartservice,frontend,emailservice",0,1,1,0.9,checkoutservice,"checkoutservice,currencyservice,cartservice,frontend,emailservice",1,1,1,1.0,currencyservice,"currencyservice,checkoutservice,cartservice,adservice,emailservice",1,1,1,1.0,currencyservice,"currencyservice,checkoutservice,cartservice,emailservice,adservice",1,1,1,1.0,currencyservice,"currencyservice,checkoutservice,cartservice,emailservice,adservice",1,1,1,1.0,currencyservice,"currencyservice,checkoutservice,cartservice,emailservice,paymentservice",1,1,1,1.0,currencyservice,"currencyservice,recommendationservice,checkoutservice,productcatalogservice,frontend",1,1,1,1.0,currencyservice,"currencyservice,recommendationservice,checkoutservice,adservice,cartservice"
onlineboutique,disk,currencyservice_disk,2,currencyservice,10,10.6,1.06,0,1,1,0.9,checkoutservice,"checkoutservice,currencyservice,recommendationservice,cartservice,paymentservice",0,1,1,0.9,checkoutservice,"checkoutservice,currencyservice,recommendationservice,paymentservice,cartservice",1,1,1,1.0,currencyservice,"currencyservice,checkoutservice,cartservice,emailservice,frontend",1,1,1,1.0,currencyservice,"currencyservice,checkoutservice,cartservice,emailservice,frontend",1,1,1,1.0,currencyservice,"currencyservice,checkoutservice,cartservice,emailservice,frontend",1,1,1,1.0,currencyservice,"currencyservice,checkoutservice,emailservice,frontend,paymentservice",0,1,1,0.9,checkoutservice,"checkoutservice,currencyservice,recommendationservice,adservice,shippingservice",0,1,1,0.9,checkoutservice,"checkoutservice,currencyservice,recommendationservice,emailservice,frontend"
onlineboutique,disk,currencyservice_disk,3,currencyservice,10,10.5,1.05,0,1,1,0.9,checkoutservice,"checkoutservice,currencyservice,paymentservice,cartservice,frontend",0,1,1,0.9,checkoutservice,"checkoutservice,currencyservice,paymentservice,cartservice,frontend",1,1,1,1.0,currencyservice,"currencyservice,checkoutservice,paymentservice,frontend,adservice",1,1,1,1.0,currencyservice,"currencyservice,checkoutservice,paymentservice,frontend,adservice",1,1,1,1.0,currencyservice,"currencyservice,checkoutservice,paymentservice,frontend,cartservice",1,1,1,1.0,currencyservice,"currencyservice,checkoutservice,paymentservice,frontend,cartservice",0,1,1,0.9,checkoutservice,"checkoutservice,currencyservice,adservice,recommendationservice,productcatalogservice",0,1,1,0.9,checkoutservice,"checkoutservice,currencyservice,frontend,cartservice,paymentservice"
onlineboutique,disk,currencyservice_disk,4,currencyservice,10,10.8,1.08,0,1,1,0.9,checkoutservice,"checkoutservice,currencyservice,paymentservice,emailservice,adservice",0,1,1,0.9,checkoutservice,"checkoutservice,currencyservice,paymentservice,emailservice,adservice",1,1,1,1.0,currencyservice,"currencyservice,checkoutservice,paymentservice,emailservice,cartservice",1,1,1,1.0,currencyservice,"currencyservice,checkoutservice,paymentservice,emailservice,cartservice",1,1,1,1.0,currencyservice,"currencyservice,checkoutservice,paymentservice,emailservice,cartservice",1,1,1,1.0,currencyservice,"currencyservice,checkoutservice,paymentservice,emailservice,adservice",0,1,1,0.8,checkoutservice,"checkoutservice,adservice,currencyservice,recommendationservice,cartservice",0,1,1,0.8,checkoutservice,"checkoutservice,adservice,currencyservice,recommendationservice,cartservice"
onlineboutique,disk,currencyservice_disk,5,currencyservice,10,10.7,1.07,0,1,1,0.9,checkoutservice,"checkoutservice,currencyservice,paymentservice,emailservice,shippingservice",0,1,1,0.9,checkoutservice,"checkoutservice,currencyservice,paymentservice,emailservice,shippingservice",0,1,1,0.9,paymentservice,"paymentservice,currencyservice,checkoutservice,emailservice,adservice",0,1,1,0.9,paymentservice,"paymentservice,currencyservice,checkoutservice,emailservice,adservice",0,1,1,0.9,paymentservice,"paymentservice,currencyservice,checkoutservice,emailservice,adservice",0,1,1,0.9,paymentservice,"paymentservice,currencyservice,checkoutservice,emailservice,adservice",1,1,1,1.0,currencyservice,"currencyservice,checkoutservice,productcatalogservice,recommendationservice,adservice",1,1,1,1.0,currencyservice,"currencyservice,checkoutservice,recommendationservice,productcatalogservice,adservice"
onlineboutique,disk,productcatalogservice_disk,1,productcatalogservice,10,10.4,1.04,0,0,1,0.6,adservice,"adservice,emailservice,recommendationservice,shippingservice,productcatalogservice",0,0,0,0.5,adservice,"adservice,emailservice,recommendationservice,shippingservice,checkoutservice",1,1,1,1.0,productcatalogservice,"productcatalogservice,cartservice,checkoutservice,recommendationservice,emailservice",1,1,1,1.0,productcatalogservice,"productcatalogservice,cartservice,checkoutservice,recommendationservice,emailservice",1,1,1,1.0,productcatalogservice,"productcatalogservice,cartservice,checkoutservice,recommendationservice,emailservice",1,1,1,1.0,productcatalogservice,"productcatalogservice,cartservice,checkoutservice,recommendationservice,emailservice",0,1,1,0.8,recommendationservice,"recommendationservice,checkoutservice,productcatalogservice,adservice,emailservice",0,0,1,0.6,cartservice,"cartservice,adservice,recommendationservice,checkoutservice,productcatalogservice"
onlineboutique,disk,productcatalogservice_disk,2,productcatalogservice,10,10.5,1.05,0,1,1,0.8,recommendationservice,"recommendationservice,checkoutservice,productcatalogservice,cartservice,paymentservice",0,1,1,0.8,recommendationservice,"recommendationservice,checkoutservice,productcatalogservice,cartservice,paymentservice",1,1,1,1.0,productcatalogservice,"productcatalogservice,cartservice,paymentservice,emailservice,checkoutservice",1,1,1,1.0,productcatalogservice,"productcatalogservice,cartservice,paymentservice,emailservice,checkoutservice",1,1,1,1.0,productcatalogservice,"productcatalogservice,cartservice,paymentservice,checkoutservice,recommendationservice",1,1,1,1.0,productcatalogservice,"productcatalogservice,cartservice,paymentservice,checkoutservice,emailservice",0,0,1,0.7,checkoutservice,"checkoutservice,recommendationservice,currencyservice,productcatalogservice,shippingservice",0,0,0,0.3,checkoutservice,"checkoutservice,recommendationservice,currencyservice,emailservice,adservice"
onlineboutique,disk,productcatalogservice_disk,3,productcatalogservice,10,10.6,1.06,0,1,1,0.8,recommendationservice,"recommendationservice,cartservice,productcatalogservice,frontend,shippingservice",0,1,1,0.8,recommendationservice,"recommendationservice,cartservice,productcatalogservice,frontend,shippingservice",1,1,1,1.0,productcatalogservice,"productcatalogservice,checkoutservice,recommendationservice,paymentservice,cartservice",1,1,1,1.0,productcatalogservice,"productcatalogservice,checkoutservice,recommendationservice,paymentservice,cartservice",1,1,1,1.0,productcatalogservice,"productcatalogservice,checkoutservice,recommendationservice,paymentservice,cartservice",1,1,1,1.0,productcatalogservice,"productcatalogservice,checkoutservice,recommendationservice,paymentservice,cartservice",0,1,1,0.9,recommendationservice,"recommendationservice,productcatalogservice,currencyservice,checkoutservice,cartservice",0,1,1,0.9,recommendationservice,"recommendationservice,productcatalogservice,currencyservice,emailservice,adservice"
onlineboutique,disk,productcatalogservice_disk,4,productcatalogservice,10,10.7,1.07,0,1,1,0.8,recommendationservice,"recommendationservice,checkoutservice,productcatalogservice,paymentservice,currencyservice",0,0,1,0.6,recommendationservice,"recommendationservice,checkoutservice,paymentservice,currencyservice,productcatalogservice",1,1,1,1.0,productcatalogservice,"productcatalogservice,checkoutservice,paymentservice,recommendationservice,emailservice",1,1,1,1.0,productcatalogservice,"productcatalogservice,checkoutservice,paymentservice,recommendationservice,emailservice",1,1,1,1.0,productcatalogservice,"productcatalogservice,checkoutservice,paymentservice,recommendationservice,emailservice",1,1,1,1.0,productcatalogservice,"productcatalogservice,checkoutservice,paymentservice,recommendationservice,emailservice",0,0,1,0.6,adservice,"adservice,checkoutservice,recommendationservice,currencyservice,productcatalogservice",0,0,0,0.5,adservice,"adservice,checkoutservice,currencyservice,recommendationservice,cartservice"
onlineboutique,disk,productcatalogservice_disk,5,productcatalogservice,10,10.7,1.07,0,0,1,0.6,checkoutservice,"checkoutservice,recommendationservice,paymentservice,emailservice,productcatalogservice",0,0,0,0.5,checkoutservice,"checkoutservice,recommendationservice,paymentservice,emailservice,currencyservice",1,1,1,1.0,productcatalogservice,"productcatalogservice,paymentservice,recommendationservice,checkoutservice,cartservice",1,1,1,1.0,productcatalogservice,"productcatalogservice,paymentservice,recommendationservice,checkoutservice,emailservice",1,1,1,1.0,productcatalogservice,"productcatalogservice,paymentservice,recommendationservice,checkoutservice,emailservice",1,1,1,1.0,productcatalogservice,"productcatalogservice,paymentservice,recommendationservice,checkoutservice,emailservice",0,0,1,0.7,checkoutservice,"checkoutservice,recommendationservice,currencyservice,productcatalogservice,cartservice",0,0,1,0.6,checkoutservice,"checkoutservice,currencyservice,recommendationservice,cartservice,productcatalogservice"
onlineboutique,loss,adservice_loss,1,adservice,10,10.7,1.07,1,1,1,1.0,adservice,"adservice,checkoutservice,currencyservice,emailservice,shippingservice",1,1,1,1.0,adservice,"adservice,checkoutservice,emailservice,currencyservice,shippingservice",1,1,1,1.0,adservice,"adservice,checkoutservice,cartservice,frontend,emailservice",1,1,1,1.0,adservice,"adservice,checkoutservice,cartservice,emailservice,frontend",1,1,1,1.0,adservice,"adservice,checkoutservice,cartservice,frontend,emailservice",1,1,1,1.0,adservice,"adservice,checkoutservice,cartservice,frontend,emailservice",0,1,1,0.8,shippingservice,"shippingservice,currencyservice,adservice,recommendationservice,emailservice",0,0,1,0.7,shippingservice,"shippingservice,frontend,checkoutservice,adservice,paymentservice"
onlineboutique,loss,adservice_loss,2,adservice,10,10.6,1.06,1,1,1,1.0,adservice,"adservice,checkoutservice,currencyservice,shippingservice,frontend",1,1,1,1.0,adservice,"adservice,checkoutservice,currencyservice,shippingservice,cartservice",0,1,1,0.9,checkoutservice,"checkoutservice,adservice,frontend,cartservice,emailservice",0,1,1,0.9,checkoutservice,"checkoutservice,adservice,frontend,cartservice,recommendationservice",0,1,1,0.9,checkoutservice,"checkoutservice,adservice,currencyservice,frontend,cartservice",0,1,1,0.9,checkoutservice,"checkoutservice,adservice,currencyservice,shippingservice,recommendationservice",0,0,0,0.5,shippingservice,"shippingservice,currencyservice,frontend,cartservice,recommendationservice",0,0,0,0.2,checkoutservice,"checkoutservice,shippingservice,currencyservice,recommendationservice,emailservice"
onlineboutique,loss,adservice_loss,3,adservice,10,10.7,1.07,1,1,1,1.0,adservice,"adservice,checkoutservice,recommendationservice,productcatalogservice,currencyservice",1,1,1,1.0,adservice,"adservice,checkoutservice,recommendationservice,productcatalogservice,currencyservice",1,1,1,1.0,adservice,"adservice,checkoutservice,cartservice,shippingservice,frontend",1,1,1,1.0,adservice,"adservice,checkoutservice,cartservice,productcatalogservice,emailservice",1,1,1,1.0,adservice,"adservice,checkoutservice,cartservice,frontend,productcatalogservice",1,1,1,1.0,adservice,"adservice,checkoutservice,cartservice,productcatalogservice,recommendationservice",0,0,1,0.7,emailservice,"emailservice,paymentservice,currencyservice,adservice,frontend",0,1,1,0.8,checkoutservice,"checkoutservice,emailservice,adservice,shippingservice,frontend"
onlineboutique,loss,adservice_loss,4,adservice,10,10.7,1.07,1,1,1,1.0,adservice,"adservice,recommendationservice,productcatalogservice,checkoutservice,cartservice",1,1,1,1.0,adservice,"adservice,checkoutservice,recommendationservice,productcatalogservice,shippingservice",1,1,1,1.0,adservice,"adservice,productcatalogservice,recommendationservice,emailservice,frontend",1,1,1,1.0,adservice,"adservice,recommendationservice,productcatalogservice,paymentservice,currencyservice",1,1,1,1.0,adservice,"adservice,productcatalogservice,recommendationservice,emailservice,checkoutservice",1,1,1,1.0,adservice,"adservice,recommendationservice,productcatalogservice,checkoutservice,emailservice",0,0,1,0.7,recommendationservice,"recommendationservice,shippingservice,checkoutservice,adservice,emailservice",0,1,1,0.9,shippingservice,"shippingservice,adservice,checkoutservice,recommendationservice,emailservice"
onlineboutique,loss,adservice_loss,5,adservice,10,10.5,1.05,1,1,1,1.0,adservice,"adservice,checkoutservice,frontend,currencyservice,paymentservice",1,1,1,1.0,adservice,"adservice,checkoutservice,frontend,paymentservice,productcatalogservice",0,1,1,0.9,checkoutservice,"checkoutservice,adservice,cartservice,frontend,shippingservice",0,1,1,0.9,checkoutservice,"checkoutservice,adservice,cartservice,frontend,productcatalogservice",0,1,1,0.9,checkoutservice,"checkoutservice,adservice,frontend,cartservice,currencyservice",0,1,1,0.9,checkoutservice,"checkoutservice,adservice,frontend,cartservice,paymentservice",1,1,1,1.0,adservice,"adservice,emailservice,shippingservice,recommendationservice,productcatalogservice",0,1,1,0.8,checkoutservice,"checkoutservice,frontend,adservice,currencyservice,paymentservice"
onlineboutique,loss,cartservice_loss,1,cartservice,10,10.5,1.05,0,0,1,0.7,currencyservice,"currencyservice,productcatalogservice,checkoutservice,cartservice,frontend",0,0,1,0.7,productcatalogservice,"productcatalogservice,currencyservice,checkoutservice,cartservice,frontend",1,1,1,1.0,cartservice,"cartservice,checkoutservice,frontend,recommendationservice,emailservice",1,1,1,1.0,cartservice,"cartservice,checkoutservice,frontend,recommendationservice,emailservice",1,1,1,1.0,cartservice,"cartservice,checkoutservice,frontend,recommendationservice,currencyservice",1,1,1,1.0,cartservice,"cartservice,checkoutservice,frontend,recommendationservice,currencyservice",0,0,0,0.4,productcatalogservice,"productcatalogservice,paymentservice,adservice,shippingservice,currencyservice",0,0,0,0.2,productcatalogservice,"productcatalogservice,emailservice,recommendationservice,frontend,shippingservice"
onlineboutique,loss,cartservice_loss,2,cartservice,10,10.6,1.06,1,1,1,1.0,cartservice,"cartservice,emailservice,recommendationservice,currencyservice,productcatalogservice",1,1,1,1.0,cartservice,"cartservice,emailservice,recommendationservice,currencyservice,adservice",1,1,1,1.0,cartservice,"cartservice,frontend,shippingservice,productcatalogservice,emailservice",1,1,1,1.0,cartservice,"cartservice,frontend,productcatalogservice,shippingservice,currencyservice",1,1,1,1.0,cartservice,"cartservice,frontend,emailservice,currencyservice,recommendationservice",1,1,1,1.0,cartservice,"cartservice,frontend,emailservice,currencyservice,recommendationservice",0,0,0,0.4,productcatalogservice,"productcatalogservice,adservice,recommendationservice,paymentservice,shippingservice",0,0,0,0.3,productcatalogservice,"productcatalogservice,adservice,recommendationservice,paymentservice,shippingservice"
onlineboutique,loss,cartservice_loss,3,cartservice,10,10.7,1.07,0,0,1,0.7,adservice,"adservice,shippingservice,currencyservice,cartservice,recommendationservice",0,0,1,0.7,adservice,"adservice,shippingservice,currencyservice,cartservice,recommendationservice",1,1,1,1.0,cartservice,"cartservice,recommendationservice,paymentservice,frontend,emailservice",1,1,1,1.0,cartservice,"cartservice,recommendationservice,frontend,emailservice,currencyservice",1,1,1,1.0,cartservice,"cartservice,recommendationservice,adservice,currencyservice,shippingservice",1,1,1,1.0,cartservice,"cartservice,recommendationservice,adservice,currencyservice,shippingservice",0,0,0,0.2,productcatalogservice,"productcatalogservice,shippingservice,checkoutservice,adservice,emailservice",0,0,0,0.3,productcatalogservice,"productcatalogservice,shippingservice,checkoutservice,adservice,recommendationservice"
onlineboutique,loss,cartservice_loss,4,cartservice,10,10.8,1.08,1,1,1,1.0,cartservice,"cartservice,adservice,recommendationservice,checkoutservice,currencyservice",1,1,1,1.0,cartservice,"cartservice,adservice,recommendationservice,checkoutservice,currencyservice",1,1,1,1.0,cartservice,"cartservice,frontend,recommendationservice,paymentservice,shippingservice",1,1,1,1.0,cartservice,"cartservice,frontend,recommendationservice,productcatalogservice,paymentservice",1,1,1,1.0,cartservice,"cartservice,recommendationservice,frontend,adservice,shippingservice",1,1,1,1.0,cartservice,"cartservice,recommendationservice,frontend,shippingservice,adservice",0,0,0,0.3,productcatalogservice,"productcatalogservice,adservice,shippingservice,recommendationservice,emailservice",0,0,0,0.3,productcatalogservice,"productcatalogservice,adservice,shippingservice,frontend,currencyservice"
onlineboutique,loss,cartservice_loss,5,cartservice,10,10.8,1.08,0,0,1,0.7,adservice,"adservice,shippingservice,currencyservice,cartservice,recommendationservice",0,0,1,0.7,adservice,"adservice,shippingservice,currencyservice,cartservice,recommendationservice",1,1,1,1.0,cartservice,"cartservice,recommendationservice,frontend,paymentservice,adservice",1,1,1,1.0,cartservice,"cartservice,recommendationservice,frontend,adservice,paymentservice",1,1,1,1.0,cartservice,"cartservice,recommendationservice,frontend,adservice,shippingservice",1,1,1,1.0,cartservice,"cartservice,recommendationservice,frontend,adservice,shippingservice",0,0,0,0.3,productcatalogservice,"productcatalogservice,adservice,checkoutservice,shippingservice,recommendationservice",0,0,0,0.3,productcatalogservice,"productcatalogservice,adservice,shippingservice,checkoutservice,frontend"
onlineboutique,loss,checkoutservice_loss,1,checkoutservice,10,10.5,1.05,1,1,1,1.0,checkoutservice,"checkoutservice,productcatalogservice,paymentservice,emailservice,frontend",1,1,1,1.0,checkoutservice,"checkoutservice,paymentservice,emailservice,frontend,shippingservice",0,0,0,0.1,paymentservice,"paymentservice,cartservice,emailservice,recommendationservice,shippingservice",0,0,1,0.6,paymentservice,"paymentservice,cartservice,emailservice,recommendationservice,checkoutservice",0,0,0,0.3,paymentservice,"paymentservice,cartservice,emailservice,recommendationservice,shippingservice",0,0,0,0.4,paymentservice,"paymentservice,cartservice,emailservice,recommendationservice,shippingservice",0,1,1,0.9,productcatalogservice,"productcatalogservice,checkoutservice,emailservice,frontend,paymentservice",0,1,1,0.9,productcatalogservice,"productcatalogservice,checkoutservice,recommendationservice,cartservice,adservice"
onlineboutique,loss,checkoutservice_loss,2,checkoutservice,10,10.8,1.08,0,1,1,0.8,productcatalogservice,"productcatalogservice,paymentservice,checkoutservice,emailservice,shippingservice",0,1,1,0.8,productcatalogservice,"productcatalogservice,paymentservice,checkoutservice,emailservice,shippingservice",0,0,0,0.1,emailservice,"emailservice,paymentservice,recommendationservice,shippingservice,frontend",0,0,0,0.3,emailservice,"emailservice,paymentservice,productcatalogservice,recommendationservice,cartservice",0,0,0,0.5,emailservice,"emailservice,paymentservice,productcatalogservice,shippingservice,frontend",0,0,0,0.5,emailservice,"emailservice,paymentservice,productcatalogservice,shippingservice,frontend",0,1,1,0.9,productcatalogservice,"productcatalogservice,checkoutservice,paymentservice,shippingservice,recommendationservice",0,1,1,0.9,productcatalogservice,"productcatalogservice,checkoutservice,paymentservice,emailservice,frontend"
onlineboutique,loss,checkoutservice_loss,3,checkoutservice,10,10.6,1.06,0,0,1,0.7,productcatalogservice,"productcatalogservice,paymentservice,emailservice,checkoutservice,adservice",0,1,1,0.8,paymentservice,"paymentservice,emailservice,checkoutservice,productcatalogservice,adservice",0,0,0,0.2,emailservice,"emailservice,paymentservice,productcatalogservice,adservice,currencyservice",0,0,1,0.7,emailservice,"emailservice,paymentservice,productcatalogservice,checkoutservice,recommendationservice",0,0,1,0.7,emailservice,"emailservice,paymentservice,productcatalogservice,checkoutservice,adservice",0,0,1,0.7,emailservice,"emailservice,paymentservice,productcatalogservice,checkoutservice,adservice",0,1,1,0.9,productcatalogservice,"productcatalogservice,checkoutservice,recommendationservice,frontend,adservice",1,1,1,1.0,checkoutservice,"checkoutservice,recommendationservice,productcatalogservice,frontend,shippingservice"
onlineboutique,loss,checkoutservice_loss,4,checkoutservice,10,10.5,1.05,1,1,1,1.0,checkoutservice,"checkoutservice,frontend,paymentservice,emailservice,productcatalogservice",1,1,1,1.0,checkoutservice,"checkoutservice,frontend,paymentservice,emailservice,productcatalogservice",0,0,0,0.1,productcatalogservice,"productcatalogservice,emailservice,paymentservice,recommendationservice,frontend",0,0,1,0.6,productcatalogservice,"productcatalogservice,emailservice,paymentservice,recommendationservice,checkoutservice",0,0,0,0.5,productcatalogservice,"productcatalogservice,emailservice,paymentservice,frontend,recommendationservice",0,0,0,0.5,productcatalogservice,"productcatalogservice,emailservice,paymentservice,frontend,shippingservice",1,1,1,1.0,checkoutservice,"checkoutservice,frontend,productcatalogservice,recommendationservice,emailservice",1,1,1,1.0,checkoutservice,"checkoutservice,frontend,productcatalogservice,emailservice,paymentservice"
onlineboutique,loss,checkoutservice_loss,5,checkoutservice,10,10.6,1.06,1,1,1,1.0,checkoutservice,"checkoutservice,productcatalogservice,emailservice,paymentservice,frontend",1,1,1,1.0,checkoutservice,"checkoutservice,productcatalogservice,emailservice,paymentservice,frontend",0,0,0,0.2,productcatalogservice,"productcatalogservice,cartservice,paymentservice,emailservice,currencyservice",0,0,0,0.5,productcatalogservice,"productcatalogservice,cartservice,paymentservice,emailservice,recommendationservice",0,0,1,0.6,productcatalogservice,"productcatalogservice,paymentservice,emailservice,cartservice,checkoutservice",0,0,1,0.6,productcatalogservice,"productcatalogservice,paymentservice,emailservice,cartservice,checkoutservice",0,1,1,0.9,recommendationservice,"recommendationservice,checkoutservice,paymentservice,currencyservice,shippingservice",0,1,1,0.9,recommendationservice,"recommendationservice,checkoutservice,adservice,emailservice,productcatalogservice"
onlineboutique,loss,currencyservice_loss,1,currencyservice,10,10.6,1.06,0,1,1,0.9,paymentservice,"paymentservice,currencyservice,productcatalogservice,checkoutservice,frontend",0,1,1,0.8,paymentservice,"paymentservice,productcatalogservice,currencyservice,checkoutservice,frontend",0,1,1,0.8,cartservice,"cartservice,checkoutservice,currencyservice,frontend,recommendationservice",0,1,1,0.8,cartservice,"cartservice,checkoutservice,currencyservice,frontend,recommendationservice",0,1,1,0.8,cartservice,"cartservice,checkoutservice,currencyservice,frontend,recommendationservice",0,1,1,0.8,checkoutservice,"checkoutservice,cartservice,currencyservice,frontend,paymentservice",0,0,0,0.2,productcatalogservice,"productcatalogservice,paymentservice,shippingservice,emailservice,frontend",0,0,1,0.7,productcatalogservice,"productcatalogservice,cartservice,emailservice,currencyservice,recommendationservice"
onlineboutique,loss,currencyservice_loss,2,currencyservice,10,10.7,1.07,0,0,1,0.7,adservice,"adservice,shippingservice,recommendationservice,currencyservice,frontend",0,0,1,0.7,adservice,"adservice,shippingservice,recommendationservice,currencyservice,frontend",1,1,1,1.0,currencyservice,"currencyservice,recommendationservice,productcatalogservice,cartservice,frontend",1,1,1,1.0,currencyservice,"currencyservice,recommendationservice,productcatalogservice,cartservice,frontend",1,1,1,1.0,currencyservice,"currencyservice,recommendationservice,productcatalogservice,frontend,cartservice",1,1,1,1.0,currencyservice,"currencyservice,recommendationservice,frontend,productcatalogservice,cartservice",0,0,0,0.1,adservice,"adservice,paymentservice,checkoutservice,emailservice,shippingservice",0,0,1,0.7,adservice,"adservice,checkoutservice,paymentservice,currencyservice,shippingservice"
onlineboutique,loss,currencyservice_loss,3,currencyservice,10,10.6,1.06,0,0,1,0.6,adservice,"adservice,shippingservice,paymentservice,recommendationservice,currencyservice",0,0,1,0.7,adservice,"adservice,shippingservice,paymentservice,currencyservice,recommendationservice",0,1,1,0.9,cartservice,"cartservice,currencyservice,recommendationservice,frontend,productcatalogservice",0,1,1,0.9,cartservice,"cartservice,currencyservice,recommendationservice,frontend,productcatalogservice",0,1,1,0.9,cartservice,"cartservice,currencyservice,recommendationservice,frontend,productcatalogservice",0,1,1,0.9,cartservice,"cartservice,currencyservice,recommendationservice,frontend,shippingservice",0,0,0,0.3,adservice,"adservice,emailservice,shippingservice,paymentservice,checkoutservice",0,0,0,0.5,adservice,"adservice,emailservice,productcatalogservice,shippingservice,cartservice"
onlineboutique,loss,currencyservice_loss,4,currencyservice,10,10.6,1.06,0,0,0,0.5,adservice,"adservice,shippingservice,paymentservice,frontend,recommendationservice",0,0,0,0.5,adservice,"adservice,shippingservice,paymentservice,frontend,recommendationservice",1,1,1,1.0,currencyservice,"currencyservice,recommendationservice,productcatalogservice,frontend,cartservice",1,1,1,1.0,currencyservice,"currencyservice,recommendationservice,frontend,cartservice,productcatalogservice",1,1,1,1.0,currencyservice,"currencyservice,recommendationservice,productcatalogservice,frontend,cartservice",1,1,1,1.0,currencyservice,"currencyservice,recommendationservice,frontend,cartservice,adservice",0,0,0,0.2,adservice,"adservice,shippingservice,emailservice,checkoutservice,paymentservice",0,0,0,0.5,adservice,"adservice,shippingservice,emailservice,checkoutservice,productcatalogservice"
onlineboutique,loss,currencyservice_loss,5,currencyservice,10,10.8,1.08,0,0,1,0.7,adservice,"adservice,recommendationservice,frontend,currencyservice,shippingservice",0,0,1,0.7,adservice,"adservice,recommendationservice,frontend,currencyservice,shippingservice",1,1,1,1.0,currencyservice,"currencyservice,recommendationservice,frontend,productcatalogservice,cartservice",1,1,1,1.0,currencyservice,"currencyservice,recommendationservice,frontend,cartservice,productcatalogservice",1,1,1,1.0,currencyservice,"currencyservice,recommendationservice,frontend,productcatalogservice,adservice",1,1,1,1.0,currencyservice,"currencyservice,recommendationservice,frontend,adservice,cartservice",0,0,0,0.2,adservice,"adservice,shippingservice,emailservice,cartservice,checkoutservice",0,1,1,0.8,adservice,"adservice,shippingservice,currencyservice,frontend,paymentservice"
onlineboutique,loss,productcatalogservice_loss,1,productcatalogservice,10,10.6,1.06,1,1,1,1.0,productcatalogservice,"productcatalogservice,adservice,shippingservice,currencyservice,recommendationservice",1,1,1,1.0,productcatalogservice,"productcatalogservice,adservice,shippingservice,currencyservice,recommendationservice",0,0,1,0.6,cartservice,"cartservice,checkoutservice,recommendationservice,frontend,productcatalogservice",0,0,1,0.6,cartservice,"cartservice,checkoutservice,recommendationservice,frontend,productcatalogservice",0,0,1,0.6,cartservice,"cartservice,checkoutservice,recommendationservice,frontend,productcatalogservice",0,0,0,0.5,cartservice,"cartservice,checkoutservice,recommendationservice,frontend,shippingservice",1,1,1,1.0,productcatalogservice,"productcatalogservice,adservice,paymentservice,shippingservice,cartservice",1,1,1,1.0,productcatalogservice,"productcatalogservice,adservice,paymentservice,recommendationservice,shippingservice"
onlineboutique,loss,productcatalogservice_loss,2,productcatalogservice,10,10.8,1.08,1,1,1,1.0,productcatalogservice,"productcatalogservice,adservice,shippingservice,recommendationservice,currencyservice",1,1,1,1.0,productcatalogservice,"productcatalogservice,adservice,shippingservice,recommendationservice,currencyservice",0,0,1,0.6,checkoutservice,"checkoutservice,recommendationservice,frontend,currencyservice,productcatalogservice",0,0,1,0.6,checkoutservice,"checkoutservice,recommendationservice,frontend,currencyservice,productcatalogservice",0,0,1,0.7,checkoutservice,"checkoutservice,recommendationservice,frontend,productcatalogservice,currencyservice",0,0,1,0.6,checkoutservice,"checkoutservice,recommendationservice,frontend,currencyservice,productcatalogservice",1,1,1,1.0,productcatalogservice,"productcatalogservice,shippingservice,frontend,adservice,paymentservice",1,1,1,1.0,productcatalogservice,"productcatalogservice,shippingservice,adservice,emailservice,currencyservice"
onlineboutique,loss,productcatalogservice_loss,3,productcatalogservice,10,10.7,1.07,1,1,1,1.0,productcatalogservice,"productcatalogservice,adservice,shippingservice,currencyservice,recommendationservice",1,1,1,1.0,productcatalogservice,"productcatalogservice,adservice,shippingservice,recommendationservice,currencyservice",0,0,0,0.5,checkoutservice,"checkoutservice,recommendationservice,frontend,currencyservice,shippingservice",0,0,0,0.5,checkoutservice,"checkoutservice,recommendationservice,frontend,currencyservice,shippingservice",0,0,1,0.6,checkoutservice,"checkoutservice,recommendationservice,frontend,currencyservice,productcatalogservice",0,0,1,0.6,checkoutservice,"checkoutservice,recommendationservice,frontend,currencyservice,productcatalogservice",1,1,1,1.0,productcatalogservice,"productcatalogservice,adservice,frontend,emailservice,shippingservice",1,1,1,1.0,productcatalogservice,"productcatalogservice,adservice,emailservice,frontend,checkoutservice"
onlineboutique,loss,productcatalogservice_loss,4,productcatalogservice,10,10.5,1.05,1,1,1,1.0,productcatalogservice,"productcatalogservice,adservice,shippingservice,currencyservice,recommendationservice",1,1,1,1.0,productcatalogservice,"productcatalogservice,adservice,shippingservice,currencyservice,recommendationservice",0,0,1,0.6,checkoutservice,"checkoutservice,recommendationservice,frontend,currencyservice,productcatalogservice",0,0,1,0.6,checkoutservice,"checkoutservice,recommendationservice,frontend,currencyservice,productcatalogservice",0,0,1,0.6,checkoutservice,"checkoutservice,recommendationservice,frontend,currencyservice,productcatalogservice",0,0,1,0.6,checkoutservice,"checkoutservice,recommendationservice,frontend,currencyservice,productcatalogservice",1,1,1,1.0,productcatalogservice,"productcatalogservice,adservice,frontend,shippingservice,paymentservice",1,1,1,1.0,productcatalogservice,"productcatalogservice,adservice,currencyservice,shippingservice,emailservice"
onlineboutique,loss,productcatalogservice_loss,5,productcatalogservice,10,10.6,1.06,1,1,1,1.0,productcatalogservice,"productcatalogservice,frontend,adservice,recommendationservice,currencyservice",1,1,1,1.0,productcatalogservice,"productcatalogservice,frontend,adservice,checkoutservice,recommendationservice",0,0,0,0.2,recommendationservice,"recommendationservice,cartservice,checkoutservice,frontend,emailservice",0,0,0,0.1,recommendationservice,"recommendationservice,cartservice,checkoutservice,frontend,paymentservice",0,0,1,0.6,recommendationservice,"recommendationservice,checkoutservice,cartservice,frontend,productcatalogservice",0,0,1,0.6,recommendationservice,"recommendationservice,checkoutservice,cartservice,frontend,productcatalogservice",1,1,1,1.0,productcatalogservice,"productcatalogservice,adservice,shippingservice,frontend,paymentservice",1,1,1,1.0,productcatalogservice,"productcatalogservice,adservice,shippingservice,frontend,recommendationservice"
onlineboutique,mem,adservice_mem,1,adservice,11,54.4,4.95,0,1,1,0.9091,emailservice,"emailservice,adservice,currencyservice,paymentservice,recommendationservice",0,1,1,0.9091,emailservice,"emailservice,adservice,currencyservice,paymentservice,frontend",1,1,1,1.0,adservice,"adservice,emailservice,cartservice,currencyservice,productcatalogservice",1,1,1,1.0,adservice,"adservice,emailservice,cartservice,paymentservice,currencyservice",1,1,1,1.0,adservice,"adservice,emailservice,currencyservice,cartservice,recommendationservice",1,1,1,1.0,adservice,"adservice,currencyservice,emailservice,cartservice,productcatalogservice",0,0,0,0.0909,recommendationservice,"recommendationservice,paymentservice,cartservice,currencyservice,shippingservice",0,0,0,0.5455,recommendationservice,"recommendationservice,redis,emailservice,paymentservice,currencyservice"
onlineboutique,mem,adservice_mem,2,adservice,11,54.3,4.94,1,1,1,1.0,adservice,"adservice,recommendationservice,paymentservice,frontend,emailservice",1,1,1,1.0,adservice,"adservice,recommendationservice,paymentservice,frontend,cartservice",1,1,1,1.0,adservice,"adservice,recommendationservice,emailservice,cartservice,checkoutservice",1,1,1,1.0,adservice,"adservice,recommendationservice,emailservice,checkoutservice,cartservice",1,1,1,1.0,adservice,"adservice,recommendationservice,emailservice,cartservice,currencyservice",1,1,1,1.0,adservice,"adservice,recommendationservice,emailservice,paymentservice,cartservice",0,0,0,0.3636,paymentservice,"paymentservice,currencyservice,cartservice,frontend,shippingservice",0,1,1,0.9091,paymentservice,"paymentservice,adservice,recommendationservice,productcatalogservice,frontend"
onlineboutique,mem,adservice_mem,3,adservice,11,52.6,4.79,0,1,1,0.9091,recommendationservice,"recommendationservice,adservice,emailservice,paymentservice,cartservice",0,1,1,0.9091,recommendationservice,"recommendationservice,adservice,emailservice,paymentservice,cartservice",1,1,1,1.0,adservice,"adservice,emailservice,cartservice,recommendationservice,currencyservice",1,1,1,1.0,adservice,"adservice,emailservice,recommendationservice,cartservice,frontend",1,1,1,1.0,adservice,"adservice,recommendationservice,cartservice,emailservice,currencyservice",1,1,1,1.0,adservice,"adservice,recommendationservice,cartservice,paymentservice,frontend",0,0,0,0.3636,currencyservice,"currencyservice,checkoutservice,cartservice,productcatalogservice,paymentservice",1,1,1,1.0,adservice,"adservice,emailservice,currencyservice,shippingservice,recommendationservice"
onlineboutique,mem,adservice_mem,4,adservice,11,54.4,4.94,0,1,1,0.9091,recommendationservice,"recommendationservice,adservice,paymentservice,frontend,currencyservice",0,1,1,0.9091,recommendationservice,"recommendationservice,adservice,paymentservice,frontend,currencyservice",1,1,1,1.0,adservice,"adservice,recommendationservice,emailservice,cartservice,shippingservice",1,1,1,1.0,adservice,"adservice,emailservice,recommendationservice,shippingservice,redis",1,1,1,1.0,adservice,"adservice,recommendationservice,emailservice,paymentservice,cartservice",1,1,1,1.0,adservice,"adservice,recommendationservice,emailservice,paymentservice,frontend",0,0,0,0.3636,currencyservice,"currencyservice,frontend,productcatalogservice,checkoutservice,redis",0,0,1,0.7273,frontend,"frontend,paymentservice,currencyservice,adservice,productcatalogservice"
onlineboutique,mem,adservice_mem,5,adservice,11,54.5,4.96,0,1,1,0.8182,recommendationservice,"recommendationservice,paymentservice,adservice,currencyservice,frontend",0,1,1,0.8182,recommendationservice,"recommendationservice,paymentservice,adservice,currencyservice,frontend",1,1,1,1.0,adservice,"adservice,emailservice,cartservice,recommendationservice,currencyservice",1,1,1,1.0,adservice,"adservice,emailservice,recommendationservice,frontend,redis",1,1,1,1.0,adservice,"adservice,emailservice,recommendationservice,cartservice,paymentservice",1,1,1,1.0,adservice,"adservice,recommendationservice,emailservice,paymentservice,cartservice",0,0,0,0.1818,paymentservice,"paymentservice,currencyservice,checkoutservice,productcatalogservice,frontend",0,1,1,0.9091,paymentservice,"paymentservice,adservice,recommendationservice,checkoutservice,cartservice"
onlineboutique,mem,cartservice_mem,1,cartservice,11,54.7,4.97,0,1,1,0.9091,emailservice,"emailservice,cartservice,adservice,frontend,paymentservice",0,1,1,0.9091,emailservice,"emailservice,cartservice,adservice,frontend,paymentservice",1,1,1,1.0,cartservice,"cartservice,recommendationservice,emailservice,adservice,productcatalogservice",1,1,1,1.0,cartservice,"cartservice,recommendationservice,emailservice,adservice,frontend",1,1,1,1.0,cartservice,"cartservice,recommendationservice,emailservice,adservice,paymentservice",1,1,1,1.0,cartservice,"cartservice,recommendationservice,emailservice,adservice,paymentservice",0,0,0,0.5455,adservice,"adservice,currencyservice,productcatalogservice,redis,checkoutservice",0,1,1,0.9091,paymentservice,"paymentservice,cartservice,adservice,currencyservice,emailservice"
onlineboutique,mem,cartservice_mem,2,cartservice,11,54.6,4.96,0,1,1,0.9091,recommendationservice,"recommendationservice,cartservice,paymentservice,adservice,currencyservice",0,1,1,0.9091,recommendationservice,"recommendationservice,cartservice,paymentservice,adservice,currencyservice",1,1,1,1.0,cartservice,"cartservice,emailservice,recommendationservice,currencyservice,productcatalogservice",1,1,1,1.0,cartservice,"cartservice,emailservice,recommendationservice,redis,checkoutservice",1,1,1,1.0,cartservice,"cartservice,emailservice,recommendationservice,paymentservice,currencyservice",1,1,1,1.0,cartservice,"cartservice,emailservice,recommendationservice,paymentservice,checkoutservice",0,0,0,0.1818,paymentservice,"paymentservice,currencyservice,adservice,checkoutservice,productcatalogservice",0,0,1,0.6364,paymentservice,"paymentservice,adservice,currencyservice,frontend,cartservice"
onlineboutique,mem,cartservice_mem,3,cartservice,11,51.9,4.72,1,1,1,1.0,cartservice,"cartservice,recommendationservice,paymentservice,adservice,frontend",1,1,1,1.0,cartservice,"cartservice,recommendationservice,paymentservice,adservice,currencyservice",1,1,1,1.0,cartservice,"cartservice,recommendationservice,emailservice,productcatalogservice,currencyservice",1,1,1,1.0,cartservice,"cartservice,recommendationservice,emailservice,productcatalogservice,redis",1,1,1,1.0,cartservice,"cartservice,recommendationservice,emailservice,productcatalogservice,currencyservice",1,1,1,1.0,cartservice,"cartservice,recommendationservice,emailservice,productcatalogservice,paymentservice",0,0,0,0.1818,currencyservice,"currencyservice,adservice,paymentservice,shippingservice,checkoutservice",0,0,1,0.7273,adservice,"adservice,paymentservice,currencyservice,cartservice,shippingservice"
onlineboutique,mem,cartservice_mem,4,cartservice,11,47.4,4.31,0,1,1,0.8182,recommendationservice,"recommendationservice,adservice,cartservice,paymentservice,frontend",0,1,1,0.8182,recommendationservice,"recommendationservice,adservice,cartservice,paymentservice,frontend",1,1,1,1.0,cartservice,"cartservice,recommendationservice,emailservice,adservice,currencyservice",1,1,1,1.0,cartservice,"cartservice,recommendationservice,emailservice,adservice,paymentservice",1,1,1,1.0,cartservice,"cartservice,recommendationservice,adservice,emailservice,paymentservice",1,1,1,1.0,cartservice,"cartservice,recommendationservice,adservice,emailservice,paymentservice",0,0,1,0.7273,adservice,"adservice,emailservice,currencyservice,cartservice,shippingservice",0,0,1,0.7273,adservice,"adservice,emailservice,paymentservice,cartservice,productcatalogservice"
onlineboutique,mem,cartservice_mem,5,cartservice,11,47.1,4.28,1,1,1,1.0,cartservice,"cartservice,paymentservice,adservice,recommendationservice,frontend",1,1,1,1.0,cartservice,"cartservice,paymentservice,adservice,recommendationservice,frontend",1,1,1,1.0,cartservice,"cartservice,emailservice,recommendationservice,adservice,currencyservice",1,1,1,1.0,cartservice,"cartservice,emailservice,recommendationservice,paymentservice,adservice",1,1,1,1.0,cartservice,"cartservice,recommendationservice,emailservice,adservice,paymentservice",1,1,1,1.0,cartservice,"cartservice,recommendationservice,emailservice,adservice,paymentservice",0,0,1,0.7273,paymentservice,"paymentservice,productcatalogservice,currencyservice,cartservice,checkoutservice",0,0,0,0.4545,paymentservice,"paymentservice,recommendationservice,adservice,shippingservice,productcatalogservice"
onlineboutique,mem,checkoutservice_mem,1,checkoutservice,11,47.3,4.3,1,1,1,1.0,checkoutservice,"checkoutservice,emailservice,paymentservice,redis,cartservice",1,1,1,1.0,checkoutservice,"checkoutservice,emailservice,paymentservice,redis,cartservice",1,1,1,1.0,checkoutservice,"checkoutservice,redis,frontend,cartservice,productcatalogservice",1,1,1,1.0,checkoutservice,"checkoutservice,frontend,redis,cartservice,paymentservice",1,1,1,1.0,checkoutservice,"checkoutservice,redis,frontend,paymentservice,cartservice",1,1,1,1.0,checkoutservice,"checkoutservice,frontend,redis,paymentservice,emailservice",0,0,1,0.6364,emailservice,"emailservice,cartservice,currencyservice,recommendationservice,checkoutservice",0,0,1,0.6364,emailservice,"emailservice,currencyservice,frontend,recommendationservice,checkoutservice"
onlineboutique,mem,checkoutservice_mem,2,checkoutservice,11,46.6,4.24,0,1,1,0.9091,emailservice,"emailservice,checkoutservice,cartservice,recommendationservice,currencyservice",0,1,1,0.9091,emailservice,"emailservice,checkoutservice,cartservice,recommendationservice,currencyservice",1,1,1,1.0,checkoutservice,"checkoutservice,emailservice,redis,currencyservice,cartservice",1,1,1,1.0,checkoutservice,"checkoutservice,emailservice,redis,cartservice,paymentservice",1,1,1,1.0,checkoutservice,"checkoutservice,emailservice,redis,currencyservice,cartservice",1,1,1,1.0,checkoutservice,"checkoutservice,emailservice,currencyservice,cartservice,recommendationservice",0,0,1,0.7273,frontend,"frontend,cartservice,recommendationservice,checkoutservice,adservice",0,0,1,0.7273,frontend,"frontend,cartservice,recommendationservice,checkoutservice,emailservice"
onlineboutique,mem,checkoutservice_mem,3,checkoutservice,11,47.3,4.3,0,1,1,0.9091,emailservice,"emailservice,checkoutservice,recommendationservice,adservice,frontend",0,1,1,0.9091,emailservice,"emailservice,checkoutservice,recommendationservice,adservice,frontend",1,1,1,1.0,checkoutservice,"checkoutservice,recommendationservice,cartservice,shippingservice,frontend",1,1,1,1.0,checkoutservice,"checkoutservice,recommendationservice,cartservice,shippingservice,paymentservice",1,1,1,1.0,checkoutservice,"checkoutservice,recommendationservice,emailservice,frontend,adservice",1,1,1,1.0,checkoutservice,"checkoutservice,recommendationservice,emailservice,frontend,adservice",1,1,1,1.0,checkoutservice,"checkoutservice,emailservice,adservice,productcatalogservice,frontend",1,1,1,1.0,checkoutservice,"checkoutservice,emailservice,adservice,recommendationservice,cartservice"
onlineboutique,mem,checkoutservice_mem,4,checkoutservice,11,46.9,4.26,1,1,1,1.0,checkoutservice,"checkoutservice,adservice,paymentservice,cartservice,recommendationservice",1,1,1,1.0,checkoutservice,"checkoutservice,adservice,paymentservice,cartservice,recommendationservice",1,1,1,1.0,checkoutservice,"checkoutservice,emailservice,recommendationservice,shippingservice,frontend",1,1,1,1.0,checkoutservice,"checkoutservice,emailservice,recommendationservice,paymentservice,cartservice",1,1,1,1.0,checkoutservice,"checkoutservice,recommendationservice,emailservice,adservice,cartservice",1,1,1,1.0,checkoutservice,"checkoutservice,recommendationservice,emailservice,cartservice,adservice",0,1,1,0.9091,redis,"redis,checkoutservice,adservice,paymentservice,frontend",0,1,1,0.9091,redis,"redis,checkoutservice,adservice,recommendationservice,paymentservice"
onlineboutique,mem,checkoutservice_mem,5,checkoutservice,11,46.6,4.24,1,1,1,1.0,checkoutservice,"checkoutservice,paymentservice,emailservice,recommendationservice,adservice",1,1,1,1.0,checkoutservice,"checkoutservice,paymentservice,emailservice,recommendationservice,adservice",1,1,1,1.0,checkoutservice,"checkoutservice,redis,cartservice,emailservice,shippingservice",1,1,1,1.0,checkoutservice,"checkoutservice,cartservice,emailservice,redis,paymentservice",1,1,1,1.0,checkoutservice,"checkoutservice,redis,emailservice,cartservice,recommendationservice",1,1,1,1.0,checkoutservice,"checkoutservice,cartservice,adservice,emailservice,paymentservice",0,1,1,0.8182,frontend,"frontend,adservice,checkoutservice,currencyservice,recommendationservice",0,1,1,0.8182,frontend,"frontend,adservice,checkoutservice,currencyservice,paymentservice"
onlineboutique,mem,currencyservice_mem,1,currencyservice,11,46.7,4.24,0,1,1,0.9091,redis,"redis,currencyservice,paymentservice,cartservice,frontend",1,1,1,1.0,currencyservice,"currencyservice,redis,cartservice,frontend,paymentservice",1,1,1,1.0,currencyservice,"currencyservice,recommendationservice,emailservice,redis,frontend",1,1,1,1.0,currencyservice,"currencyservice,recommendationservice,emailservice,frontend,cartservice",1,1,1,1.0,currencyservice,"currencyservice,recommendationservice,emailservice,redis,frontend",1,1,1,1.0,currencyservice,"currencyservice,recommendationservice,emailservice,frontend,cartservice",1,1,1,1.0,currencyservice,"currencyservice,redis,checkoutservice,paymentservice,adservice",0,1,1,0.8182,recommendationservice,"recommendationservice,redis,currencyservice,cartservice,paymentservice"
onlineboutique,mem,currencyservice_mem,2,currencyservice,11,47.1,4.28,0,1,1,0.9091,recommendationservice,"recommendationservice,currencyservice,adservice,cartservice,frontend",0,1,1,0.9091,recommendationservice,"recommendationservice,currencyservice,adservice,cartservice,frontend",1,1,1,1.0,currencyservice,"currencyservice,recommendationservice,emailservice,cartservice,frontend",1,1,1,1.0,currencyservice,"currencyservice,recommendationservice,emailservice,cartservice,frontend",1,1,1,1.0,currencyservice,"currencyservice,recommendationservice,cartservice,emailservice,frontend",1,1,1,1.0,currencyservice,"currencyservice,recommendationservice,cartservice,frontend,adservice",0,1,1,0.9091,redis,"redis,currencyservice,emailservice,productcatalogservice,adservice",0,1,1,0.8182,redis,"redis,recommendationservice,currencyservice,cartservice,frontend"
onlineboutique,mem,currencyservice_mem,3,currencyservice,11,47.3,4.3,1,1,1,1.0,currencyservice,"currencyservice,redis,cartservice,adservice,recommendationservice",1,1,1,1.0,currencyservice,"currencyservice,cartservice,adservice,redis,recommendationservice",1,1,1,1.0,currencyservice,"currencyservice,recommendationservice,emailservice,redis,cartservice",1,1,1,1.0,currencyservice,"currencyservice,recommendationservice,frontend,adservice,emailservice",1,1,1,1.0,currencyservice,"currencyservice,recommendationservice,redis,frontend,adservice",1,1,1,1.0,currencyservice,"currencyservice,recommendationservice,frontend,adservice,cartservice",1,1,1,1.0,currencyservice,"currencyservice,paymentservice,productcatalogservice,checkoutservice,shippingservice",0,0,1,0.7273,frontend,"frontend,recommendationservice,paymentservice,currencyservice,emailservice"
onlineboutique,mem,currencyservice_mem,4,currencyservice,11,47.2,4.29,1,1,1,1.0,currencyservice,"currencyservice,recommendationservice,paymentservice,emailservice,redis",1,1,1,1.0,currencyservice,"currencyservice,recommendationservice,paymentservice,emailservice,redis",1,1,1,1.0,currencyservice,"currencyservice,emailservice,redis,cartservice,recommendationservice",1,1,1,1.0,currencyservice,"currencyservice,emailservice,recommendationservice,cartservice,redis",1,1,1,1.0,currencyservice,"currencyservice,emailservice,redis,recommendationservice,cartservice",1,1,1,1.0,currencyservice,"currencyservice,emailservice,recommendationservice,paymentservice,cartservice",0,1,1,0.8182,recommendationservice,"recommendationservice,adservice,currencyservice,productcatalogservice,checkoutservice",0,0,0,0.5455,recommendationservice,"recommendationservice,adservice,emailservice,checkoutservice,paymentservice"
onlineboutique,mem,currencyservice_mem,5,currencyservice,11,46.6,4.24,0,1,1,0.9091,paymentservice,"paymentservice,currencyservice,cartservice,recommendationservice,emailservice",0,1,1,0.9091,paymentservice,"paymentservice,currencyservice,cartservice,recommendationservice,adservice",1,1,1,1.0,currencyservice,"currencyservice,recommendationservice,emailservice,redis,shippingservice",1,1,1,1.0,currencyservice,"currencyservice,emailservice,recommendationservice,redis,adservice",1,1,1,1.0,currencyservice,"currencyservice,recommendationservice,redis,emailservice,paymentservice",1,1,1,1.0,currencyservice,"currencyservice,recommendationservice,paymentservice,adservice,cartservice",0,1,1,0.9091,paymentservice,"paymentservice,currencyservice,cartservice,productcatalogservice,redis",0,1,1,0.8182,paymentservice,"paymentservice,cartservice,currencyservice,adservice,redis"
onlineboutique,mem,productcatalogservice_mem,1,productcatalogservice,11,47.9,4.35,1,1,1,1.0,productcatalogservice,"productcatalogservice,currencyservice,emailservice,recommendationservice,cartservice",1,1,1,1.0,productcatalogservice,"productcatalogservice,currencyservice,emailservice,recommendationservice,cartservice",1,1,1,1.0,productcatalogservice,"productcatalogservice,recommendationservice,cartservice,frontend,emailservice",1,1,1,1.0,productcatalogservice,"productcatalogservice,recommendationservice,cartservice,frontend,emailservice",1,1,1,1.0,productcatalogservice,"productcatalogservice,recommendationservice,cartservice,frontend,emailservice",1,1,1,1.0,productcatalogservice,"productcatalogservice,recommendationservice,cartservice,frontend,emailservice",1,1,1,1.0,productcatalogservice,"productcatalogservice,currencyservice,frontend,adservice,redis",1,1,1,1.0,productcatalogservice,"productcatalogservice,currencyservice,emailservice,frontend,paymentservice"
onlineboutique,mem,productcatalogservice_mem,2,productcatalogservice,11,46.5,4.23,1,1,1,1.0,productcatalogservice,"productcatalogservice,paymentservice,emailservice,cartservice,currencyservice",1,1,1,1.0,productcatalogservice,"productcatalogservice,paymentservice,emailservice,cartservice,currencyservice",1,1,1,1.0,productcatalogservice,"productcatalogservice,recommendationservice,emailservice,cartservice,frontend",1,1,1,1.0,productcatalogservice,"productcatalogservice,recommendationservice,emailservice,cartservice,frontend",1,1,1,1.0,productcatalogservice,"productcatalogservice,recommendationservice,emailservice,cartservice,frontend",1,1,1,1.0,productcatalogservice,"productcatalogservice,recommendationservice,cartservice,frontend,emailservice",0,1,1,0.8182,paymentservice,"paymentservice,currencyservice,productcatalogservice,adservice,checkoutservice",0,0,1,0.7273,paymentservice,"paymentservice,currencyservice,recommendationservice,productcatalogservice,cartservice"
onlineboutique,mem,productcatalogservice_mem,3,productcatalogservice,11,46.9,4.27,0,1,1,0.9091,recommendationservice,"recommendationservice,productcatalogservice,cartservice,frontend,currencyservice",0,1,1,0.9091,recommendationservice,"recommendationservice,productcatalogservice,cartservice,frontend,currencyservice",1,1,1,1.0,productcatalogservice,"productcatalogservice,recommendationservice,emailservice,cartservice,frontend",1,1,1,1.0,productcatalogservice,"productcatalogservice,recommendationservice,emailservice,frontend,redis",1,1,1,1.0,productcatalogservice,"productcatalogservice,recommendationservice,cartservice,frontend,emailservice",1,1,1,1.0,productcatalogservice,"productcatalogservice,recommendationservice,cartservice,frontend,currencyservice",1,1,1,1.0,productcatalogservice,"productcatalogservice,currencyservice,adservice,checkoutservice,shippingservice",1,1,1,1.0,productcatalogservice,"productcatalogservice,adservice,currencyservice,emailservice,paymentservice"
onlineboutique,mem,productcatalogservice_mem,4,productcatalogservice,11,47.0,4.27,0,1,1,0.8182,recommendationservice,"recommendationservice,adservice,productcatalogservice,cartservice,frontend",0,1,1,0.8182,recommendationservice,"recommendationservice,adservice,productcatalogservice,cartservice,frontend",1,1,1,1.0,productcatalogservice,"productcatalogservice,emailservice,recommendationservice,cartservice,frontend",1,1,1,1.0,productcatalogservice,"productcatalogservice,emailservice,recommendationservice,cartservice,redis",1,1,1,1.0,productcatalogservice,"productcatalogservice,recommendationservice,emailservice,cartservice,adservice",1,1,1,1.0,productcatalogservice,"productcatalogservice,recommendationservice,emailservice,cartservice,adservice",0,1,1,0.8182,currencyservice,"currencyservice,adservice,productcatalogservice,checkoutservice,shippingservice",0,0,1,0.7273,currencyservice,"currencyservice,emailservice,adservice,productcatalogservice,frontend"
onlineboutique,mem,productcatalogservice_mem,5,productcatalogservice,11,48.1,4.37,1,1,1,1.0,productcatalogservice,"productcatalogservice,adservice,frontend,paymentservice,cartservice",1,1,1,1.0,productcatalogservice,"productcatalogservice,adservice,frontend,cartservice,paymentservice",1,1,1,1.0,productcatalogservice,"productcatalogservice,recommendationservice,emailservice,frontend,redis",1,1,1,1.0,productcatalogservice,"productcatalogservice,recommendationservice,emailservice,frontend,redis",1,1,1,1.0,productcatalogservice,"productcatalogservice,recommendationservice,emailservice,frontend,redis",1,1,1,1.0,productcatalogservice,"productcatalogservice,recommendationservice,emailservice,frontend,cartservice",0,1,1,0.8182,currencyservice,"currencyservice,adservice,productcatalogservice,checkoutservice,shippingservice",0,0,0,0.3636,currencyservice,"currencyservice,adservice,redis,paymentservice,recommendationservice"
