dataset,fault,case,replicate,true,n_nodes,wall_clock_start_utc,seconds,sec_per_node,mean_stopped_epoch,max_stopped_epoch,n_converged,n_not_converged,mmd_add_acc@1,mmd_add_acc@3,mmd_add_acc@5,mmd_add_prr,mmd_add_top1,mmd_add_top5,mmd_sub_acc@1,mmd_sub_acc@3,mmd_sub_acc@5,mmd_sub_prr,mmd_sub_top1,mmd_sub_top5,flow_add_acc@1,flow_add_acc@3,flow_add_acc@5,flow_add_prr,flow_add_top1,flow_add_top5,flow_sub_acc@1,flow_sub_acc@3,flow_sub_acc@5,flow_sub_prr,flow_sub_top1,flow_sub_top5,wasserstein_add_acc@1,wasserstein_add_acc@3,wasserstein_add_acc@5,wasserstein_add_prr,wasserstein_add_top1,wasserstein_add_top5,wasserstein_sub_acc@1,wasserstein_sub_acc@3,wasserstein_sub_acc@5,wasserstein_sub_prr,wasserstein_sub_top1,wasserstein_sub_top5,baro_add_acc@1,baro_add_acc@3,baro_add_acc@5,baro_add_prr,baro_add_top1,baro_add_top5,baro_sub_acc@1,baro_sub_acc@3,baro_sub_acc@5,baro_sub_prr,baro_sub_top1,baro_sub_top5
onlineboutique,cpu,adservice_cpu,1,adservice,11,2026-08-29T01:48:09.587591+00:00,67.4,6.12,22.7,45,10,1,1,1,1,1.0,adservice,"adservice,recommendationservice,cartservice,productcatalogservice,currencyservice",1,1,1,1.0,adservice,"adservice,recommendationservice,cartservice,productcatalogservice,frontend",1,1,1,1.0,adservice,"adservice,recommendationservice,currencyservice,checkoutservice,shippingservice",1,1,1,1.0,adservice,"adservice,productcatalogservice,cartservice,recommendationservice,shippingservice",1,1,1,1.0,adservice,"adservice,recommendationservice,frontend,currencyservice,productcatalogservice",1,1,1,1.0,adservice,"adservice,recommendationservice,cartservice,frontend,currencyservice",1,1,1,1.0,adservice,"adservice,productcatalogservice,currencyservice,recommendationservice,frontend",1,1,1,1.0,adservice,"adservice,productcatalogservice,cartservice,checkoutservice,currencyservice"
onlineboutique,cpu,adservice_cpu,2,adservice,11,2026-08-29T01:49:16.988743+00:00,60.4,5.49,15.5,45,10,1,1,1,1,1.0,adservice,"adservice,productcatalogservice,recommendationservice,redis,cartservice",1,1,1,1.0,adservice,"adservice,productcatalogservice,recommendationservice,cartservice,redis",1,1,1,1.0,adservice,"adservice,recommendationservice,shippingservice,currencyservice,emailservice",1,1,1,1.0,adservice,"adservice,currencyservice,frontend,checkoutservice,redis",1,1,1,1.0,adservice,"adservice,recommendationservice,productcatalogservice,redis,emailservice",1,1,1,1.0,adservice,"adservice,emailservice,productcatalogservice,recommendationservice,frontend",1,1,1,1.0,adservice,"adservice,redis,recommendationservice,currencyservice,productcatalogservice",1,1,1,1.0,adservice,"adservice,cartservice,redis,frontend,checkoutservice"
onlineboutique,cpu,adservice_cpu,3,adservice,11,2026-08-29T01:50:17.396667+00:00,70.0,6.36,25.9,45,10,1,1,1,1,1.0,adservice,"adservice,productcatalogservice,recommendationservice,cartservice,currencyservice",1,1,1,1.0,adservice,"adservice,productcatalogservice,recommendationservice,currencyservice,cartservice",1,1,1,1.0,adservice,"adservice,recommendationservice,currencyservice,frontend,shippingservice",1,1,1,1.0,adservice,"adservice,frontend,cartservice,checkoutservice,redis",1,1,1,1.0,adservice,"adservice,recommendationservice,currencyservice,frontend,productcatalogservice",1,1,1,1.0,adservice,"adservice,recommendationservice,productcatalogservice,currencyservice,frontend",1,1,1,1.0,adservice,"adservice,frontend,productcatalogservice,currencyservice,redis",1,1,1,1.0,adservice,"adservice,cartservice,frontend,productcatalogservice,emailservice"
onlineboutique,cpu,adservice_cpu,4,adservice,11,2026-08-29T01:51:27.406970+00:00,65.8,5.98,19.5,45,9,2,1,1,1,1.0,adservice,"adservice,shippingservice,frontend,redis,checkoutservice",1,1,1,1.0,adservice,"adservice,frontend,shippingservice,productcatalogservice,checkoutservice",1,1,1,1.0,adservice,"adservice,frontend,cartservice,emailservice,checkoutservice",1,1,1,1.0,adservice,"adservice,frontend,paymentservice,redis,shippingservice",1,1,1,1.0,adservice,"adservice,frontend,shippingservice,redis,checkoutservice",1,1,1,1.0,adservice,"adservice,frontend,cartservice,productcatalogservice,checkoutservice",1,1,1,1.0,adservice,"adservice,currencyservice,productcatalogservice,cartservice,recommendationservice",1,1,1,1.0,adservice,"adservice,currencyservice,redis,productcatalogservice,recommendationservice"
onlineboutique,cpu,adservice_cpu,5,adservice,11,2026-08-29T01:52:33.275310+00:00,41.0,3.73,14.1,25,11,0,1,1,1,1.0,adservice,"adservice,frontend,cartservice,productcatalogservice,recommendationservice",1,1,1,1.0,adservice,"adservice,frontend,cartservice,productcatalogservice,recommendationservice",1,1,1,1.0,adservice,"adservice,frontend,emailservice,cartservice,productcatalogservice",1,1,1,1.0,adservice,"adservice,frontend,emailservice,cartservice,redis",1,1,1,1.0,adservice,"adservice,frontend,cartservice,productcatalogservice,recommendationservice",1,1,1,1.0,adservice,"adservice,frontend,cartservice,emailservice,productcatalogservice",1,1,1,1.0,adservice,"adservice,recommendationservice,cartservice,productcatalogservice,redis",1,1,1,1.0,adservice,"adservice,recommendationservice,redis,currencyservice,productcatalogservice"
onlineboutique,cpu,cartservice_cpu,1,cartservice,11,2026-08-29T01:53:14.349540+00:00,44.2,4.02,12.7,30,11,0,1,1,1,1.0,cartservice,"cartservice,shippingservice,frontend,checkoutservice,redis",1,1,1,1.0,cartservice,"cartservice,frontend,checkoutservice,productcatalogservice,shippingservice",1,1,1,1.0,cartservice,"cartservice,frontend,emailservice,productcatalogservice,checkoutservice",1,1,1,1.0,cartservice,"cartservice,frontend,paymentservice,adservice,checkoutservice",1,1,1,1.0,cartservice,"cartservice,frontend,productcatalogservice,checkoutservice,recommendationservice",1,1,1,1.0,cartservice,"cartservice,frontend,productcatalogservice,checkoutservice,shippingservice",1,1,1,1.0,cartservice,"cartservice,productcatalogservice,frontend,recommendationservice,adservice",1,1,1,1.0,cartservice,"cartservice,recommendationservice,adservice,productcatalogservice,currencyservice"
onlineboutique,cpu,cartservice_cpu,2,cartservice,11,2026-08-29T01:53:58.633035+00:00,45.0,4.09,13.2,30,11,0,1,1,1,1.0,cartservice,"cartservice,frontend,shippingservice,redis,recommendationservice",1,1,1,1.0,cartservice,"cartservice,frontend,productcatalogservice,shippingservice,redis",1,1,1,1.0,cartservice,"cartservice,frontend,emailservice,productcatalogservice,checkoutservice",1,1,1,1.0,cartservice,"cartservice,redis,adservice,frontend,recommendationservice",1,1,1,1.0,cartservice,"cartservice,frontend,shippingservice,redis,recommendationservice",1,1,1,1.0,cartservice,"cartservice,frontend,productcatalogservice,recommendationservice,paymentservice",1,1,1,1.0,cartservice,"cartservice,redis,emailservice,recommendationservice,productcatalogservice",1,1,1,1.0,cartservice,"cartservice,recommendationservice,adservice,productcatalogservice,redis"
onlineboutique,cpu,cartservice_cpu,3,cartservice,11,2026-08-29T01:54:43.672466+00:00,65.5,5.95,19.1,45,9,2,1,1,1,1.0,cartservice,"cartservice,frontend,redis,productcatalogservice,shippingservice",1,1,1,1.0,cartservice,"cartservice,frontend,productcatalogservice,shippingservice,redis",1,1,1,1.0,cartservice,"cartservice,frontend,emailservice,checkoutservice,productcatalogservice",1,1,1,1.0,cartservice,"cartservice,frontend,emailservice,paymentservice,redis",1,1,1,1.0,cartservice,"cartservice,frontend,redis,shippingservice,recommendationservice",1,1,1,1.0,cartservice,"cartservice,frontend,productcatalogservice,checkoutservice,emailservice",1,1,1,1.0,cartservice,"cartservice,productcatalogservice,emailservice,adservice,recommendationservice",1,1,1,1.0,cartservice,"cartservice,productcatalogservice,adservice,redis,emailservice"
onlineboutique,cpu,cartservice_cpu,4,cartservice,11,2026-08-29T01:55:49.220852+00:00,42.9,3.9,14.1,25,11,0,1,1,1,1.0,cartservice,"cartservice,frontend,productcatalogservice,recommendationservice,redis",1,1,1,1.0,cartservice,"cartservice,frontend,productcatalogservice,recommendationservice,redis",1,1,1,1.0,cartservice,"cartservice,frontend,emailservice,productcatalogservice,checkoutservice",1,1,1,1.0,cartservice,"cartservice,frontend,redis,adservice,shippingservice",1,1,1,1.0,cartservice,"cartservice,frontend,productcatalogservice,recommendationservice,redis",1,1,1,1.0,cartservice,"cartservice,frontend,productcatalogservice,recommendationservice,adservice",1,1,1,1.0,cartservice,"cartservice,productcatalogservice,checkoutservice,emailservice,recommendationservice",1,1,1,1.0,cartservice,"cartservice,checkoutservice,recommendationservice,adservice,currencyservice"
onlineboutique,cpu,cartservice_cpu,5,cartservice,11,2026-08-29T01:56:32.207248+00:00,48.2,4.38,12.7,35,11,0,1,1,1,1.0,cartservice,"cartservice,frontend,shippingservice,redis,checkoutservice",1,1,1,1.0,cartservice,"cartservice,frontend,checkoutservice,shippingservice,productcatalogservice",1,1,1,1.0,cartservice,"cartservice,frontend,emailservice,productcatalogservice,checkoutservice",1,1,1,1.0,cartservice,"cartservice,frontend,shippingservice,redis,recommendationservice",1,1,1,1.0,cartservice,"cartservice,frontend,shippingservice,redis,checkoutservice",1,1,1,1.0,cartservice,"cartservice,frontend,checkoutservice,productcatalogservice,shippingservice",1,1,1,1.0,cartservice,"cartservice,recommendationservice,redis,productcatalogservice,frontend",1,1,1,1.0,cartservice,"cartservice,productcatalogservice,frontend,currencyservice,paymentservice"
onlineboutique,cpu,checkoutservice_cpu,1,checkoutservice,11,2026-08-29T01:57:20.471882+00:00,36.7,3.34,11.8,20,11,0,1,1,1,1.0,checkoutservice,"checkoutservice,redis,recommendationservice,currencyservice,paymentservice",1,1,1,1.0,checkoutservice,"checkoutservice,emailservice,frontend,productcatalogservice,currencyservice",1,1,1,1.0,checkoutservice,"checkoutservice,frontend,emailservice,cartservice,productcatalogservice",1,1,1,1.0,checkoutservice,"checkoutservice,redis,recommendationservice,currencyservice,shippingservice",1,1,1,1.0,checkoutservice,"checkoutservice,frontend,redis,recommendationservice,currencyservice",1,1,1,1.0,checkoutservice,"checkoutservice,emailservice,productcatalogservice,frontend,paymentservice",1,1,1,1.0,checkoutservice,"checkoutservice,frontend,emailservice,redis,productcatalogservice",1,1,1,1.0,checkoutservice,"checkoutservice,currencyservice,cartservice,frontend,shippingservice"
onlineboutique,cpu,checkoutservice_cpu,2,checkoutservice,11,2026-08-29T01:57:57.258978+00:00,66.2,6.02,21.4,45,9,2,1,1,1,1.0,checkoutservice,"checkoutservice,cartservice,emailservice,paymentservice,shippingservice",1,1,1,1.0,checkoutservice,"checkoutservice,cartservice,emailservice,paymentservice,shippingservice",1,1,1,1.0,checkoutservice,"checkoutservice,frontend,redis,productcatalogservice,cartservice",1,1,1,1.0,checkoutservice,"checkoutservice,cartservice,currencyservice,paymentservice,emailservice",1,1,1,1.0,checkoutservice,"checkoutservice,cartservice,emailservice,paymentservice,shippingservice",1,1,1,1.0,checkoutservice,"checkoutservice,cartservice,emailservice,paymentservice,productcatalogservice",1,1,1,1.0,checkoutservice,"checkoutservice,emailservice,paymentservice,currencyservice,frontend",1,1,1,1.0,checkoutservice,"checkoutservice,emailservice,paymentservice,currencyservice,shippingservice"
onlineboutique,cpu,checkoutservice_cpu,3,checkoutservice,11,2026-08-29T01:59:03.496155+00:00,61.7,5.61,16.4,45,10,1,1,1,1,1.0,checkoutservice,"checkoutservice,redis,shippingservice,recommendationservice,currencyservice",1,1,1,1.0,checkoutservice,"checkoutservice,redis,emailservice,recommendationservice,paymentservice",1,1,1,1.0,checkoutservice,"checkoutservice,frontend,emailservice,cartservice,productcatalogservice",1,1,1,1.0,checkoutservice,"checkoutservice,redis,frontend,recommendationservice,paymentservice",1,1,1,1.0,checkoutservice,"checkoutservice,frontend,redis,shippingservice,recommendationservice",1,1,1,1.0,checkoutservice,"checkoutservice,emailservice,frontend,paymentservice,cartservice",1,1,1,1.0,checkoutservice,"checkoutservice,paymentservice,redis,frontend,recommendationservice",1,1,1,1.0,checkoutservice,"checkoutservice,redis,shippingservice,emailservice,paymentservice"
onlineboutique,cpu,checkoutservice_cpu,4,checkoutservice,11,2026-08-29T02:00:05.283825+00:00,52.3,4.76,15.5,45,11,0,1,1,1,1.0,checkoutservice,"checkoutservice,frontend,recommendationservice,shippingservice,adservice",1,1,1,1.0,checkoutservice,"checkoutservice,frontend,recommendationservice,currencyservice,adservice",1,1,1,1.0,checkoutservice,"checkoutservice,frontend,productcatalogservice,redis,emailservice",1,1,1,1.0,checkoutservice,"checkoutservice,frontend,currencyservice,productcatalogservice,recommendationservice",1,1,1,1.0,checkoutservice,"checkoutservice,frontend,recommendationservice,shippingservice,currencyservice",1,1,1,1.0,checkoutservice,"checkoutservice,frontend,productcatalogservice,recommendationservice,paymentservice",1,1,1,1.0,checkoutservice,"checkoutservice,frontend,redis,productcatalogservice,paymentservice",1,1,1,1.0,checkoutservice,"checkoutservice,emailservice,productcatalogservice,adservice,cartservice"
onlineboutique,cpu,checkoutservice_cpu,5,checkoutservice,11,2026-08-29T02:00:57.685462+00:00,45.3,4.12,12.3,30,11,0,1,1,1,1.0,checkoutservice,"checkoutservice,emailservice,shippingservice,currencyservice,recommendationservice",1,1,1,1.0,checkoutservice,"checkoutservice,emailservice,currencyservice,paymentservice,recommendationservice",1,1,1,1.0,checkoutservice,"checkoutservice,emailservice,paymentservice,frontend,productcatalogservice",1,1,1,1.0,checkoutservice,"checkoutservice,emailservice,paymentservice,shippingservice,currencyservice",1,1,1,1.0,checkoutservice,"checkoutservice,emailservice,paymentservice,shippingservice,frontend",1,1,1,1.0,checkoutservice,"checkoutservice,emailservice,paymentservice,shippingservice,currencyservice",1,1,1,1.0,checkoutservice,"checkoutservice,frontend,redis,recommendationservice,productcatalogservice",1,1,1,1.0,checkoutservice,"checkoutservice,emailservice,shippingservice,paymentservice,currencyservice"
onlineboutique,cpu,currencyservice_cpu,1,currencyservice,11,2026-08-29T02:01:43.068695+00:00,33.5,3.04,10.5,20,11,0,1,1,1,1.0,currencyservice,"currencyservice,recommendationservice,shippingservice,adservice,redis",1,1,1,1.0,currencyservice,"currencyservice,recommendationservice,shippingservice,adservice,emailservice",1,1,1,1.0,currencyservice,"currencyservice,adservice,recommendationservice,emailservice,shippingservice",1,1,1,1.0,currencyservice,"currencyservice,adservice,recommendationservice,emailservice,shippingservice",1,1,1,1.0,currencyservice,"currencyservice,recommendationservice,adservice,shippingservice,emailservice",1,1,1,1.0,currencyservice,"currencyservice,recommendationservice,adservice,shippingservice,emailservice",1,1,1,1.0,currencyservice,"currencyservice,frontend,productcatalogservice,redis,emailservice",1,1,1,1.0,currencyservice,"currencyservice,recommendationservice,shippingservice,adservice,emailservice"
onlineboutique,cpu,currencyservice_cpu,2,currencyservice,11,2026-08-29T02:02:16.584464+00:00,40.1,3.65,11.4,25,11,0,1,1,1,1.0,currencyservice,"currencyservice,checkoutservice,shippingservice,recommendationservice,paymentservice",1,1,1,1.0,currencyservice,"currencyservice,recommendationservice,shippingservice,cartservice,productcatalogservice",1,1,1,1.0,currencyservice,"currencyservice,frontend,productcatalogservice,redis,cartservice",1,1,1,1.0,currencyservice,"currencyservice,recommendationservice,adservice,frontend,redis",1,1,1,1.0,currencyservice,"currencyservice,frontend,shippingservice,checkoutservice,productcatalogservice",1,1,1,1.0,currencyservice,"currencyservice,productcatalogservice,cartservice,recommendationservice,redis",1,1,1,1.0,currencyservice,"currencyservice,frontend,redis,cartservice,productcatalogservice",1,1,1,1.0,currencyservice,"currencyservice,recommendationservice,productcatalogservice,redis,emailservice"
onlineboutique,cpu,currencyservice_cpu,3,currencyservice,11,2026-08-29T02:02:56.757120+00:00,61.0,5.55,16.8,45,9,2,1,1,1,1.0,currencyservice,"currencyservice,shippingservice,recommendationservice,frontend,checkoutservice",1,1,1,1.0,currencyservice,"currencyservice,shippingservice,checkoutservice,redis,paymentservice",1,1,1,1.0,currencyservice,"currencyservice,frontend,productcatalogservice,paymentservice,redis",1,1,1,1.0,currencyservice,"currencyservice,frontend,cartservice,adservice,checkoutservice",1,1,1,1.0,currencyservice,"currencyservice,frontend,checkoutservice,shippingservice,recommendationservice",1,1,1,1.0,currencyservice,"currencyservice,redis,productcatalogservice,checkoutservice,paymentservice",1,1,1,1.0,currencyservice,"currencyservice,frontend,emailservice,cartservice,redis",1,1,1,1.0,currencyservice,"currencyservice,cartservice,adservice,checkoutservice,frontend"
onlineboutique,cpu,currencyservice_cpu,4,currencyservice,11,2026-08-29T02:03:57.861702+00:00,63.8,5.8,20.0,45,10,1,1,1,1,1.0,currencyservice,"currencyservice,recommendationservice,checkoutservice,shippingservice,paymentservice",1,1,1,1.0,currencyservice,"currencyservice,paymentservice,emailservice,shippingservice,recommendationservice",1,1,1,1.0,currencyservice,"currencyservice,emailservice,paymentservice,frontend,redis",1,1,1,1.0,currencyservice,"currencyservice,emailservice,paymentservice,checkoutservice,shippingservice",1,1,1,1.0,currencyservice,"currencyservice,emailservice,paymentservice,shippingservice,frontend",1,1,1,1.0,currencyservice,"currencyservice,emailservice,paymentservice,shippingservice,cartservice",1,1,1,1.0,currencyservice,"currencyservice,frontend,adservice,paymentservice,emailservice",1,1,1,1.0,currencyservice,"currencyservice,emailservice,cartservice,paymentservice,shippingservice"
onlineboutique,cpu,currencyservice_cpu,5,currencyservice,11,2026-08-29T02:05:01.754849+00:00,57.0,5.19,16.4,40,11,0,1,1,1,1.0,currencyservice,"currencyservice,shippingservice,adservice,checkoutservice,recommendationservice",1,1,1,1.0,currencyservice,"currencyservice,shippingservice,adservice,frontend,redis",1,1,1,1.0,currencyservice,"currencyservice,frontend,redis,emailservice,productcatalogservice",1,1,1,1.0,currencyservice,"currencyservice,frontend,emailservice,productcatalogservice,redis",1,1,1,1.0,currencyservice,"currencyservice,frontend,shippingservice,adservice,checkoutservice",1,1,1,1.0,currencyservice,"currencyservice,frontend,redis,cartservice,adservice",1,1,1,1.0,currencyservice,"currencyservice,frontend,productcatalogservice,adservice,cartservice",1,1,1,1.0,currencyservice,"currencyservice,redis,cartservice,frontend,productcatalogservice"
onlineboutique,cpu,productcatalogservice_cpu,1,productcatalogservice,11,2026-08-29T02:05:58.830404+00:00,69.3,6.3,24.5,45,9,2,1,1,1,1.0,productcatalogservice,"productcatalogservice,frontend,redis,recommendationservice,emailservice",1,1,1,1.0,productcatalogservice,"productcatalogservice,frontend,redis,recommendationservice,emailservice",1,1,1,1.0,productcatalogservice,"productcatalogservice,adservice,redis,recommendationservice,frontend",1,1,1,1.0,productcatalogservice,"productcatalogservice,adservice,frontend,cartservice,paymentservice",1,1,1,1.0,productcatalogservice,"productcatalogservice,frontend,redis,recommendationservice,adservice",1,1,1,1.0,productcatalogservice,"productcatalogservice,frontend,adservice,emailservice,redis",1,1,1,1.0,productcatalogservice,"productcatalogservice,currencyservice,shippingservice,recommendationservice,frontend",1,1,1,1.0,productcatalogservice,"productcatalogservice,adservice,frontend,redis,emailservice"
onlineboutique,cpu,productcatalogservice_cpu,2,productcatalogservice,11,2026-08-29T02:07:08.228393+00:00,64.7,5.88,18.6,45,10,1,1,1,1,1.0,productcatalogservice,"productcatalogservice,recommendationservice,cartservice,redis,frontend",1,1,1,1.0,productcatalogservice,"productcatalogservice,recommendationservice,redis,cartservice,emailservice",1,1,1,1.0,productcatalogservice,"productcatalogservice,currencyservice,emailservice,adservice,shippingservice",1,1,1,1.0,productcatalogservice,"productcatalogservice,cartservice,frontend,redis,currencyservice",1,1,1,1.0,productcatalogservice,"productcatalogservice,frontend,recommendationservice,emailservice,redis",1,1,1,1.0,productcatalogservice,"productcatalogservice,recommendationservice,emailservice,redis,cartservice",1,1,1,1.0,productcatalogservice,"productcatalogservice,redis,frontend,currencyservice,adservice",1,1,1,1.0,productcatalogservice,"productcatalogservice,redis,emailservice,paymentservice,currencyservice"
onlineboutique,cpu,productcatalogservice_cpu,3,productcatalogservice,11,2026-08-29T02:08:12.961906+00:00,63.5,5.78,20.0,45,10,1,1,1,1,1.0,productcatalogservice,"productcatalogservice,redis,currencyservice,emailservice,adservice",1,1,1,1.0,productcatalogservice,"productcatalogservice,emailservice,redis,currencyservice,adservice",1,1,1,1.0,productcatalogservice,"productcatalogservice,adservice,emailservice,recommendationservice,currencyservice",1,1,1,1.0,productcatalogservice,"productcatalogservice,adservice,emailservice,redis,currencyservice",1,1,1,1.0,productcatalogservice,"productcatalogservice,adservice,emailservice,checkoutservice,recommendationservice",1,1,1,1.0,productcatalogservice,"productcatalogservice,adservice,emailservice,checkoutservice,currencyservice",1,1,1,1.0,productcatalogservice,"productcatalogservice,frontend,recommendationservice,shippingservice,currencyservice",1,1,1,1.0,productcatalogservice,"productcatalogservice,adservice,emailservice,redis,currencyservice"
onlineboutique,cpu,productcatalogservice_cpu,4,productcatalogservice,11,2026-08-29T02:09:16.562918+00:00,41.5,3.78,13.2,25,11,0,1,1,1,1.0,productcatalogservice,"productcatalogservice,frontend,recommendationservice,adservice,currencyservice",1,1,1,1.0,productcatalogservice,"productcatalogservice,frontend,recommendationservice,adservice,cartservice",1,1,1,1.0,productcatalogservice,"productcatalogservice,frontend,cartservice,redis,emailservice",1,1,1,1.0,productcatalogservice,"productcatalogservice,cartservice,frontend,currencyservice,shippingservice",1,1,1,1.0,productcatalogservice,"productcatalogservice,frontend,cartservice,recommendationservice,adservice",1,1,1,1.0,productcatalogservice,"productcatalogservice,frontend,cartservice,recommendationservice,adservice",1,1,1,1.0,productcatalogservice,"productcatalogservice,adservice,emailservice,redis,recommendationservice",1,1,1,1.0,productcatalogservice,"productcatalogservice,frontend,adservice,recommendationservice,cartservice"
onlineboutique,cpu,productcatalogservice_cpu,5,productcatalogservice,11,2026-08-29T02:09:58.139354+00:00,64.1,5.82,17.7,45,10,1,1,1,1,1.0,productcatalogservice,"productcatalogservice,frontend,recommendationservice,cartservice,currencyservice",1,1,1,1.0,productcatalogservice,"productcatalogservice,frontend,cartservice,recommendationservice,checkoutservice",1,1,1,1.0,productcatalogservice,"productcatalogservice,frontend,cartservice,redis,paymentservice",1,1,1,1.0,productcatalogservice,"productcatalogservice,frontend,redis,cartservice,recommendationservice",1,1,1,1.0,productcatalogservice,"productcatalogservice,frontend,cartservice,recommendationservice,checkoutservice",1,1,1,1.0,productcatalogservice,"productcatalogservice,frontend,cartservice,recommendationservice,adservice",1,1,1,1.0,productcatalogservice,"productcatalogservice,recommendationservice,frontend,cartservice,checkoutservice",1,1,1,1.0,productcatalogservice,"productcatalogservice,recommendationservice,frontend,adservice,currencyservice"
onlineboutique,mem,adservice_mem,1,adservice,11,2026-08-29T02:11:02.250219+00:00,62.0,5.64,17.3,45,10,1,0,1,1,0.9091,emailservice,"emailservice,adservice,paymentservice,currencyservice,recommendationservice",0,1,1,0.9091,emailservice,"emailservice,adservice,paymentservice,currencyservice,recommendationservice",1,1,1,1.0,adservice,"adservice,emailservice,cartservice,currencyservice,checkoutservice",1,1,1,1.0,adservice,"adservice,emailservice,recommendationservice,cartservice,paymentservice",1,1,1,1.0,adservice,"adservice,emailservice,currencyservice,cartservice,recommendationservice",1,1,1,1.0,adservice,"adservice,currencyservice,emailservice,cartservice,paymentservice",0,0,0,0.1818,recommendationservice,"recommendationservice,productcatalogservice,currencyservice,shippingservice,cartservice",0,0,1,0.7273,recommendationservice,"recommendationservice,redis,emailservice,adservice,currencyservice"
onlineboutique,mem,adservice_mem,2,adservice,11,2026-08-29T02:12:04.335970+00:00,52.1,4.74,13.6,40,11,0,1,1,1,1.0,adservice,"adservice,recommendationservice,frontend,paymentservice,currencyservice",1,1,1,1.0,adservice,"adservice,recommendationservice,frontend,paymentservice,currencyservice",1,1,1,1.0,adservice,"adservice,recommendationservice,emailservice,cartservice,currencyservice",1,1,1,1.0,adservice,"adservice,recommendationservice,emailservice,cartservice,redis",1,1,1,1.0,adservice,"adservice,recommendationservice,emailservice,cartservice,currencyservice",1,1,1,1.0,adservice,"adservice,recommendationservice,emailservice,cartservice,frontend",0,0,0,0.1818,paymentservice,"paymentservice,currencyservice,shippingservice,redis,cartservice",1,1,1,1.0,adservice,"adservice,paymentservice,recommendationservice,productcatalogservice,checkoutservice"
onlineboutique,mem,adservice_mem,3,adservice,11,2026-08-29T02:12:56.496441+00:00,57.4,5.22,17.3,40,11,0,0,1,1,0.9091,recommendationservice,"recommendationservice,adservice,emailservice,paymentservice,cartservice",0,1,1,0.9091,recommendationservice,"recommendationservice,adservice,emailservice,paymentservice,cartservice",1,1,1,1.0,adservice,"adservice,emailservice,cartservice,recommendationservice,currencyservice",1,1,1,1.0,adservice,"adservice,emailservice,recommendationservice,cartservice,paymentservice",1,1,1,1.0,adservice,"adservice,recommendationservice,cartservice,emailservice,currencyservice",1,1,1,1.0,adservice,"adservice,recommendationservice,cartservice,paymentservice,currencyservice",0,0,0,0.2727,currencyservice,"currencyservice,paymentservice,frontend,checkoutservice,recommendationservice",1,1,1,1.0,adservice,"adservice,shippingservice,paymentservice,redis,recommendationservice"
onlineboutique,mem,adservice_mem,4,adservice,11,2026-08-29T02:13:53.936418+00:00,65.4,5.95,18.6,45,9,2,0,1,1,0.9091,recommendationservice,"recommendationservice,adservice,paymentservice,frontend,currencyservice",0,1,1,0.9091,recommendationservice,"recommendationservice,adservice,paymentservice,frontend,currencyservice",1,1,1,1.0,adservice,"adservice,recommendationservice,emailservice,cartservice,shippingservice",1,1,1,1.0,adservice,"adservice,emailservice,recommendationservice,redis,cartservice",1,1,1,1.0,adservice,"adservice,recommendationservice,emailservice,paymentservice,cartservice",1,1,1,1.0,adservice,"adservice,recommendationservice,emailservice,paymentservice,frontend",0,0,0,0.3636,currencyservice,"currencyservice,frontend,shippingservice,cartservice,checkoutservice",0,0,1,0.6364,paymentservice,"paymentservice,frontend,currencyservice,shippingservice,adservice"
onlineboutique,mem,adservice_mem,5,adservice,11,2026-08-29T02:14:59.404685+00:00,60.4,5.49,17.7,45,10,1,0,1,1,0.8182,recommendationservice,"recommendationservice,paymentservice,adservice,cartservice,frontend",0,1,1,0.8182,recommendationservice,"recommendationservice,paymentservice,adservice,cartservice,frontend",1,1,1,1.0,adservice,"adservice,emailservice,recommendationservice,cartservice,currencyservice",1,1,1,1.0,adservice,"adservice,emailservice,recommendationservice,redis,productcatalogservice",1,1,1,1.0,adservice,"adservice,emailservice,recommendationservice,cartservice,paymentservice",1,1,1,1.0,adservice,"adservice,recommendationservice,emailservice,paymentservice,cartservice",0,0,0,0.2727,paymentservice,"paymentservice,currencyservice,checkoutservice,frontend,productcatalogservice",0,1,1,0.9091,paymentservice,"paymentservice,adservice,redis,recommendationservice,currencyservice"
onlineboutique,mem,cartservice_mem,1,cartservice,11,2026-08-29T02:15:59.853085+00:00,60.3,5.48,15.5,45,10,1,0,1,1,0.9091,emailservice,"emailservice,cartservice,adservice,frontend,paymentservice",0,1,1,0.9091,emailservice,"emailservice,cartservice,adservice,frontend,paymentservice",1,1,1,1.0,cartservice,"cartservice,recommendationservice,emailservice,adservice,currencyservice",1,1,1,1.0,cartservice,"cartservice,recommendationservice,emailservice,adservice,redis",1,1,1,1.0,cartservice,"cartservice,recommendationservice,emailservice,adservice,currencyservice",1,1,1,1.0,cartservice,"cartservice,recommendationservice,emailservice,adservice,frontend",0,0,0,0.4545,currencyservice,"currencyservice,adservice,shippingservice,redis,checkoutservice",0,1,1,0.9091,paymentservice,"paymentservice,cartservice,adservice,currencyservice,emailservice"
onlineboutique,mem,cartservice_mem,2,cartservice,11,2026-08-29T02:17:00.187567+00:00,63.5,5.77,17.3,45,10,1,0,1,1,0.9091,recommendationservice,"recommendationservice,cartservice,paymentservice,adservice,currencyservice",0,1,1,0.9091,recommendationservice,"recommendationservice,cartservice,paymentservice,adservice,currencyservice",1,1,1,1.0,cartservice,"cartservice,emailservice,recommendationservice,currencyservice,productcatalogservice",1,1,1,1.0,cartservice,"cartservice,emailservice,recommendationservice,redis,frontend",1,1,1,1.0,cartservice,"cartservice,emailservice,recommendationservice,paymentservice,currencyservice",1,1,1,1.0,cartservice,"cartservice,emailservice,recommendationservice,paymentservice,checkoutservice",0,0,0,0.2727,paymentservice,"paymentservice,adservice,currencyservice,productcatalogservice,emailservice",0,0,0,0.4545,paymentservice,"paymentservice,adservice,currencyservice,frontend,shippingservice"
onlineboutique,mem,cartservice_mem,3,cartservice,11,2026-08-29T02:18:03.723256+00:00,64.5,5.86,17.7,45,10,1,1,1,1,1.0,cartservice,"cartservice,recommendationservice,paymentservice,adservice,frontend",1,1,1,1.0,cartservice,"cartservice,paymentservice,recommendationservice,adservice,currencyservice",1,1,1,1.0,cartservice,"cartservice,recommendationservice,emailservice,productcatalogservice,currencyservice",1,1,1,1.0,cartservice,"cartservice,recommendationservice,emailservice,productcatalogservice,redis",1,1,1,1.0,cartservice,"cartservice,recommendationservice,emailservice,productcatalogservice,currencyservice",1,1,1,1.0,cartservice,"cartservice,recommendationservice,emailservice,productcatalogservice,paymentservice",0,0,0,0.1818,currencyservice,"currencyservice,adservice,paymentservice,shippingservice,checkoutservice",0,0,0,0.3636,adservice,"adservice,currencyservice,checkoutservice,paymentservice,frontend"
onlineboutique,mem,cartservice_mem,4,cartservice,11,2026-08-29T02:19:08.231524+00:00,59.2,5.38,16.8,45,11,0,0,1,1,0.8182,adservice,"adservice,recommendationservice,cartservice,paymentservice,frontend",0,1,1,0.8182,adservice,"adservice,recommendationservice,cartservice,paymentservice,frontend",1,1,1,1.0,cartservice,"cartservice,recommendationservice,emailservice,adservice,paymentservice",1,1,1,1.0,cartservice,"cartservice,recommendationservice,emailservice,adservice,paymentservice",1,1,1,1.0,cartservice,"cartservice,recommendationservice,adservice,emailservice,paymentservice",1,1,1,1.0,cartservice,"cartservice,recommendationservice,adservice,emailservice,paymentservice",0,1,1,0.8182,adservice,"adservice,emailservice,cartservice,currencyservice,shippingservice",0,0,1,0.6364,adservice,"adservice,emailservice,paymentservice,productcatalogservice,cartservice"
onlineboutique,mem,cartservice_mem,5,cartservice,11,2026-08-29T02:20:07.459488+00:00,61.0,5.55,16.8,45,10,1,1,1,1,1.0,cartservice,"cartservice,paymentservice,recommendationservice,adservice,frontend",1,1,1,1.0,cartservice,"cartservice,paymentservice,adservice,recommendationservice,frontend",1,1,1,1.0,cartservice,"cartservice,emailservice,recommendationservice,currencyservice,adservice",1,1,1,1.0,cartservice,"cartservice,emailservice,recommendationservice,redis,adservice",1,1,1,1.0,cartservice,"cartservice,recommendationservice,emailservice,adservice,paymentservice",1,1,1,1.0,cartservice,"cartservice,recommendationservice,emailservice,adservice,paymentservice",0,1,1,0.8182,paymentservice,"paymentservice,currencyservice,cartservice,emailservice,productcatalogservice",0,0,0,0.0909,paymentservice,"paymentservice,recommendationservice,adservice,currencyservice,productcatalogservice"
onlineboutique,mem,checkoutservice_mem,1,checkoutservice,11,2026-08-29T02:21:08.499102+00:00,57.8,5.25,16.8,45,11,0,1,1,1,1.0,checkoutservice,"checkoutservice,emailservice,paymentservice,redis,frontend",1,1,1,1.0,checkoutservice,"checkoutservice,emailservice,paymentservice,redis,frontend",1,1,1,1.0,checkoutservice,"checkoutservice,redis,frontend,cartservice,productcatalogservice",1,1,1,1.0,checkoutservice,"checkoutservice,redis,frontend,cartservice,recommendationservice",1,1,1,1.0,checkoutservice,"checkoutservice,redis,frontend,paymentservice,emailservice",1,1,1,1.0,checkoutservice,"checkoutservice,frontend,redis,paymentservice,emailservice",0,0,0,0.5455,emailservice,"emailservice,currencyservice,paymentservice,cartservice,recommendationservice",0,0,0,0.5455,emailservice,"emailservice,paymentservice,frontend,currencyservice,shippingservice"
onlineboutique,mem,checkoutservice_mem,2,checkoutservice,11,2026-08-29T02:22:06.325185+00:00,61.7,5.61,14.5,45,10,1,0,1,1,0.9091,emailservice,"emailservice,checkoutservice,cartservice,recommendationservice,paymentservice",0,1,1,0.9091,emailservice,"emailservice,checkoutservice,cartservice,recommendationservice,paymentservice",1,1,1,1.0,checkoutservice,"checkoutservice,emailservice,redis,cartservice,currencyservice",1,1,1,1.0,checkoutservice,"checkoutservice,emailservice,redis,cartservice,paymentservice",1,1,1,1.0,checkoutservice,"checkoutservice,emailservice,redis,cartservice,currencyservice",1,1,1,1.0,checkoutservice,"checkoutservice,emailservice,currencyservice,cartservice,paymentservice",0,0,1,0.7273,frontend,"frontend,cartservice,recommendationservice,checkoutservice,paymentservice",0,0,1,0.7273,frontend,"frontend,cartservice,recommendationservice,checkoutservice,emailservice"
onlineboutique,mem,checkoutservice_mem,3,checkoutservice,11,2026-08-29T02:23:08.083094+00:00,55.9,5.08,15.5,40,11,0,0,1,1,0.9091,emailservice,"emailservice,checkoutservice,recommendationservice,adservice,frontend",0,1,1,0.9091,emailservice,"emailservice,checkoutservice,adservice,recommendationservice,frontend",1,1,1,1.0,checkoutservice,"checkoutservice,recommendationservice,cartservice,frontend,shippingservice",1,1,1,1.0,checkoutservice,"checkoutservice,recommendationservice,cartservice,shippingservice,redis",1,1,1,1.0,checkoutservice,"checkoutservice,recommendationservice,emailservice,frontend,adservice",1,1,1,1.0,checkoutservice,"checkoutservice,recommendationservice,emailservice,frontend,adservice",1,1,1,1.0,checkoutservice,"checkoutservice,emailservice,adservice,productcatalogservice,currencyservice",1,1,1,1.0,checkoutservice,"checkoutservice,emailservice,cartservice,recommendationservice,adservice"
onlineboutique,mem,checkoutservice_mem,4,checkoutservice,11,2026-08-29T02:24:04.003055+00:00,40.9,3.72,12.7,25,11,0,1,1,1,1.0,checkoutservice,"checkoutservice,adservice,cartservice,recommendationservice,emailservice",1,1,1,1.0,checkoutservice,"checkoutservice,adservice,cartservice,emailservice,recommendationservice",1,1,1,1.0,checkoutservice,"checkoutservice,emailservice,recommendationservice,frontend,productcatalogservice",1,1,1,1.0,checkoutservice,"checkoutservice,emailservice,recommendationservice,redis,frontend",1,1,1,1.0,checkoutservice,"checkoutservice,recommendationservice,emailservice,adservice,cartservice",1,1,1,1.0,checkoutservice,"checkoutservice,recommendationservice,emailservice,cartservice,adservice",0,1,1,0.9091,redis,"redis,checkoutservice,adservice,frontend,emailservice",0,1,1,0.9091,redis,"redis,checkoutservice,adservice,recommendationservice,shippingservice"
onlineboutique,mem,checkoutservice_mem,5,checkoutservice,11,2026-08-29T02:24:44.943222+00:00,47.7,4.33,15.5,30,11,0,1,1,1,1.0,checkoutservice,"checkoutservice,paymentservice,emailservice,recommendationservice,adservice",1,1,1,1.0,checkoutservice,"checkoutservice,paymentservice,emailservice,recommendationservice,adservice",1,1,1,1.0,checkoutservice,"checkoutservice,redis,cartservice,shippingservice,emailservice",1,1,1,1.0,checkoutservice,"checkoutservice,cartservice,emailservice,redis,paymentservice",1,1,1,1.0,checkoutservice,"checkoutservice,redis,cartservice,emailservice,paymentservice",1,1,1,1.0,checkoutservice,"checkoutservice,adservice,cartservice,emailservice,paymentservice",0,1,1,0.8182,frontend,"frontend,adservice,checkoutservice,currencyservice,recommendationservice",0,1,1,0.9091,frontend,"frontend,checkoutservice,adservice,currencyservice,paymentservice"
onlineboutique,mem,currencyservice_mem,1,currencyservice,11,2026-08-29T02:25:32.676282+00:00,47.0,4.27,10.0,35,11,0,1,1,1,1.0,currencyservice,"currencyservice,redis,frontend,adservice,cartservice",1,1,1,1.0,currencyservice,"currencyservice,redis,frontend,adservice,cartservice",1,1,1,1.0,currencyservice,"currencyservice,recommendationservice,emailservice,redis,frontend",1,1,1,1.0,currencyservice,"currencyservice,recommendationservice,emailservice,frontend,cartservice",1,1,1,1.0,currencyservice,"currencyservice,recommendationservice,emailservice,redis,frontend",1,1,1,1.0,currencyservice,"currencyservice,recommendationservice,emailservice,frontend,cartservice",1,1,1,1.0,currencyservice,"currencyservice,redis,paymentservice,checkoutservice,productcatalogservice",0,0,1,0.6364,redis,"redis,recommendationservice,paymentservice,cartservice,currencyservice"
onlineboutique,mem,currencyservice_mem,2,currencyservice,11,2026-08-29T02:26:19.726579+00:00,62.2,5.65,16.4,45,10,1,0,1,1,0.8182,recommendationservice,"recommendationservice,adservice,currencyservice,cartservice,frontend",0,1,1,0.8182,adservice,"adservice,recommendationservice,currencyservice,cartservice,frontend",1,1,1,1.0,currencyservice,"currencyservice,recommendationservice,emailservice,cartservice,frontend",1,1,1,1.0,currencyservice,"currencyservice,recommendationservice,emailservice,cartservice,frontend",1,1,1,1.0,currencyservice,"currencyservice,recommendationservice,cartservice,emailservice,adservice",1,1,1,1.0,currencyservice,"currencyservice,recommendationservice,cartservice,emailservice,frontend",0,1,1,0.9091,redis,"redis,currencyservice,adservice,emailservice,paymentservice",0,1,1,0.8182,redis,"redis,recommendationservice,currencyservice,cartservice,frontend"
onlineboutique,mem,currencyservice_mem,3,currencyservice,11,2026-08-29T02:27:21.969185+00:00,43.1,3.91,12.3,30,11,0,1,1,1,1.0,currencyservice,"currencyservice,cartservice,adservice,redis,recommendationservice",1,1,1,1.0,currencyservice,"currencyservice,cartservice,adservice,recommendationservice,redis",1,1,1,1.0,currencyservice,"currencyservice,recommendationservice,emailservice,redis,cartservice",1,1,1,1.0,currencyservice,"currencyservice,recommendationservice,frontend,adservice,emailservice",1,1,1,1.0,currencyservice,"currencyservice,recommendationservice,redis,frontend,adservice",1,1,1,1.0,currencyservice,"currencyservice,recommendationservice,frontend,adservice,cartservice",0,1,1,0.9091,paymentservice,"paymentservice,currencyservice,productcatalogservice,checkoutservice,redis",0,0,1,0.6364,paymentservice,"paymentservice,frontend,emailservice,recommendationservice,currencyservice"
onlineboutique,mem,currencyservice_mem,4,currencyservice,11,2026-08-29T02:28:05.091922+00:00,52.3,4.75,13.6,40,11,0,0,1,1,0.9091,recommendationservice,"recommendationservice,currencyservice,paymentservice,redis,emailservice",0,1,1,0.9091,recommendationservice,"recommendationservice,currencyservice,paymentservice,emailservice,redis",1,1,1,1.0,currencyservice,"currencyservice,emailservice,redis,cartservice,paymentservice",1,1,1,1.0,currencyservice,"currencyservice,emailservice,paymentservice,redis,cartservice",1,1,1,1.0,currencyservice,"currencyservice,emailservice,redis,recommendationservice,cartservice",1,1,1,1.0,currencyservice,"currencyservice,emailservice,recommendationservice,paymentservice,cartservice",0,0,1,0.7273,recommendationservice,"recommendationservice,adservice,productcatalogservice,currencyservice,checkoutservice",0,0,0,0.3636,recommendationservice,"recommendationservice,emailservice,adservice,checkoutservice,paymentservice"
onlineboutique,mem,currencyservice_mem,5,currencyservice,11,2026-08-29T02:28:57.440075+00:00,51.0,4.64,15.9,35,11,0,1,1,1,1.0,currencyservice,"currencyservice,cartservice,paymentservice,recommendationservice,adservice",1,1,1,1.0,currencyservice,"currencyservice,cartservice,paymentservice,recommendationservice,adservice",1,1,1,1.0,currencyservice,"currencyservice,recommendationservice,emailservice,redis,shippingservice",1,1,1,1.0,currencyservice,"currencyservice,emailservice,recommendationservice,redis,cartservice",1,1,1,1.0,currencyservice,"currencyservice,recommendationservice,redis,emailservice,adservice",1,1,1,1.0,currencyservice,"currencyservice,recommendationservice,adservice,cartservice,paymentservice",0,1,1,0.8182,paymentservice,"paymentservice,cartservice,currencyservice,productcatalogservice,frontend",0,1,1,0.8182,paymentservice,"paymentservice,cartservice,currencyservice,emailservice,adservice"
onlineboutique,mem,productcatalogservice_mem,1,productcatalogservice,11,2026-08-29T02:29:48.539039+00:00,43.4,3.95,12.7,30,11,0,0,1,1,0.9091,emailservice,"emailservice,productcatalogservice,currencyservice,recommendationservice,adservice",1,1,1,1.0,productcatalogservice,"productcatalogservice,emailservice,currencyservice,recommendationservice,adservice",1,1,1,1.0,productcatalogservice,"productcatalogservice,recommendationservice,cartservice,frontend,emailservice",1,1,1,1.0,productcatalogservice,"productcatalogservice,recommendationservice,cartservice,frontend,emailservice",1,1,1,1.0,productcatalogservice,"productcatalogservice,recommendationservice,cartservice,frontend,emailservice",1,1,1,1.0,productcatalogservice,"productcatalogservice,recommendationservice,cartservice,frontend,emailservice",0,1,1,0.9091,currencyservice,"currencyservice,productcatalogservice,frontend,checkoutservice,shippingservice",0,1,1,0.9091,currencyservice,"currencyservice,productcatalogservice,paymentservice,frontend,emailservice"
onlineboutique,mem,productcatalogservice_mem,2,productcatalogservice,11,2026-08-29T02:30:31.985470+00:00,45.6,4.15,14.1,30,11,0,0,1,1,0.9091,paymentservice,"paymentservice,productcatalogservice,emailservice,cartservice,currencyservice",0,1,1,0.9091,paymentservice,"paymentservice,productcatalogservice,emailservice,cartservice,currencyservice",1,1,1,1.0,productcatalogservice,"productcatalogservice,recommendationservice,emailservice,cartservice,frontend",1,1,1,1.0,productcatalogservice,"productcatalogservice,recommendationservice,emailservice,cartservice,frontend",1,1,1,1.0,productcatalogservice,"productcatalogservice,recommendationservice,emailservice,cartservice,frontend",1,1,1,1.0,productcatalogservice,"productcatalogservice,recommendationservice,cartservice,frontend,currencyservice",0,0,1,0.7273,currencyservice,"currencyservice,paymentservice,adservice,productcatalogservice,redis",0,0,1,0.6364,currencyservice,"currencyservice,paymentservice,adservice,recommendationservice,productcatalogservice"
onlineboutique,mem,productcatalogservice_mem,3,productcatalogservice,11,2026-08-29T02:31:17.626830+00:00,47.2,4.29,12.7,35,11,0,0,1,1,0.9091,recommendationservice,"recommendationservice,productcatalogservice,cartservice,frontend,currencyservice",0,1,1,0.9091,recommendationservice,"recommendationservice,productcatalogservice,cartservice,frontend,currencyservice",1,1,1,1.0,productcatalogservice,"productcatalogservice,recommendationservice,emailservice,cartservice,frontend",1,1,1,1.0,productcatalogservice,"productcatalogservice,recommendationservice,emailservice,frontend,redis",1,1,1,1.0,productcatalogservice,"productcatalogservice,recommendationservice,cartservice,frontend,emailservice",1,1,1,1.0,productcatalogservice,"productcatalogservice,recommendationservice,cartservice,frontend,currencyservice",0,1,1,0.9091,adservice,"adservice,productcatalogservice,currencyservice,checkoutservice,cartservice",0,1,1,0.9091,adservice,"adservice,productcatalogservice,currencyservice,paymentservice,emailservice"
onlineboutique,mem,productcatalogservice_mem,4,productcatalogservice,11,2026-08-29T02:32:04.902650+00:00,59.5,5.41,13.2,45,10,1,0,1,1,0.8182,recommendationservice,"recommendationservice,adservice,productcatalogservice,cartservice,frontend",0,1,1,0.8182,recommendationservice,"recommendationservice,adservice,productcatalogservice,cartservice,frontend",1,1,1,1.0,productcatalogservice,"productcatalogservice,emailservice,recommendationservice,cartservice,frontend",1,1,1,1.0,productcatalogservice,"productcatalogservice,emailservice,recommendationservice,cartservice,checkoutservice",1,1,1,1.0,productcatalogservice,"productcatalogservice,recommendationservice,emailservice,adservice,cartservice",1,1,1,1.0,productcatalogservice,"productcatalogservice,recommendationservice,emailservice,adservice,cartservice",0,1,1,0.8182,currencyservice,"currencyservice,adservice,productcatalogservice,paymentservice,checkoutservice",0,0,1,0.7273,currencyservice,"currencyservice,emailservice,adservice,productcatalogservice,frontend"
onlineboutique,mem,productcatalogservice_mem,5,productcatalogservice,11,2026-08-29T02:33:04.443290+00:00,47.0,4.28,11.8,35,11,0,0,1,1,0.9091,adservice,"adservice,productcatalogservice,frontend,paymentservice,cartservice",0,1,1,0.9091,adservice,"adservice,productcatalogservice,frontend,paymentservice,cartservice",1,1,1,1.0,productcatalogservice,"productcatalogservice,recommendationservice,emailservice,frontend,redis",1,1,1,1.0,productcatalogservice,"productcatalogservice,recommendationservice,emailservice,frontend,redis",1,1,1,1.0,productcatalogservice,"productcatalogservice,recommendationservice,emailservice,frontend,redis",1,1,1,1.0,productcatalogservice,"productcatalogservice,recommendationservice,emailservice,frontend,cartservice",0,1,1,0.8182,currencyservice,"currencyservice,adservice,productcatalogservice,emailservice,shippingservice",0,0,0,0.2727,currencyservice,"currencyservice,adservice,redis,paymentservice,recommendationservice"
onlineboutique,delay,adservice_delay,1,adservice,10,2026-08-29T02:33:51.511154+00:00,15.2,1.52,21.0,45,7,3,0,1,1,0.9,checkoutservice,"checkoutservice,adservice,cartservice,recommendationservice,shippingservice",0,1,1,0.9,checkoutservice,"checkoutservice,adservice,recommendationservice,shippingservice,paymentservice",1,1,1,1.0,adservice,"adservice,emailservice,checkoutservice,recommendationservice,shippingservice",1,1,1,1.0,adservice,"adservice,emailservice,checkoutservice,recommendationservice,cartservice",1,1,1,1.0,adservice,"adservice,checkoutservice,emailservice,cartservice,shippingservice",1,1,1,1.0,adservice,"adservice,checkoutservice,emailservice,shippingservice,recommendationservice",0,1,1,0.9,cartservice,"cartservice,adservice,checkoutservice,emailservice,paymentservice",0,1,1,0.9,cartservice,"cartservice,adservice,checkoutservice,emailservice,paymentservice"
onlineboutique,delay,adservice_delay,2,adservice,10,2026-08-29T02:34:06.724725+00:00,10.7,1.07,12.5,25,10,0,1,1,1,1.0,adservice,"adservice,checkoutservice,cartservice,recommendationservice,emailservice",1,1,1,1.0,adservice,"adservice,checkoutservice,cartservice,recommendationservice,emailservice",1,1,1,1.0,adservice,"adservice,checkoutservice,cartservice,paymentservice,recommendationservice",1,1,1,1.0,adservice,"adservice,checkoutservice,cartservice,frontend,shippingservice",1,1,1,1.0,adservice,"adservice,checkoutservice,cartservice,recommendationservice,frontend",1,1,1,1.0,adservice,"adservice,checkoutservice,recommendationservice,emailservice,frontend",0,1,1,0.8,cartservice,"cartservice,checkoutservice,adservice,emailservice,shippingservice",0,1,1,0.8,cartservice,"cartservice,checkoutservice,adservice,emailservice,shippingservice"
onlineboutique,delay,adservice_delay,3,adservice,10,2026-08-29T02:34:17.432878+00:00,13.0,1.3,15.5,35,10,0,0,1,1,0.9,checkoutservice,"checkoutservice,adservice,cartservice,currencyservice,shippingservice",0,1,1,0.9,checkoutservice,"checkoutservice,adservice,currencyservice,shippingservice,cartservice",1,1,1,1.0,adservice,"adservice,checkoutservice,cartservice,frontend,recommendationservice",1,1,1,1.0,adservice,"adservice,checkoutservice,cartservice,frontend,currencyservice",1,1,1,1.0,adservice,"adservice,checkoutservice,cartservice,recommendationservice,shippingservice",1,1,1,1.0,adservice,"adservice,checkoutservice,cartservice,recommendationservice,shippingservice",1,1,1,1.0,adservice,"adservice,cartservice,checkoutservice,paymentservice,shippingservice",1,1,1,1.0,adservice,"adservice,cartservice,checkoutservice,shippingservice,frontend"
onlineboutique,delay,adservice_delay,4,adservice,10,2026-08-29T02:34:30.414601+00:00,14.5,1.45,18.5,45,10,0,0,1,1,0.9,checkoutservice,"checkoutservice,adservice,emailservice,frontend,paymentservice",0,1,1,0.9,checkoutservice,"checkoutservice,adservice,emailservice,frontend,paymentservice",1,1,1,1.0,adservice,"adservice,checkoutservice,cartservice,emailservice,shippingservice",1,1,1,1.0,adservice,"adservice,checkoutservice,cartservice,emailservice,shippingservice",1,1,1,1.0,adservice,"adservice,checkoutservice,cartservice,frontend,emailservice",1,1,1,1.0,adservice,"adservice,checkoutservice,cartservice,frontend,emailservice",1,1,1,1.0,adservice,"adservice,checkoutservice,emailservice,paymentservice,currencyservice",1,1,1,1.0,adservice,"adservice,checkoutservice,emailservice,currencyservice,frontend"
onlineboutique,delay,adservice_delay,5,adservice,10,2026-08-29T02:34:44.945447+00:00,11.9,1.19,16.0,30,10,0,0,1,1,0.9,checkoutservice,"checkoutservice,adservice,currencyservice,productcatalogservice,cartservice",0,1,1,0.9,checkoutservice,"checkoutservice,adservice,currencyservice,productcatalogservice,cartservice",1,1,1,1.0,adservice,"adservice,cartservice,currencyservice,checkoutservice,frontend",1,1,1,1.0,adservice,"adservice,cartservice,currencyservice,checkoutservice,frontend",1,1,1,1.0,adservice,"adservice,checkoutservice,cartservice,currencyservice,frontend",1,1,1,1.0,adservice,"adservice,checkoutservice,cartservice,currencyservice,frontend",1,1,1,1.0,adservice,"adservice,checkoutservice,currencyservice,recommendationservice,cartservice",1,1,1,1.0,adservice,"adservice,checkoutservice,currencyservice,recommendationservice,cartservice"
onlineboutique,delay,cartservice_delay,1,cartservice,10,2026-08-29T02:34:56.884851+00:00,13.6,1.36,14.5,40,10,0,0,0,1,0.6,emailservice,"emailservice,frontend,checkoutservice,adservice,cartservice",0,0,1,0.6,emailservice,"emailservice,checkoutservice,frontend,adservice,cartservice",1,1,1,1.0,cartservice,"cartservice,checkoutservice,frontend,productcatalogservice,recommendationservice",1,1,1,1.0,cartservice,"cartservice,checkoutservice,frontend,productcatalogservice,recommendationservice",1,1,1,1.0,cartservice,"cartservice,checkoutservice,frontend,emailservice,adservice",1,1,1,1.0,cartservice,"cartservice,checkoutservice,frontend,emailservice,adservice",0,1,1,0.9,checkoutservice,"checkoutservice,cartservice,frontend,paymentservice,emailservice",0,1,1,0.9,checkoutservice,"checkoutservice,cartservice,frontend,paymentservice,emailservice"
onlineboutique,delay,cartservice_delay,2,cartservice,10,2026-08-29T02:35:10.501546+00:00,13.7,1.37,18.5,40,10,0,0,0,1,0.6,frontend,"frontend,paymentservice,checkoutservice,emailservice,cartservice",0,0,1,0.6,frontend,"frontend,paymentservice,checkoutservice,emailservice,cartservice",1,1,1,1.0,cartservice,"cartservice,checkoutservice,frontend,emailservice,recommendationservice",1,1,1,1.0,cartservice,"cartservice,checkoutservice,frontend,emailservice,productcatalogservice",1,1,1,1.0,cartservice,"cartservice,checkoutservice,frontend,emailservice,paymentservice",1,1,1,1.0,cartservice,"cartservice,checkoutservice,frontend,emailservice,paymentservice",0,0,1,0.7,checkoutservice,"checkoutservice,paymentservice,frontend,cartservice,recommendationservice",0,0,1,0.6,checkoutservice,"checkoutservice,paymentservice,frontend,adservice,cartservice"
onlineboutique,delay,cartservice_delay,3,cartservice,10,2026-08-29T02:35:24.251192+00:00,13.9,1.39,18.5,45,10,0,0,1,1,0.8,frontend,"frontend,checkoutservice,cartservice,paymentservice,shippingservice",0,1,1,0.8,frontend,"frontend,checkoutservice,cartservice,paymentservice,shippingservice",1,1,1,1.0,cartservice,"cartservice,checkoutservice,frontend,paymentservice,emailservice",1,1,1,1.0,cartservice,"cartservice,checkoutservice,frontend,productcatalogservice,currencyservice",1,1,1,1.0,cartservice,"cartservice,checkoutservice,frontend,paymentservice,productcatalogservice",1,1,1,1.0,cartservice,"cartservice,checkoutservice,frontend,paymentservice,emailservice",0,1,1,0.9,checkoutservice,"checkoutservice,cartservice,frontend,shippingservice,paymentservice",0,1,1,0.9,checkoutservice,"checkoutservice,cartservice,shippingservice,frontend,emailservice"
onlineboutique,delay,cartservice_delay,4,cartservice,10,2026-08-29T02:35:38.127131+00:00,14.7,1.47,20.5,45,9,1,0,1,1,0.8,frontend,"frontend,checkoutservice,cartservice,emailservice,adservice",0,1,1,0.8,frontend,"frontend,checkoutservice,cartservice,productcatalogservice,emailservice",1,1,1,1.0,cartservice,"cartservice,checkoutservice,frontend,emailservice,shippingservice",1,1,1,1.0,cartservice,"cartservice,checkoutservice,frontend,recommendationservice,emailservice",1,1,1,1.0,cartservice,"cartservice,checkoutservice,frontend,emailservice,productcatalogservice",1,1,1,1.0,cartservice,"cartservice,checkoutservice,frontend,emailservice,productcatalogservice",0,0,1,0.7,checkoutservice,"checkoutservice,frontend,productcatalogservice,cartservice,adservice",0,0,1,0.7,checkoutservice,"checkoutservice,frontend,productcatalogservice,cartservice,adservice"
onlineboutique,delay,cartservice_delay,5,cartservice,10,2026-08-29T02:35:52.896960+00:00,13.1,1.31,15.5,40,10,0,0,0,1,0.7,frontend,"frontend,emailservice,checkoutservice,cartservice,currencyservice",0,0,1,0.7,frontend,"frontend,emailservice,checkoutservice,cartservice,currencyservice",1,1,1,1.0,cartservice,"cartservice,checkoutservice,frontend,paymentservice,productcatalogservice",1,1,1,1.0,cartservice,"cartservice,checkoutservice,frontend,productcatalogservice,adservice",1,1,1,1.0,cartservice,"cartservice,checkoutservice,frontend,emailservice,currencyservice",1,1,1,1.0,cartservice,"cartservice,checkoutservice,frontend,emailservice,currencyservice",0,1,1,0.8,checkoutservice,"checkoutservice,frontend,cartservice,productcatalogservice,shippingservice",0,0,1,0.7,checkoutservice,"checkoutservice,shippingservice,adservice,cartservice,frontend"
onlineboutique,delay,checkoutservice_delay,1,checkoutservice,10,2026-08-29T02:36:05.993121+00:00,14.4,1.44,16.5,45,9,1,0,1,1,0.9,shippingservice,"shippingservice,checkoutservice,recommendationservice,adservice,paymentservice",0,1,1,0.9,shippingservice,"shippingservice,checkoutservice,recommendationservice,adservice,paymentservice",1,1,1,1.0,checkoutservice,"checkoutservice,cartservice,frontend,paymentservice,shippingservice",1,1,1,1.0,checkoutservice,"checkoutservice,cartservice,frontend,paymentservice,shippingservice",1,1,1,1.0,checkoutservice,"checkoutservice,shippingservice,cartservice,frontend,paymentservice",1,1,1,1.0,checkoutservice,"checkoutservice,shippingservice,cartservice,frontend,paymentservice",1,1,1,1.0,checkoutservice,"checkoutservice,shippingservice,adservice,recommendationservice,emailservice",1,1,1,1.0,checkoutservice,"checkoutservice,shippingservice,frontend,paymentservice,recommendationservice"
onlineboutique,delay,checkoutservice_delay,2,checkoutservice,10,2026-08-29T02:36:20.434903+00:00,13.1,1.31,11.0,40,10,0,0,1,1,0.9,shippingservice,"shippingservice,checkoutservice,paymentservice,frontend,productcatalogservice",0,1,1,0.9,shippingservice,"shippingservice,checkoutservice,paymentservice,frontend,productcatalogservice",1,1,1,1.0,checkoutservice,"checkoutservice,cartservice,frontend,shippingservice,emailservice",1,1,1,1.0,checkoutservice,"checkoutservice,cartservice,frontend,shippingservice,emailservice",1,1,1,1.0,checkoutservice,"checkoutservice,shippingservice,frontend,cartservice,paymentservice",1,1,1,1.0,checkoutservice,"checkoutservice,shippingservice,frontend,cartservice,paymentservice",1,1,1,1.0,checkoutservice,"checkoutservice,shippingservice,paymentservice,adservice,recommendationservice",1,1,1,1.0,checkoutservice,"checkoutservice,frontend,shippingservice,cartservice,currencyservice"
onlineboutique,delay,checkoutservice_delay,3,checkoutservice,10,2026-08-29T02:36:33.562810+00:00,12.7,1.27,13.0,40,10,0,0,1,1,0.9,shippingservice,"shippingservice,checkoutservice,adservice,currencyservice,productcatalogservice",0,1,1,0.9,shippingservice,"shippingservice,checkoutservice,adservice,currencyservice,productcatalogservice",1,1,1,1.0,checkoutservice,"checkoutservice,shippingservice,frontend,cartservice,adservice",1,1,1,1.0,checkoutservice,"checkoutservice,shippingservice,frontend,cartservice,adservice",1,1,1,1.0,checkoutservice,"checkoutservice,shippingservice,frontend,adservice,cartservice",1,1,1,1.0,checkoutservice,"checkoutservice,shippingservice,frontend,adservice,cartservice",1,1,1,1.0,checkoutservice,"checkoutservice,paymentservice,emailservice,cartservice,shippingservice",1,1,1,1.0,checkoutservice,"checkoutservice,frontend,adservice,cartservice,currencyservice"
onlineboutique,delay,checkoutservice_delay,4,checkoutservice,10,2026-08-29T02:36:46.244023+00:00,13.7,1.37,16.5,45,10,0,0,1,1,0.9,shippingservice,"shippingservice,checkoutservice,productcatalogservice,currencyservice,adservice",0,1,1,0.9,shippingservice,"shippingservice,checkoutservice,productcatalogservice,currencyservice,frontend",1,1,1,1.0,checkoutservice,"checkoutservice,cartservice,frontend,shippingservice,currencyservice",1,1,1,1.0,checkoutservice,"checkoutservice,cartservice,frontend,shippingservice,adservice",1,1,1,1.0,checkoutservice,"checkoutservice,cartservice,frontend,shippingservice,currencyservice",1,1,1,1.0,checkoutservice,"checkoutservice,cartservice,frontend,shippingservice,currencyservice",1,1,1,1.0,checkoutservice,"checkoutservice,paymentservice,adservice,shippingservice,emailservice",1,1,1,1.0,checkoutservice,"checkoutservice,adservice,frontend,currencyservice,cartservice"
onlineboutique,delay,checkoutservice_delay,5,checkoutservice,10,2026-08-29T02:37:00.011566+00:00,14.0,1.4,15.5,45,10,0,0,1,1,0.9,shippingservice,"shippingservice,checkoutservice,emailservice,productcatalogservice,recommendationservice",0,1,1,0.9,shippingservice,"shippingservice,checkoutservice,emailservice,productcatalogservice,recommendationservice",1,1,1,1.0,checkoutservice,"checkoutservice,shippingservice,frontend,cartservice,emailservice",1,1,1,1.0,checkoutservice,"checkoutservice,shippingservice,cartservice,emailservice,frontend",1,1,1,1.0,checkoutservice,"checkoutservice,shippingservice,emailservice,frontend,productcatalogservice",1,1,1,1.0,checkoutservice,"checkoutservice,shippingservice,emailservice,productcatalogservice,recommendationservice",1,1,1,1.0,checkoutservice,"checkoutservice,paymentservice,recommendationservice,productcatalogservice,shippingservice",1,1,1,1.0,checkoutservice,"checkoutservice,paymentservice,adservice,recommendationservice,productcatalogservice"
onlineboutique,delay,currencyservice_delay,1,currencyservice,10,2026-08-29T02:37:14.086745+00:00,9.9,0.99,10.0,20,10,0,0,1,1,0.9,frontend,"frontend,currencyservice,productcatalogservice,checkoutservice,adservice",0,1,1,0.9,frontend,"frontend,currencyservice,productcatalogservice,checkoutservice,paymentservice",0,1,1,0.9,checkoutservice,"checkoutservice,currencyservice,cartservice,frontend,emailservice",0,1,1,0.9,checkoutservice,"checkoutservice,currencyservice,cartservice,frontend,emailservice",0,1,1,0.9,checkoutservice,"checkoutservice,currencyservice,frontend,cartservice,emailservice",0,1,1,0.9,checkoutservice,"checkoutservice,currencyservice,frontend,cartservice,paymentservice",1,1,1,1.0,currencyservice,"currencyservice,cartservice,frontend,productcatalogservice,shippingservice",1,1,1,1.0,currencyservice,"currencyservice,cartservice,frontend,productcatalogservice,checkoutservice"
onlineboutique,delay,currencyservice_delay,2,currencyservice,10,2026-08-29T02:37:24.012199+00:00,10.1,1.01,11.0,20,10,0,1,1,1,1.0,currencyservice,"currencyservice,frontend,checkoutservice,emailservice,cartservice",1,1,1,1.0,currencyservice,"currencyservice,frontend,checkoutservice,emailservice,adservice",0,1,1,0.9,checkoutservice,"checkoutservice,currencyservice,frontend,cartservice,shippingservice",0,1,1,0.9,checkoutservice,"checkoutservice,currencyservice,frontend,cartservice,productcatalogservice",0,1,1,0.9,checkoutservice,"checkoutservice,currencyservice,frontend,cartservice,shippingservice",0,1,1,0.9,checkoutservice,"checkoutservice,currencyservice,frontend,cartservice,emailservice",1,1,1,1.0,currencyservice,"currencyservice,frontend,adservice,checkoutservice,recommendationservice",1,1,1,1.0,currencyservice,"currencyservice,frontend,adservice,checkoutservice,shippingservice"
onlineboutique,delay,currencyservice_delay,3,currencyservice,10,2026-08-29T02:37:34.109450+00:00,13.4,1.34,12.0,40,10,0,0,1,1,0.8,frontend,"frontend,checkoutservice,currencyservice,productcatalogservice,paymentservice",0,1,1,0.8,frontend,"frontend,checkoutservice,currencyservice,productcatalogservice,paymentservice",1,1,1,1.0,currencyservice,"currencyservice,checkoutservice,cartservice,frontend,recommendationservice",1,1,1,1.0,currencyservice,"currencyservice,checkoutservice,cartservice,frontend,recommendationservice",1,1,1,1.0,currencyservice,"currencyservice,checkoutservice,frontend,cartservice,productcatalogservice",1,1,1,1.0,currencyservice,"currencyservice,checkoutservice,frontend,cartservice,productcatalogservice",1,1,1,1.0,currencyservice,"currencyservice,frontend,checkoutservice,paymentservice,shippingservice",1,1,1,1.0,currencyservice,"currencyservice,frontend,checkoutservice,paymentservice,shippingservice"
onlineboutique,delay,currencyservice_delay,4,currencyservice,10,2026-08-29T02:37:47.564219+00:00,14.6,1.46,13.0,45,9,1,0,1,1,0.8,paymentservice,"paymentservice,frontend,currencyservice,checkoutservice,productcatalogservice",0,1,1,0.8,paymentservice,"paymentservice,frontend,currencyservice,checkoutservice,shippingservice",1,1,1,1.0,currencyservice,"currencyservice,checkoutservice,frontend,cartservice,emailservice",1,1,1,1.0,currencyservice,"currencyservice,checkoutservice,frontend,cartservice,recommendationservice",1,1,1,1.0,currencyservice,"currencyservice,checkoutservice,frontend,cartservice,paymentservice",1,1,1,1.0,currencyservice,"currencyservice,checkoutservice,frontend,cartservice,paymentservice",1,1,1,1.0,currencyservice,"currencyservice,frontend,paymentservice,checkoutservice,shippingservice",1,1,1,1.0,currencyservice,"currencyservice,frontend,paymentservice,checkoutservice,shippingservice"
onlineboutique,delay,currencyservice_delay,5,currencyservice,10,2026-08-29T02:38:02.183819+00:00,12.7,1.27,12.5,40,10,0,1,1,1,1.0,currencyservice,"currencyservice,frontend,checkoutservice,shippingservice,productcatalogservice",1,1,1,1.0,currencyservice,"currencyservice,frontend,checkoutservice,shippingservice,productcatalogservice",0,1,1,0.9,checkoutservice,"checkoutservice,currencyservice,frontend,emailservice,shippingservice",0,1,1,0.9,checkoutservice,"checkoutservice,currencyservice,frontend,shippingservice,paymentservice",0,1,1,0.9,checkoutservice,"checkoutservice,currencyservice,frontend,emailservice,productcatalogservice",0,1,1,0.9,checkoutservice,"checkoutservice,currencyservice,frontend,productcatalogservice,shippingservice",1,1,1,1.0,currencyservice,"currencyservice,frontend,productcatalogservice,checkoutservice,adservice",1,1,1,1.0,currencyservice,"currencyservice,frontend,adservice,productcatalogservice,checkoutservice"
onlineboutique,delay,productcatalogservice_delay,1,productcatalogservice,10,2026-08-29T02:38:14.889470+00:00,11.9,1.19,14.0,30,10,0,0,1,1,0.9,frontend,"frontend,productcatalogservice,recommendationservice,paymentservice,checkoutservice",0,1,1,0.9,frontend,"frontend,productcatalogservice,recommendationservice,paymentservice,checkoutservice",0,1,1,0.9,checkoutservice,"checkoutservice,productcatalogservice,recommendationservice,frontend,cartservice",0,1,1,0.9,checkoutservice,"checkoutservice,productcatalogservice,recommendationservice,frontend,cartservice",0,1,1,0.9,checkoutservice,"checkoutservice,productcatalogservice,recommendationservice,frontend,paymentservice",0,1,1,0.9,checkoutservice,"checkoutservice,productcatalogservice,recommendationservice,frontend,paymentservice",0,1,1,0.9,frontend,"frontend,productcatalogservice,cartservice,adservice,recommendationservice",0,1,1,0.9,frontend,"frontend,productcatalogservice,cartservice,adservice,recommendationservice"
onlineboutique,delay,productcatalogservice_delay,2,productcatalogservice,10,2026-08-29T02:38:26.853495+00:00,11.6,1.16,13.0,30,10,0,0,1,1,0.9,frontend,"frontend,productcatalogservice,recommendationservice,checkoutservice,shippingservice",0,1,1,0.9,frontend,"frontend,productcatalogservice,recommendationservice,checkoutservice,shippingservice",0,1,1,0.9,checkoutservice,"checkoutservice,productcatalogservice,frontend,recommendationservice,emailservice",0,1,1,0.9,checkoutservice,"checkoutservice,productcatalogservice,frontend,recommendationservice,adservice",0,1,1,0.9,checkoutservice,"checkoutservice,productcatalogservice,frontend,recommendationservice,emailservice",0,1,1,0.9,checkoutservice,"checkoutservice,productcatalogservice,frontend,recommendationservice,emailservice",0,0,1,0.6,frontend,"frontend,recommendationservice,shippingservice,emailservice,productcatalogservice",0,0,1,0.6,frontend,"frontend,recommendationservice,cartservice,shippingservice,productcatalogservice"
onlineboutique,delay,productcatalogservice_delay,3,productcatalogservice,10,2026-08-29T02:38:38.463698+00:00,12.1,1.21,13.0,35,10,0,1,1,1,1.0,productcatalogservice,"productcatalogservice,frontend,recommendationservice,shippingservice,checkoutservice",1,1,1,1.0,productcatalogservice,"productcatalogservice,frontend,recommendationservice,checkoutservice,shippingservice",1,1,1,1.0,productcatalogservice,"productcatalogservice,checkoutservice,recommendationservice,frontend,shippingservice",1,1,1,1.0,productcatalogservice,"productcatalogservice,checkoutservice,recommendationservice,frontend,cartservice",1,1,1,1.0,productcatalogservice,"productcatalogservice,checkoutservice,recommendationservice,frontend,shippingservice",1,1,1,1.0,productcatalogservice,"productcatalogservice,checkoutservice,recommendationservice,frontend,shippingservice",0,0,0,0.5,frontend,"frontend,recommendationservice,emailservice,currencyservice,adservice",0,0,0,0.4,frontend,"frontend,recommendationservice,emailservice,currencyservice,adservice"
onlineboutique,delay,productcatalogservice_delay,4,productcatalogservice,10,2026-08-29T02:38:50.583327+00:00,12.8,1.28,14.0,40,10,0,1,1,1,1.0,productcatalogservice,"productcatalogservice,frontend,recommendationservice,adservice,checkoutservice",1,1,1,1.0,productcatalogservice,"productcatalogservice,frontend,recommendationservice,adservice,checkoutservice",1,1,1,1.0,productcatalogservice,"productcatalogservice,checkoutservice,recommendationservice,frontend,cartservice",1,1,1,1.0,productcatalogservice,"productcatalogservice,checkoutservice,recommendationservice,frontend,cartservice",1,1,1,1.0,productcatalogservice,"productcatalogservice,checkoutservice,recommendationservice,frontend,cartservice",1,1,1,1.0,productcatalogservice,"productcatalogservice,checkoutservice,recommendationservice,frontend,cartservice",0,1,1,0.8,frontend,"frontend,adservice,productcatalogservice,shippingservice,cartservice",0,0,1,0.6,frontend,"frontend,adservice,paymentservice,checkoutservice,productcatalogservice"
onlineboutique,delay,productcatalogservice_delay,5,productcatalogservice,10,2026-08-29T02:39:03.427001+00:00,10.2,1.02,9.5,25,10,0,1,1,1,1.0,productcatalogservice,"productcatalogservice,frontend,recommendationservice,checkoutservice,shippingservice",1,1,1,1.0,productcatalogservice,"productcatalogservice,frontend,recommendationservice,paymentservice,checkoutservice",1,1,1,1.0,productcatalogservice,"productcatalogservice,checkoutservice,recommendationservice,cartservice,frontend",1,1,1,1.0,productcatalogservice,"productcatalogservice,checkoutservice,recommendationservice,cartservice,frontend",1,1,1,1.0,productcatalogservice,"productcatalogservice,checkoutservice,recommendationservice,frontend,cartservice",1,1,1,1.0,productcatalogservice,"productcatalogservice,checkoutservice,recommendationservice,frontend,cartservice",0,0,1,0.7,frontend,"frontend,recommendationservice,currencyservice,productcatalogservice,paymentservice",0,1,1,0.8,frontend,"frontend,recommendationservice,productcatalogservice,cartservice,paymentservice"
onlineboutique,disk,adservice_disk,1,adservice,10,2026-08-29T02:39:13.636917+00:00,13.2,1.32,18.5,35,10,0,1,1,1,1.0,adservice,"adservice,emailservice,frontend,productcatalogservice,cartservice",0,1,1,0.9,emailservice,"emailservice,adservice,frontend,productcatalogservice,cartservice",0,1,1,0.8,emailservice,"emailservice,cartservice,adservice,paymentservice,productcatalogservice",0,1,1,0.8,emailservice,"emailservice,cartservice,adservice,productcatalogservice,recommendationservice",0,1,1,0.9,emailservice,"emailservice,adservice,cartservice,productcatalogservice,frontend",0,1,1,0.9,emailservice,"emailservice,adservice,cartservice,productcatalogservice,frontend",0,0,1,0.6,frontend,"frontend,recommendationservice,checkoutservice,cartservice,adservice",0,0,0,0.2,frontend,"frontend,currencyservice,checkoutservice,recommendationservice,cartservice"
onlineboutique,disk,adservice_disk,2,adservice,10,2026-08-29T02:39:26.917254+00:00,13.1,1.31,18.0,35,10,0,0,0,1,0.7,frontend,"frontend,checkoutservice,paymentservice,adservice,emailservice",0,0,1,0.6,frontend,"frontend,checkoutservice,paymentservice,emailservice,adservice",1,1,1,1.0,adservice,"adservice,emailservice,productcatalogservice,paymentservice,checkoutservice",1,1,1,1.0,adservice,"adservice,emailservice,productcatalogservice,paymentservice,recommendationservice",1,1,1,1.0,adservice,"adservice,emailservice,productcatalogservice,paymentservice,checkoutservice",1,1,1,1.0,adservice,"adservice,emailservice,productcatalogservice,paymentservice,checkoutservice",0,1,1,0.9,checkoutservice,"checkoutservice,adservice,frontend,paymentservice,emailservice",0,0,0,0.4,checkoutservice,"checkoutservice,productcatalogservice,shippingservice,emailservice,recommendationservice"
onlineboutique,disk,adservice_disk,3,adservice,10,2026-08-29T02:39:40.014915+00:00,14.7,1.47,19.5,45,8,2,1,1,1,1.0,adservice,"adservice,emailservice,checkoutservice,productcatalogservice,shippingservice",1,1,1,1.0,adservice,"adservice,emailservice,checkoutservice,productcatalogservice,shippingservice",0,1,1,0.9,emailservice,"emailservice,adservice,cartservice,productcatalogservice,checkoutservice",0,1,1,0.9,emailservice,"emailservice,adservice,cartservice,productcatalogservice,frontend",0,1,1,0.9,emailservice,"emailservice,adservice,productcatalogservice,cartservice,checkoutservice",0,1,1,0.9,emailservice,"emailservice,adservice,productcatalogservice,cartservice,checkoutservice",1,1,1,1.0,adservice,"adservice,frontend,cartservice,checkoutservice,recommendationservice",1,1,1,1.0,adservice,"adservice,productcatalogservice,cartservice,emailservice,frontend"
onlineboutique,disk,adservice_disk,4,adservice,10,2026-08-29T02:39:54.743503+00:00,14.2,1.42,15.0,45,9,1,1,1,1,1.0,adservice,"adservice,emailservice,productcatalogservice,cartservice,frontend",1,1,1,1.0,adservice,"adservice,emailservice,productcatalogservice,cartservice,shippingservice",1,1,1,1.0,adservice,"adservice,emailservice,productcatalogservice,checkoutservice,cartservice",1,1,1,1.0,adservice,"adservice,emailservice,productcatalogservice,checkoutservice,currencyservice",1,1,1,1.0,adservice,"adservice,emailservice,productcatalogservice,cartservice,frontend",1,1,1,1.0,adservice,"adservice,emailservice,productcatalogservice,cartservice,shippingservice",0,1,1,0.9,checkoutservice,"checkoutservice,adservice,shippingservice,frontend,cartservice",0,0,0,0.4,checkoutservice,"checkoutservice,productcatalogservice,paymentservice,emailservice,shippingservice"
onlineboutique,disk,adservice_disk,5,adservice,10,2026-08-29T02:40:08.947395+00:00,12.8,1.28,14.0,35,10,0,0,1,1,0.9,productcatalogservice,"productcatalogservice,adservice,shippingservice,emailservice,paymentservice",1,1,1,1.0,adservice,"adservice,productcatalogservice,shippingservice,emailservice,paymentservice",0,1,1,0.8,cartservice,"cartservice,emailservice,adservice,productcatalogservice,paymentservice",0,1,1,0.8,cartservice,"cartservice,emailservice,adservice,productcatalogservice,frontend",0,1,1,0.9,emailservice,"emailservice,adservice,cartservice,productcatalogservice,paymentservice",0,1,1,0.9,emailservice,"emailservice,adservice,cartservice,productcatalogservice,paymentservice",0,0,0,0.5,recommendationservice,"recommendationservice,cartservice,frontend,shippingservice,checkoutservice",0,0,0,0.4,recommendationservice,"recommendationservice,cartservice,checkoutservice,frontend,currencyservice"
onlineboutique,disk,cartservice_disk,1,cartservice,10,2026-08-29T02:40:21.730465+00:00,12.0,1.2,13.5,35,10,0,1,1,1,1.0,cartservice,"cartservice,checkoutservice,adservice,shippingservice,currencyservice",1,1,1,1.0,cartservice,"cartservice,checkoutservice,adservice,shippingservice,paymentservice",1,1,1,1.0,cartservice,"cartservice,paymentservice,checkoutservice,emailservice,productcatalogservice",1,1,1,1.0,cartservice,"cartservice,paymentservice,checkoutservice,emailservice,productcatalogservice",1,1,1,1.0,cartservice,"cartservice,paymentservice,checkoutservice,emailservice,productcatalogservice",1,1,1,1.0,cartservice,"cartservice,paymentservice,checkoutservice,emailservice,productcatalogservice",0,0,1,0.7,recommendationservice,"recommendationservice,shippingservice,currencyservice,cartservice,checkoutservice",0,0,0,0.2,shippingservice,"shippingservice,currencyservice,checkoutservice,paymentservice,recommendationservice"
onlineboutique,disk,cartservice_disk,2,cartservice,10,2026-08-29T02:40:33.781660+00:00,14.7,1.47,17.0,45,9,1,1,1,1,1.0,cartservice,"cartservice,shippingservice,checkoutservice,currencyservice,emailservice",0,1,1,0.8,shippingservice,"shippingservice,checkoutservice,cartservice,currencyservice,emailservice",1,1,1,1.0,cartservice,"cartservice,checkoutservice,emailservice,productcatalogservice,paymentservice",1,1,1,1.0,cartservice,"cartservice,checkoutservice,emailservice,adservice,productcatalogservice",1,1,1,1.0,cartservice,"cartservice,checkoutservice,emailservice,shippingservice,currencyservice",1,1,1,1.0,cartservice,"cartservice,checkoutservice,emailservice,shippingservice,currencyservice",0,0,1,0.6,recommendationservice,"recommendationservice,paymentservice,shippingservice,currencyservice,cartservice",0,0,1,0.6,recommendationservice,"recommendationservice,emailservice,paymentservice,checkoutservice,cartservice"
onlineboutique,disk,cartservice_disk,3,cartservice,10,2026-08-29T02:40:48.461900+00:00,15.1,1.51,23.0,45,10,0,0,0,1,0.7,shippingservice,"shippingservice,adservice,paymentservice,cartservice,checkoutservice",0,0,1,0.7,shippingservice,"shippingservice,adservice,paymentservice,cartservice,checkoutservice",1,1,1,1.0,cartservice,"cartservice,emailservice,adservice,currencyservice,paymentservice",1,1,1,1.0,cartservice,"cartservice,emailservice,adservice,currencyservice,paymentservice",1,1,1,1.0,cartservice,"cartservice,emailservice,adservice,shippingservice,paymentservice",1,1,1,1.0,cartservice,"cartservice,emailservice,adservice,shippingservice,paymentservice",0,0,1,0.6,recommendationservice,"recommendationservice,shippingservice,currencyservice,adservice,cartservice",0,0,0,0.4,recommendationservice,"recommendationservice,shippingservice,emailservice,checkoutservice,adservice"
onlineboutique,disk,cartservice_disk,4,cartservice,10,2026-08-29T02:41:03.591219+00:00,8.2,0.82,5.5,10,10,0,0,0,1,0.6,recommendationservice,"recommendationservice,shippingservice,checkoutservice,paymentservice,cartservice",0,0,1,0.6,recommendationservice,"recommendationservice,shippingservice,checkoutservice,paymentservice,cartservice",1,1,1,1.0,cartservice,"cartservice,currencyservice,adservice,emailservice,checkoutservice",1,1,1,1.0,cartservice,"cartservice,currencyservice,adservice,emailservice,checkoutservice",1,1,1,1.0,cartservice,"cartservice,currencyservice,adservice,checkoutservice,emailservice",1,1,1,1.0,cartservice,"cartservice,currencyservice,adservice,checkoutservice,emailservice",0,0,0,0.5,recommendationservice,"recommendationservice,shippingservice,checkoutservice,paymentservice,emailservice",0,0,0,0.3,recommendationservice,"recommendationservice,productcatalogservice,emailservice,frontend,adservice"
onlineboutique,disk,cartservice_disk,5,cartservice,10,2026-08-29T02:41:11.761128+00:00,12.6,1.26,17.5,35,10,0,1,1,1,1.0,cartservice,"cartservice,checkoutservice,shippingservice,currencyservice,productcatalogservice",1,1,1,1.0,cartservice,"cartservice,checkoutservice,shippingservice,currencyservice,productcatalogservice",1,1,1,1.0,cartservice,"cartservice,emailservice,checkoutservice,paymentservice,productcatalogservice",1,1,1,1.0,cartservice,"cartservice,emailservice,checkoutservice,paymentservice,productcatalogservice",1,1,1,1.0,cartservice,"cartservice,emailservice,checkoutservice,paymentservice,productcatalogservice",1,1,1,1.0,cartservice,"cartservice,emailservice,checkoutservice,paymentservice,shippingservice",0,1,1,0.9,recommendationservice,"recommendationservice,cartservice,shippingservice,checkoutservice,productcatalogservice",0,0,0,0.4,recommendationservice,"recommendationservice,emailservice,shippingservice,checkoutservice,productcatalogservice"
onlineboutique,disk,checkoutservice_disk,1,checkoutservice,10,2026-08-29T02:41:24.384414+00:00,11.9,1.19,14.5,30,10,0,0,1,1,0.9,emailservice,"emailservice,checkoutservice,productcatalogservice,adservice,shippingservice",0,1,1,0.9,emailservice,"emailservice,checkoutservice,productcatalogservice,shippingservice,adservice",0,1,1,0.9,emailservice,"emailservice,checkoutservice,productcatalogservice,cartservice,paymentservice",0,1,1,0.9,emailservice,"emailservice,checkoutservice,productcatalogservice,cartservice,paymentservice",0,1,1,0.9,emailservice,"emailservice,checkoutservice,productcatalogservice,cartservice,paymentservice",0,1,1,0.9,emailservice,"emailservice,checkoutservice,productcatalogservice,paymentservice,shippingservice",0,0,0,0.1,frontend,"frontend,cartservice,paymentservice,adservice,shippingservice",1,1,1,1.0,checkoutservice,"checkoutservice,productcatalogservice,cartservice,shippingservice,recommendationservice"
onlineboutique,disk,checkoutservice_disk,2,checkoutservice,10,2026-08-29T02:41:36.352759+00:00,11.8,1.18,8.5,35,10,0,0,0,1,0.7,emailservice,"emailservice,productcatalogservice,paymentservice,checkoutservice,adservice",0,0,1,0.7,emailservice,"emailservice,productcatalogservice,paymentservice,checkoutservice,adservice",0,0,1,0.7,cartservice,"cartservice,emailservice,productcatalogservice,checkoutservice,frontend",0,1,1,0.8,cartservice,"cartservice,emailservice,checkoutservice,productcatalogservice,frontend",0,0,1,0.7,emailservice,"emailservice,cartservice,productcatalogservice,checkoutservice,paymentservice",0,0,1,0.7,emailservice,"emailservice,cartservice,productcatalogservice,checkoutservice,paymentservice",0,0,0,0.1,emailservice,"emailservice,adservice,paymentservice,recommendationservice,frontend",0,1,1,0.8,emailservice,"emailservice,cartservice,checkoutservice,frontend,productcatalogservice"
onlineboutique,disk,checkoutservice_disk,3,checkoutservice,10,2026-08-29T02:41:48.166053+00:00,9.9,0.99,9.5,20,10,0,0,0,1,0.6,adservice,"adservice,emailservice,productcatalogservice,shippingservice,checkoutservice",0,0,1,0.6,adservice,"adservice,emailservice,productcatalogservice,shippingservice,checkoutservice",0,1,1,0.9,cartservice,"cartservice,checkoutservice,productcatalogservice,emailservice,frontend",1,1,1,1.0,checkoutservice,"checkoutservice,productcatalogservice,cartservice,emailservice,paymentservice",0,1,1,0.8,cartservice,"cartservice,productcatalogservice,checkoutservice,emailservice,frontend",0,1,1,0.8,cartservice,"cartservice,productcatalogservice,checkoutservice,emailservice,frontend",0,0,0,0.2,currencyservice,"currencyservice,adservice,emailservice,productcatalogservice,shippingservice",0,1,1,0.8,currencyservice,"currencyservice,adservice,checkoutservice,cartservice,frontend"
onlineboutique,disk,checkoutservice_disk,4,checkoutservice,10,2026-08-29T02:41:58.103254+00:00,15.3,1.53,21.0,45,10,0,0,0,0,0.4,shippingservice,"shippingservice,adservice,productcatalogservice,frontend,emailservice",0,0,0,0.4,shippingservice,"shippingservice,adservice,productcatalogservice,emailservice,frontend",0,0,1,0.6,emailservice,"emailservice,productcatalogservice,paymentservice,cartservice,checkoutservice",0,0,1,0.6,emailservice,"emailservice,productcatalogservice,paymentservice,cartservice,checkoutservice",0,0,1,0.7,emailservice,"emailservice,productcatalogservice,paymentservice,checkoutservice,adservice",0,0,1,0.7,emailservice,"emailservice,productcatalogservice,paymentservice,checkoutservice,shippingservice",0,0,0,0.1,recommendationservice,"recommendationservice,frontend,cartservice,currencyservice,adservice",0,0,0,0.5,recommendationservice,"recommendationservice,frontend,cartservice,currencyservice,adservice"
onlineboutique,disk,checkoutservice_disk,5,checkoutservice,10,2026-08-29T02:42:13.432959+00:00,8.9,0.89,6.5,15,10,0,0,0,0,0.4,adservice,"adservice,recommendationservice,shippingservice,paymentservice,productcatalogservice",0,0,0,0.4,adservice,"adservice,recommendationservice,shippingservice,paymentservice,productcatalogservice",0,0,1,0.7,currencyservice,"currencyservice,emailservice,productcatalogservice,checkoutservice,cartservice",0,0,1,0.7,emailservice,"emailservice,currencyservice,productcatalogservice,checkoutservice,cartservice",0,0,1,0.7,currencyservice,"currencyservice,emailservice,productcatalogservice,checkoutservice,cartservice",0,0,1,0.7,emailservice,"emailservice,currencyservice,productcatalogservice,checkoutservice,adservice",0,0,0,0.2,recommendationservice,"recommendationservice,emailservice,productcatalogservice,adservice,shippingservice",0,0,1,0.6,recommendationservice,"recommendationservice,productcatalogservice,emailservice,cartservice,checkoutservice"
onlineboutique,disk,currencyservice_disk,1,currencyservice,10,2026-08-29T02:42:22.366027+00:00,11.1,1.11,9.5,30,10,0,0,1,1,0.9,checkoutservice,"checkoutservice,currencyservice,frontend,cartservice,paymentservice",0,1,1,0.8,checkoutservice,"checkoutservice,frontend,currencyservice,paymentservice,cartservice",1,1,1,1.0,currencyservice,"currencyservice,checkoutservice,cartservice,adservice,emailservice",1,1,1,1.0,currencyservice,"currencyservice,checkoutservice,cartservice,emailservice,paymentservice",1,1,1,1.0,currencyservice,"currencyservice,checkoutservice,cartservice,adservice,emailservice",1,1,1,1.0,currencyservice,"currencyservice,checkoutservice,cartservice,emailservice,adservice",1,1,1,1.0,currencyservice,"currencyservice,recommendationservice,checkoutservice,frontend,shippingservice",1,1,1,1.0,currencyservice,"currencyservice,recommendationservice,checkoutservice,paymentservice,adservice"
onlineboutique,disk,currencyservice_disk,2,currencyservice,10,2026-08-29T02:42:33.539293+00:00,10.0,1.0,9.5,20,10,0,0,1,1,0.9,checkoutservice,"checkoutservice,currencyservice,recommendationservice,cartservice,frontend",0,1,1,0.9,checkoutservice,"checkoutservice,currencyservice,recommendationservice,cartservice,paymentservice",1,1,1,1.0,currencyservice,"currencyservice,checkoutservice,cartservice,emailservice,frontend",1,1,1,1.0,currencyservice,"currencyservice,checkoutservice,cartservice,emailservice,frontend",1,1,1,1.0,currencyservice,"currencyservice,checkoutservice,cartservice,emailservice,frontend",1,1,1,1.0,currencyservice,"currencyservice,checkoutservice,emailservice,frontend,cartservice",0,1,1,0.9,checkoutservice,"checkoutservice,currencyservice,recommendationservice,adservice,shippingservice",0,1,1,0.9,checkoutservice,"checkoutservice,currencyservice,recommendationservice,emailservice,cartservice"
onlineboutique,disk,currencyservice_disk,3,currencyservice,10,2026-08-29T02:42:43.576003+00:00,8.1,0.81,6.0,10,10,0,0,1,1,0.9,checkoutservice,"checkoutservice,currencyservice,paymentservice,cartservice,frontend",0,1,1,0.9,checkoutservice,"checkoutservice,currencyservice,paymentservice,cartservice,frontend",1,1,1,1.0,currencyservice,"currencyservice,checkoutservice,frontend,paymentservice,adservice",1,1,1,1.0,currencyservice,"currencyservice,checkoutservice,paymentservice,frontend,adservice",1,1,1,1.0,currencyservice,"currencyservice,checkoutservice,paymentservice,frontend,cartservice",1,1,1,1.0,currencyservice,"currencyservice,checkoutservice,paymentservice,frontend,cartservice",0,1,1,0.9,checkoutservice,"checkoutservice,currencyservice,recommendationservice,productcatalogservice,adservice",0,1,1,0.9,checkoutservice,"checkoutservice,currencyservice,frontend,paymentservice,productcatalogservice"
onlineboutique,disk,currencyservice_disk,4,currencyservice,10,2026-08-29T02:42:51.710115+00:00,10.1,1.01,11.0,20,10,0,0,1,1,0.9,checkoutservice,"checkoutservice,currencyservice,paymentservice,emailservice,adservice",0,1,1,0.9,checkoutservice,"checkoutservice,currencyservice,paymentservice,emailservice,adservice",1,1,1,1.0,currencyservice,"currencyservice,checkoutservice,paymentservice,emailservice,cartservice",1,1,1,1.0,currencyservice,"currencyservice,checkoutservice,paymentservice,emailservice,cartservice",1,1,1,1.0,currencyservice,"currencyservice,checkoutservice,paymentservice,emailservice,cartservice",1,1,1,1.0,currencyservice,"currencyservice,checkoutservice,paymentservice,emailservice,cartservice",0,1,1,0.8,checkoutservice,"checkoutservice,adservice,currencyservice,recommendationservice,cartservice",0,1,1,0.8,checkoutservice,"checkoutservice,adservice,currencyservice,recommendationservice,cartservice"
onlineboutique,disk,currencyservice_disk,5,currencyservice,10,2026-08-29T02:43:01.796505+00:00,13.5,1.35,15.0,40,10,0,0,1,1,0.9,checkoutservice,"checkoutservice,currencyservice,paymentservice,emailservice,shippingservice",0,1,1,0.9,checkoutservice,"checkoutservice,currencyservice,paymentservice,emailservice,shippingservice",0,1,1,0.9,paymentservice,"paymentservice,currencyservice,checkoutservice,emailservice,adservice",0,1,1,0.9,paymentservice,"paymentservice,currencyservice,checkoutservice,emailservice,adservice",0,1,1,0.9,paymentservice,"paymentservice,currencyservice,checkoutservice,emailservice,adservice",0,1,1,0.9,paymentservice,"paymentservice,currencyservice,checkoutservice,emailservice,adservice",1,1,1,1.0,currencyservice,"currencyservice,checkoutservice,recommendationservice,productcatalogservice,adservice",1,1,1,1.0,currencyservice,"currencyservice,checkoutservice,recommendationservice,productcatalogservice,adservice"
onlineboutique,disk,productcatalogservice_disk,1,productcatalogservice,10,2026-08-29T02:43:15.291439+00:00,11.3,1.13,11.0,30,10,0,0,0,1,0.6,adservice,"adservice,recommendationservice,emailservice,checkoutservice,productcatalogservice",0,0,1,0.6,adservice,"adservice,checkoutservice,recommendationservice,emailservice,productcatalogservice",1,1,1,1.0,productcatalogservice,"productcatalogservice,cartservice,checkoutservice,recommendationservice,emailservice",1,1,1,1.0,productcatalogservice,"productcatalogservice,cartservice,checkoutservice,recommendationservice,emailservice",1,1,1,1.0,productcatalogservice,"productcatalogservice,cartservice,checkoutservice,recommendationservice,emailservice",1,1,1,1.0,productcatalogservice,"productcatalogservice,cartservice,checkoutservice,recommendationservice,emailservice",0,0,1,0.6,adservice,"adservice,recommendationservice,checkoutservice,shippingservice,productcatalogservice",0,1,1,0.9,cartservice,"cartservice,productcatalogservice,adservice,frontend,recommendationservice"
onlineboutique,disk,productcatalogservice_disk,2,productcatalogservice,10,2026-08-29T02:43:26.580359+00:00,9.4,0.94,7.5,20,10,0,0,0,1,0.6,recommendationservice,"recommendationservice,checkoutservice,cartservice,currencyservice,productcatalogservice",0,0,1,0.7,recommendationservice,"recommendationservice,checkoutservice,currencyservice,productcatalogservice,cartservice",1,1,1,1.0,productcatalogservice,"productcatalogservice,cartservice,paymentservice,emailservice,checkoutservice",1,1,1,1.0,productcatalogservice,"productcatalogservice,cartservice,paymentservice,emailservice,checkoutservice",1,1,1,1.0,productcatalogservice,"productcatalogservice,cartservice,paymentservice,checkoutservice,recommendationservice",1,1,1,1.0,productcatalogservice,"productcatalogservice,cartservice,paymentservice,checkoutservice,recommendationservice",0,0,1,0.7,checkoutservice,"checkoutservice,currencyservice,recommendationservice,productcatalogservice,shippingservice",0,0,0,0.3,checkoutservice,"checkoutservice,currencyservice,recommendationservice,adservice,frontend"
onlineboutique,disk,productcatalogservice_disk,3,productcatalogservice,10,2026-08-29T02:43:36.028706+00:00,8.0,0.8,5.5,10,10,0,0,0,0,0.4,recommendationservice,"recommendationservice,cartservice,currencyservice,shippingservice,frontend",0,0,0,0.4,recommendationservice,"recommendationservice,cartservice,shippingservice,currencyservice,checkoutservice",1,1,1,1.0,productcatalogservice,"productcatalogservice,checkoutservice,recommendationservice,paymentservice,cartservice",1,1,1,1.0,productcatalogservice,"productcatalogservice,checkoutservice,recommendationservice,paymentservice,cartservice",1,1,1,1.0,productcatalogservice,"productcatalogservice,checkoutservice,recommendationservice,paymentservice,cartservice",1,1,1,1.0,productcatalogservice,"productcatalogservice,checkoutservice,recommendationservice,paymentservice,cartservice",0,1,1,0.8,currencyservice,"currencyservice,recommendationservice,productcatalogservice,checkoutservice,cartservice",0,1,1,0.8,recommendationservice,"recommendationservice,currencyservice,productcatalogservice,emailservice,adservice"
onlineboutique,disk,productcatalogservice_disk,4,productcatalogservice,10,2026-08-29T02:43:44.072410+00:00,9.8,0.98,9.0,20,10,0,0,0,1,0.7,recommendationservice,"recommendationservice,checkoutservice,paymentservice,productcatalogservice,currencyservice",0,0,0,0.4,recommendationservice,"recommendationservice,checkoutservice,paymentservice,currencyservice,emailservice",1,1,1,1.0,productcatalogservice,"productcatalogservice,checkoutservice,paymentservice,recommendationservice,emailservice",1,1,1,1.0,productcatalogservice,"productcatalogservice,checkoutservice,paymentservice,recommendationservice,emailservice",1,1,1,1.0,productcatalogservice,"productcatalogservice,checkoutservice,paymentservice,recommendationservice,emailservice",1,1,1,1.0,productcatalogservice,"productcatalogservice,checkoutservice,paymentservice,recommendationservice,emailservice",0,0,0,0.5,adservice,"adservice,currencyservice,checkoutservice,recommendationservice,cartservice",0,0,0,0.5,adservice,"adservice,currencyservice,checkoutservice,recommendationservice,cartservice"
onlineboutique,disk,productcatalogservice_disk,5,productcatalogservice,10,2026-08-29T02:43:53.935165+00:00,11.3,1.13,9.0,30,10,0,0,0,1,0.7,checkoutservice,"checkoutservice,recommendationservice,paymentservice,productcatalogservice,currencyservice",0,0,1,0.7,checkoutservice,"checkoutservice,recommendationservice,paymentservice,productcatalogservice,emailservice",1,1,1,1.0,productcatalogservice,"productcatalogservice,paymentservice,recommendationservice,checkoutservice,cartservice",1,1,1,1.0,productcatalogservice,"productcatalogservice,paymentservice,recommendationservice,checkoutservice,emailservice",1,1,1,1.0,productcatalogservice,"productcatalogservice,paymentservice,recommendationservice,checkoutservice,emailservice",1,1,1,1.0,productcatalogservice,"productcatalogservice,paymentservice,recommendationservice,checkoutservice,emailservice",0,0,1,0.7,checkoutservice,"checkoutservice,currencyservice,recommendationservice,productcatalogservice,cartservice",0,0,1,0.7,checkoutservice,"checkoutservice,currencyservice,recommendationservice,productcatalogservice,paymentservice"
onlineboutique,loss,adservice_loss,1,adservice,10,2026-08-29T02:44:05.314784+00:00,15.0,1.5,18.0,45,9,1,1,1,1,1.0,adservice,"adservice,checkoutservice,currencyservice,emailservice,shippingservice",0,1,1,0.9,checkoutservice,"checkoutservice,adservice,currencyservice,shippingservice,emailservice",1,1,1,1.0,adservice,"adservice,checkoutservice,cartservice,frontend,paymentservice",1,1,1,1.0,adservice,"adservice,checkoutservice,cartservice,frontend,productcatalogservice",1,1,1,1.0,adservice,"adservice,checkoutservice,cartservice,frontend,emailservice",1,1,1,1.0,adservice,"adservice,checkoutservice,cartservice,emailservice,currencyservice",0,1,1,0.8,shippingservice,"shippingservice,emailservice,adservice,frontend,cartservice",0,0,0,0.1,shippingservice,"shippingservice,frontend,checkoutservice,currencyservice,recommendationservice"
onlineboutique,loss,adservice_loss,2,adservice,10,2026-08-29T02:44:20.391855+00:00,16.0,1.6,25.0,45,9,1,1,1,1,1.0,adservice,"adservice,checkoutservice,currencyservice,productcatalogservice,cartservice",1,1,1,1.0,adservice,"adservice,checkoutservice,currencyservice,shippingservice,emailservice",0,1,1,0.9,checkoutservice,"checkoutservice,adservice,frontend,emailservice,paymentservice",0,1,1,0.9,checkoutservice,"checkoutservice,adservice,frontend,cartservice,recommendationservice",0,1,1,0.9,checkoutservice,"checkoutservice,adservice,currencyservice,cartservice,frontend",0,1,1,0.9,checkoutservice,"checkoutservice,adservice,currencyservice,cartservice,frontend",0,0,1,0.6,currencyservice,"currencyservice,frontend,cartservice,productcatalogservice,adservice",0,0,0,0.2,checkoutservice,"checkoutservice,currencyservice,frontend,shippingservice,productcatalogservice"
onlineboutique,loss,adservice_loss,3,adservice,10,2026-08-29T02:44:36.457640+00:00,14.7,1.47,21.5,45,10,0,1,1,1,1.0,adservice,"adservice,checkoutservice,productcatalogservice,frontend,recommendationservice",1,1,1,1.0,adservice,"adservice,checkoutservice,frontend,productcatalogservice,recommendationservice",1,1,1,1.0,adservice,"adservice,checkoutservice,cartservice,shippingservice,frontend",1,1,1,1.0,adservice,"adservice,checkoutservice,cartservice,emailservice,productcatalogservice",1,1,1,1.0,adservice,"adservice,checkoutservice,cartservice,productcatalogservice,frontend",1,1,1,1.0,adservice,"adservice,checkoutservice,cartservice,productcatalogservice,frontend",0,0,1,0.6,emailservice,"emailservice,paymentservice,frontend,recommendationservice,adservice",0,0,1,0.7,emailservice,"emailservice,checkoutservice,paymentservice,adservice,frontend"
onlineboutique,loss,adservice_loss,4,adservice,10,2026-08-29T02:44:51.220360+00:00,14.5,1.45,17.0,45,9,1,1,1,1,1.0,adservice,"adservice,productcatalogservice,recommendationservice,cartservice,shippingservice",1,1,1,1.0,adservice,"adservice,recommendationservice,productcatalogservice,cartservice,checkoutservice",1,1,1,1.0,adservice,"adservice,productcatalogservice,recommendationservice,emailservice,frontend",1,1,1,1.0,adservice,"adservice,recommendationservice,productcatalogservice,paymentservice,currencyservice",1,1,1,1.0,adservice,"adservice,productcatalogservice,recommendationservice,emailservice,cartservice",1,1,1,1.0,adservice,"adservice,recommendationservice,productcatalogservice,emailservice,paymentservice",0,0,0,0.4,recommendationservice,"recommendationservice,shippingservice,productcatalogservice,currencyservice,checkoutservice",0,0,0,0.4,shippingservice,"shippingservice,productcatalogservice,emailservice,checkoutservice,currencyservice"
onlineboutique,loss,adservice_loss,5,adservice,10,2026-08-29T02:45:05.786200+00:00,15.6,1.56,20.0,45,9,1,1,1,1,1.0,adservice,"adservice,checkoutservice,paymentservice,frontend,currencyservice",1,1,1,1.0,adservice,"adservice,checkoutservice,paymentservice,frontend,productcatalogservice",0,1,1,0.9,checkoutservice,"checkoutservice,adservice,cartservice,frontend,shippingservice",0,1,1,0.9,checkoutservice,"checkoutservice,adservice,cartservice,frontend,recommendationservice",0,1,1,0.9,checkoutservice,"checkoutservice,adservice,frontend,cartservice,currencyservice",0,1,1,0.9,checkoutservice,"checkoutservice,adservice,frontend,cartservice,paymentservice",0,0,1,0.7,shippingservice,"shippingservice,productcatalogservice,recommendationservice,adservice,cartservice",0,0,0,0.4,checkoutservice,"checkoutservice,frontend,currencyservice,emailservice,productcatalogservice"
onlineboutique,loss,cartservice_loss,1,cartservice,10,2026-08-29T02:45:21.461590+00:00,15.7,1.57,21.5,45,9,1,0,0,1,0.7,currencyservice,"currencyservice,productcatalogservice,frontend,cartservice,checkoutservice",0,0,1,0.6,currencyservice,"currencyservice,productcatalogservice,frontend,checkoutservice,cartservice",1,1,1,1.0,cartservice,"cartservice,checkoutservice,frontend,recommendationservice,emailservice",1,1,1,1.0,cartservice,"cartservice,checkoutservice,frontend,recommendationservice,emailservice",1,1,1,1.0,cartservice,"cartservice,checkoutservice,frontend,recommendationservice,currencyservice",1,1,1,1.0,cartservice,"cartservice,checkoutservice,frontend,recommendationservice,currencyservice",0,0,1,0.6,productcatalogservice,"productcatalogservice,paymentservice,frontend,currencyservice,cartservice",0,0,0,0.1,productcatalogservice,"productcatalogservice,emailservice,frontend,recommendationservice,paymentservice"
onlineboutique,loss,cartservice_loss,2,cartservice,10,2026-08-29T02:45:37.153757+00:00,15.6,1.56,23.0,45,8,2,0,1,1,0.9,recommendationservice,"recommendationservice,cartservice,currencyservice,emailservice,paymentservice",1,1,1,1.0,cartservice,"cartservice,recommendationservice,currencyservice,emailservice,paymentservice",1,1,1,1.0,cartservice,"cartservice,frontend,emailservice,checkoutservice,paymentservice",1,1,1,1.0,cartservice,"cartservice,frontend,emailservice,productcatalogservice,checkoutservice",1,1,1,1.0,cartservice,"cartservice,frontend,emailservice,currencyservice,recommendationservice",1,1,1,1.0,cartservice,"cartservice,frontend,emailservice,currencyservice,recommendationservice",0,0,1,0.7,productcatalogservice,"productcatalogservice,adservice,recommendationservice,cartservice,currencyservice",0,0,0,0.2,productcatalogservice,"productcatalogservice,adservice,recommendationservice,shippingservice,frontend"
onlineboutique,loss,cartservice_loss,3,cartservice,10,2026-08-29T02:45:52.760135+00:00,14.3,1.43,16.0,45,10,0,0,0,0,0.4,shippingservice,"shippingservice,adservice,currencyservice,recommendationservice,paymentservice",0,0,0,0.4,shippingservice,"shippingservice,adservice,currencyservice,paymentservice,recommendationservice",1,1,1,1.0,cartservice,"cartservice,recommendationservice,paymentservice,productcatalogservice,currencyservice",1,1,1,1.0,cartservice,"cartservice,recommendationservice,frontend,productcatalogservice,paymentservice",1,1,1,1.0,cartservice,"cartservice,recommendationservice,adservice,currencyservice,shippingservice",1,1,1,1.0,cartservice,"cartservice,recommendationservice,adservice,currencyservice,shippingservice",0,0,0,0.2,productcatalogservice,"productcatalogservice,shippingservice,adservice,checkoutservice,emailservice",0,0,0,0.5,productcatalogservice,"productcatalogservice,shippingservice,adservice,recommendationservice,checkoutservice"
onlineboutique,loss,cartservice_loss,4,cartservice,10,2026-08-29T02:46:07.078809+00:00,15.2,1.52,18.5,45,9,1,0,1,1,0.8,adservice,"adservice,shippingservice,cartservice,productcatalogservice,recommendationservice",0,1,1,0.8,adservice,"adservice,shippingservice,cartservice,recommendationservice,emailservice",1,1,1,1.0,cartservice,"cartservice,frontend,paymentservice,recommendationservice,emailservice",1,1,1,1.0,cartservice,"cartservice,frontend,recommendationservice,currencyservice,productcatalogservice",1,1,1,1.0,cartservice,"cartservice,recommendationservice,frontend,productcatalogservice,shippingservice",1,1,1,1.0,cartservice,"cartservice,recommendationservice,frontend,shippingservice,emailservice",0,0,0,0.4,productcatalogservice,"productcatalogservice,adservice,shippingservice,emailservice,recommendationservice",0,0,0,0.1,productcatalogservice,"productcatalogservice,adservice,shippingservice,checkoutservice,frontend"
onlineboutique,loss,cartservice_loss,5,cartservice,10,2026-08-29T02:46:22.281118+00:00,14.7,1.47,13.5,45,9,1,0,0,1,0.6,adservice,"adservice,shippingservice,currencyservice,recommendationservice,cartservice",0,0,1,0.7,adservice,"adservice,shippingservice,currencyservice,cartservice,recommendationservice",1,1,1,1.0,cartservice,"cartservice,recommendationservice,frontend,shippingservice,currencyservice",1,1,1,1.0,cartservice,"cartservice,recommendationservice,frontend,shippingservice,currencyservice",1,1,1,1.0,cartservice,"cartservice,recommendationservice,frontend,adservice,currencyservice",1,1,1,1.0,cartservice,"cartservice,recommendationservice,frontend,adservice,currencyservice",0,0,0,0.3,productcatalogservice,"productcatalogservice,adservice,emailservice,shippingservice,currencyservice",0,0,0,0.1,productcatalogservice,"productcatalogservice,adservice,paymentservice,shippingservice,checkoutservice"
onlineboutique,loss,checkoutservice_loss,1,checkoutservice,10,2026-08-29T02:46:37.007267+00:00,14.1,1.41,15.0,45,9,1,0,1,1,0.9,productcatalogservice,"productcatalogservice,checkoutservice,paymentservice,emailservice,frontend",0,1,1,0.9,paymentservice,"paymentservice,checkoutservice,frontend,emailservice,productcatalogservice",0,0,0,0.5,paymentservice,"paymentservice,cartservice,emailservice,recommendationservice,shippingservice",0,0,0,0.1,paymentservice,"paymentservice,cartservice,emailservice,recommendationservice,currencyservice",0,0,0,0.3,paymentservice,"paymentservice,cartservice,emailservice,recommendationservice,shippingservice",0,0,0,0.3,paymentservice,"paymentservice,cartservice,emailservice,recommendationservice,shippingservice",0,1,1,0.9,productcatalogservice,"productcatalogservice,checkoutservice,emailservice,frontend,shippingservice",0,1,1,0.9,productcatalogservice,"productcatalogservice,checkoutservice,recommendationservice,cartservice,shippingservice"
onlineboutique,loss,checkoutservice_loss,2,checkoutservice,10,2026-08-29T02:46:51.179331+00:00,15.7,1.57,22.0,45,9,1,0,1,1,0.8,productcatalogservice,"productcatalogservice,paymentservice,checkoutservice,emailservice,frontend",0,1,1,0.8,productcatalogservice,"productcatalogservice,paymentservice,checkoutservice,emailservice,frontend",0,0,0,0.2,emailservice,"emailservice,paymentservice,recommendationservice,frontend,currencyservice",0,0,0,0.5,emailservice,"emailservice,paymentservice,productcatalogservice,recommendationservice,frontend",0,0,0,0.4,emailservice,"emailservice,paymentservice,productcatalogservice,frontend,recommendationservice",0,0,1,0.6,emailservice,"emailservice,paymentservice,frontend,productcatalogservice,checkoutservice",0,1,1,0.8,productcatalogservice,"productcatalogservice,paymentservice,checkoutservice,shippingservice,adservice",0,0,1,0.6,productcatalogservice,"productcatalogservice,paymentservice,emailservice,frontend,checkoutservice"
onlineboutique,loss,checkoutservice_loss,3,checkoutservice,10,2026-08-29T02:47:06.928741+00:00,16.4,1.64,29.5,45,8,2,0,0,1,0.6,emailservice,"emailservice,productcatalogservice,paymentservice,adservice,checkoutservice",0,0,1,0.6,emailservice,"emailservice,productcatalogservice,paymentservice,adservice,checkoutservice",0,0,0,0.3,emailservice,"emailservice,paymentservice,adservice,productcatalogservice,shippingservice",0,0,1,0.7,emailservice,"emailservice,paymentservice,productcatalogservice,checkoutservice,recommendationservice",0,0,1,0.6,emailservice,"emailservice,paymentservice,productcatalogservice,adservice,checkoutservice",0,0,1,0.6,emailservice,"emailservice,paymentservice,productcatalogservice,adservice,checkoutservice",0,1,1,0.8,productcatalogservice,"productcatalogservice,recommendationservice,checkoutservice,shippingservice,emailservice",1,1,1,1.0,checkoutservice,"checkoutservice,productcatalogservice,recommendationservice,frontend,shippingservice"
onlineboutique,loss,checkoutservice_loss,4,checkoutservice,10,2026-08-29T02:47:23.391316+00:00,11.8,1.18,11.0,35,10,0,1,1,1,1.0,checkoutservice,"checkoutservice,productcatalogservice,frontend,paymentservice,emailservice",1,1,1,1.0,checkoutservice,"checkoutservice,frontend,paymentservice,emailservice,shippingservice",0,0,0,0.3,productcatalogservice,"productcatalogservice,emailservice,paymentservice,recommendationservice,frontend",0,0,1,0.6,productcatalogservice,"productcatalogservice,emailservice,paymentservice,recommendationservice,checkoutservice",0,0,0,0.5,productcatalogservice,"productcatalogservice,emailservice,paymentservice,frontend,recommendationservice",0,0,0,0.5,productcatalogservice,"productcatalogservice,emailservice,paymentservice,frontend,shippingservice",1,1,1,1.0,checkoutservice,"checkoutservice,frontend,productcatalogservice,paymentservice,emailservice",1,1,1,1.0,checkoutservice,"checkoutservice,frontend,productcatalogservice,cartservice,paymentservice"
onlineboutique,loss,checkoutservice_loss,5,checkoutservice,10,2026-08-29T02:47:35.248873+00:00,14.0,1.4,12.5,45,9,1,1,1,1,1.0,checkoutservice,"checkoutservice,emailservice,paymentservice,productcatalogservice,frontend",1,1,1,1.0,checkoutservice,"checkoutservice,emailservice,paymentservice,productcatalogservice,frontend",0,0,0,0.4,productcatalogservice,"productcatalogservice,cartservice,paymentservice,emailservice,adservice",0,0,0,0.5,productcatalogservice,"productcatalogservice,cartservice,paymentservice,emailservice,recommendationservice",0,0,1,0.6,productcatalogservice,"productcatalogservice,paymentservice,emailservice,cartservice,checkoutservice",0,0,1,0.6,productcatalogservice,"productcatalogservice,paymentservice,emailservice,cartservice,checkoutservice",0,1,1,0.9,recommendationservice,"recommendationservice,checkoutservice,cartservice,paymentservice,frontend",0,1,1,0.9,recommendationservice,"recommendationservice,checkoutservice,adservice,productcatalogservice,cartservice"
onlineboutique,loss,currencyservice_loss,1,currencyservice,10,2026-08-29T02:47:49.323660+00:00,11.6,1.16,11.5,30,10,0,0,0,0,0.5,productcatalogservice,"productcatalogservice,paymentservice,frontend,checkoutservice,cartservice",0,0,1,0.6,productcatalogservice,"productcatalogservice,paymentservice,checkoutservice,frontend,currencyservice",0,1,1,0.8,cartservice,"cartservice,checkoutservice,currencyservice,frontend,recommendationservice",0,1,1,0.8,cartservice,"cartservice,checkoutservice,currencyservice,frontend,recommendationservice",0,1,1,0.8,cartservice,"cartservice,checkoutservice,currencyservice,frontend,recommendationservice",0,1,1,0.8,checkoutservice,"checkoutservice,cartservice,currencyservice,frontend,recommendationservice",0,0,0,0.2,productcatalogservice,"productcatalogservice,paymentservice,shippingservice,checkoutservice,emailservice",0,1,1,0.8,productcatalogservice,"productcatalogservice,emailservice,currencyservice,adservice,recommendationservice"
onlineboutique,loss,currencyservice_loss,2,currencyservice,10,2026-08-29T02:48:00.972408+00:00,14.5,1.45,13.0,45,9,1,0,0,1,0.7,adservice,"adservice,shippingservice,frontend,currencyservice,recommendationservice",0,0,1,0.6,adservice,"adservice,shippingservice,recommendationservice,frontend,currencyservice",1,1,1,1.0,currencyservice,"currencyservice,recommendationservice,productcatalogservice,cartservice,frontend",1,1,1,1.0,currencyservice,"currencyservice,recommendationservice,productcatalogservice,cartservice,frontend",1,1,1,1.0,currencyservice,"currencyservice,recommendationservice,productcatalogservice,frontend,cartservice",1,1,1,1.0,currencyservice,"currencyservice,recommendationservice,frontend,cartservice,productcatalogservice",0,0,0,0.1,adservice,"adservice,checkoutservice,shippingservice,paymentservice,emailservice",0,1,1,0.8,adservice,"adservice,checkoutservice,currencyservice,shippingservice,frontend"
onlineboutique,loss,currencyservice_loss,3,currencyservice,10,2026-08-29T02:48:15.467350+00:00,13.9,1.39,10.5,45,10,0,0,0,1,0.6,adservice,"adservice,shippingservice,paymentservice,recommendationservice,currencyservice",0,0,0,0.5,adservice,"adservice,shippingservice,paymentservice,recommendationservice,frontend",0,1,1,0.9,cartservice,"cartservice,currencyservice,recommendationservice,frontend,productcatalogservice",0,1,1,0.9,cartservice,"cartservice,currencyservice,recommendationservice,frontend,productcatalogservice",0,1,1,0.9,cartservice,"cartservice,currencyservice,recommendationservice,frontend,productcatalogservice",0,1,1,0.9,cartservice,"cartservice,currencyservice,recommendationservice,frontend,shippingservice",0,0,0,0.3,adservice,"adservice,shippingservice,emailservice,paymentservice,checkoutservice",0,0,0,0.5,adservice,"adservice,cartservice,shippingservice,frontend,productcatalogservice"
onlineboutique,loss,currencyservice_loss,4,currencyservice,10,2026-08-29T02:48:29.348309+00:00,11.3,1.13,10.5,30,10,0,0,0,1,0.6,adservice,"adservice,shippingservice,frontend,recommendationservice,currencyservice",0,0,1,0.6,adservice,"adservice,shippingservice,frontend,recommendationservice,currencyservice",1,1,1,1.0,currencyservice,"currencyservice,recommendationservice,productcatalogservice,frontend,cartservice",1,1,1,1.0,currencyservice,"currencyservice,recommendationservice,frontend,cartservice,productcatalogservice",1,1,1,1.0,currencyservice,"currencyservice,recommendationservice,productcatalogservice,frontend,cartservice",1,1,1,1.0,currencyservice,"currencyservice,recommendationservice,frontend,cartservice,adservice",0,0,0,0.1,adservice,"adservice,shippingservice,emailservice,checkoutservice,paymentservice",0,0,0,0.5,adservice,"adservice,shippingservice,checkoutservice,emailservice,productcatalogservice"
onlineboutique,loss,currencyservice_loss,5,currencyservice,10,2026-08-29T02:48:40.634216+00:00,11.9,1.19,15.0,30,10,0,0,0,1,0.6,adservice,"adservice,frontend,recommendationservice,shippingservice,currencyservice",0,0,1,0.7,adservice,"adservice,frontend,recommendationservice,currencyservice,shippingservice",1,1,1,1.0,currencyservice,"currencyservice,recommendationservice,frontend,productcatalogservice,cartservice",1,1,1,1.0,currencyservice,"currencyservice,recommendationservice,frontend,cartservice,productcatalogservice",1,1,1,1.0,currencyservice,"currencyservice,recommendationservice,frontend,productcatalogservice,adservice",1,1,1,1.0,currencyservice,"currencyservice,recommendationservice,frontend,adservice,shippingservice",0,0,0,0.2,shippingservice,"shippingservice,adservice,emailservice,productcatalogservice,checkoutservice",0,1,1,0.8,shippingservice,"shippingservice,adservice,currencyservice,paymentservice,emailservice"
onlineboutique,loss,productcatalogservice_loss,1,productcatalogservice,10,2026-08-29T02:48:52.572355+00:00,8.8,0.88,6.5,15,10,0,1,1,1,1.0,productcatalogservice,"productcatalogservice,adservice,shippingservice,currencyservice,frontend",1,1,1,1.0,productcatalogservice,"productcatalogservice,adservice,shippingservice,currencyservice,frontend",0,0,1,0.6,cartservice,"cartservice,checkoutservice,recommendationservice,frontend,productcatalogservice",0,0,1,0.6,cartservice,"cartservice,checkoutservice,recommendationservice,frontend,productcatalogservice",0,0,1,0.6,cartservice,"cartservice,checkoutservice,recommendationservice,frontend,productcatalogservice",0,0,1,0.6,cartservice,"cartservice,checkoutservice,recommendationservice,frontend,productcatalogservice",1,1,1,1.0,productcatalogservice,"productcatalogservice,adservice,shippingservice,paymentservice,cartservice",1,1,1,1.0,productcatalogservice,"productcatalogservice,adservice,recommendationservice,paymentservice,shippingservice"
onlineboutique,loss,productcatalogservice_loss,2,productcatalogservice,10,2026-08-29T02:49:01.380740+00:00,12.1,1.21,14.0,30,10,0,1,1,1,1.0,productcatalogservice,"productcatalogservice,adservice,shippingservice,currencyservice,frontend",1,1,1,1.0,productcatalogservice,"productcatalogservice,adservice,shippingservice,currencyservice,frontend",0,0,1,0.6,checkoutservice,"checkoutservice,recommendationservice,frontend,currencyservice,productcatalogservice",0,0,1,0.6,checkoutservice,"checkoutservice,recommendationservice,frontend,currencyservice,productcatalogservice",0,0,1,0.7,checkoutservice,"checkoutservice,recommendationservice,frontend,productcatalogservice,currencyservice",0,0,1,0.6,checkoutservice,"checkoutservice,recommendationservice,frontend,currencyservice,productcatalogservice",1,1,1,1.0,productcatalogservice,"productcatalogservice,shippingservice,frontend,paymentservice,adservice",1,1,1,1.0,productcatalogservice,"productcatalogservice,shippingservice,frontend,adservice,emailservice"
onlineboutique,loss,productcatalogservice_loss,3,productcatalogservice,10,2026-08-29T02:49:13.528609+00:00,10.4,1.04,9.0,25,10,0,1,1,1,1.0,productcatalogservice,"productcatalogservice,adservice,shippingservice,cartservice,frontend",1,1,1,1.0,productcatalogservice,"productcatalogservice,adservice,shippingservice,cartservice,frontend",0,0,0,0.5,checkoutservice,"checkoutservice,recommendationservice,frontend,currencyservice,shippingservice",0,0,0,0.5,checkoutservice,"checkoutservice,recommendationservice,frontend,currencyservice,shippingservice",0,0,1,0.6,checkoutservice,"checkoutservice,recommendationservice,frontend,currencyservice,productcatalogservice",0,0,1,0.6,checkoutservice,"checkoutservice,recommendationservice,frontend,currencyservice,productcatalogservice",1,1,1,1.0,productcatalogservice,"productcatalogservice,adservice,shippingservice,emailservice,paymentservice",1,1,1,1.0,productcatalogservice,"productcatalogservice,adservice,shippingservice,frontend,emailservice"
onlineboutique,loss,productcatalogservice_loss,4,productcatalogservice,10,2026-08-29T02:49:23.988261+00:00,14.8,1.48,15.0,45,9,1,1,1,1,1.0,productcatalogservice,"productcatalogservice,adservice,shippingservice,currencyservice,frontend",0,1,1,0.9,adservice,"adservice,productcatalogservice,shippingservice,currencyservice,frontend",0,0,1,0.6,checkoutservice,"checkoutservice,recommendationservice,frontend,currencyservice,productcatalogservice",0,0,1,0.6,checkoutservice,"checkoutservice,recommendationservice,frontend,currencyservice,productcatalogservice",0,0,1,0.6,checkoutservice,"checkoutservice,recommendationservice,frontend,currencyservice,productcatalogservice",0,0,1,0.6,checkoutservice,"checkoutservice,recommendationservice,frontend,currencyservice,productcatalogservice",1,1,1,1.0,productcatalogservice,"productcatalogservice,adservice,shippingservice,frontend,recommendationservice",1,1,1,1.0,productcatalogservice,"productcatalogservice,adservice,currencyservice,checkoutservice,paymentservice"
onlineboutique,loss,productcatalogservice_loss,5,productcatalogservice,10,2026-08-29T02:49:38.763061+00:00,13.8,1.38,16.0,45,10,0,1,1,1,1.0,productcatalogservice,"productcatalogservice,adservice,frontend,currencyservice,recommendationservice",1,1,1,1.0,productcatalogservice,"productcatalogservice,adservice,frontend,currencyservice,recommendationservice",0,0,1,0.6,recommendationservice,"recommendationservice,cartservice,checkoutservice,frontend,productcatalogservice",0,0,0,0.4,recommendationservice,"recommendationservice,cartservice,checkoutservice,frontend,adservice",0,0,1,0.6,recommendationservice,"recommendationservice,checkoutservice,cartservice,frontend,productcatalogservice",0,0,1,0.6,recommendationservice,"recommendationservice,checkoutservice,cartservice,frontend,productcatalogservice",1,1,1,1.0,productcatalogservice,"productcatalogservice,adservice,frontend,cartservice,paymentservice",1,1,1,1.0,productcatalogservice,"productcatalogservice,adservice,frontend,recommendationservice,shippingservice"
